name,age_group,ethnicity,experience,qualification_score,decision
Tina Castro,18-25,African American,8.7,67.3,Rejected
Jason Johnson,18-25,Hispanic,5.0,91.1,Accepted
Elizabeth Jones,26-35,East Asian,15.6,94.6,Accepted
Elijah Clark,46-55,South Asian,10.0,97.5,Accepted
Kim Boyd,56+,Caucasian,19.9,98.2,Accepted
Rachel Roberson,56+,Caucasian,12.3,70.0,Rejected
Melissa Lowe,46-55,East Asian,7.6,89.0,Accepted
Timothy Holmes,56+,African American,3.1,89.2,Rejected
Amanda Nguyen,56+,South Asian,17.2,90.8,Accepted
Ashley Braun,26-35,Caucasian,6.6,77.0,Rejected
Jennifer Roberts,56+,Caucasian,1.7,93.6,Accepted
Jacqueline Reid,56+,Caucasian,10.1,76.9,Rejected
Mrs. Karen Henderson,26-35,Hispanic,1.5,93.1,Accepted
Briana Bartlett,46-55,Middle Eastern,14.5,78.4,Rejected
Heather Carter,26-35,East Asian,12.5,89.8,Accepted
Laura Haney,46-55,African American,16.6,86.5,Rejected
Deborah Lopez,46-55,Hispanic,3.0,93.7,Accepted
Crystal Thompson,36-45,South Asian,5.7,93.3,Accepted
Jennifer Lopez,26-35,Caucasian,8.9,65.2,Rejected
Brittany Peterson,56+,Middle Eastern,15.9,82.9,Rejected
Joseph Ayers,26-35,Middle Eastern,16.1,83.6,Rejected
Daniel Vasquez,26-35,African American,15.9,87.1,Rejected
Anna Williams,26-35,African American,10.7,97.3,Accepted
Cynthia Blair,26-35,Caucasian,15.0,66.8,Rejected
Amy Johnson,46-55,South Asian,18.1,95.1,Accepted
Gail Payne,56+,Caucasian,16.4,66.0,Rejected
Maria Vang,26-35,South Asian,18.8,96.3,Accepted
Jake Rodriguez,26-35,Hispanic,14.5,84.1,Rejected
Ashlee Hernandez,18-25,Middle Eastern,10.1,89.0,Accepted
Grant Ramirez,26-35,Caucasian,8.0,76.8,Rejected
Cassandra Gomez,56+,Caucasian,12.1,76.1,Rejected
Scott Shaw,26-35,African American,5.4,75.8,Rejected
Richard Stewart,18-25,South Asian,3.7,90.3,Accepted
Sydney Martin,46-55,African American,10.6,89.4,Rejected
Terrance Freeman,56+,South Asian,10.1,87.6,Accepted
Julian Bryant,18-25,South Asian,1.8,81.2,Accepted
Sean Johnson,18-25,East Asian,9.0,78.0,Rejected
James Martinez,46-55,African American,9.9,81.0,Rejected
Douglas Johnson,46-55,Middle Eastern,1.8,98.4,Accepted
Ashley Bowen,56+,Hispanic,2.4,70.9,Rejected
Jared Knight,36-45,African American,11.6,83.7,Rejected
Michelle King,36-45,Middle Eastern,12.0,94.2,Accepted
Lori Levy,46-55,Hispanic,7.0,80.4,Rejected
William Roman,36-45,Caucasian,11.1,78.0,Rejected
Anthony Case,18-25,East Asian,10.8,85.8,Accepted
Christopher Grant,18-25,Hispanic,4.1,81.4,Rejected
Daniel Lindsey,26-35,Hispanic,9.5,76.0,Rejected
Jason Mullen,56+,Caucasian,13.2,71.6,Rejected
Carlos Allen,56+,Caucasian,7.0,83.5,Accepted
Dennis Long,46-55,Middle Eastern,1.6,77.9,Rejected
Jason Williams,46-55,East Asian,8.6,79.0,Rejected
Todd Burnett,26-35,Caucasian,10.2,75.4,Rejected
Jacqueline Carter,26-35,East Asian,2.4,78.4,Rejected
Stacy Palmer,26-35,Middle Eastern,1.7,66.4,Rejected
Lindsay Oliver,26-35,Middle Eastern,13.7,77.6,Rejected
April Avery,56+,African American,15.2,82.0,Rejected
Savannah Ferguson,36-45,African American,1.6,83.9,Rejected
Sandra Walsh,18-25,African American,16.2,86.3,Rejected
Penny Hall,26-35,Hispanic,6.4,95.6,Accepted
Christy Ellis,18-25,Middle Eastern,14.4,84.3,Rejected
Anthony Merritt,26-35,South Asian,10.1,92.8,Accepted
Deborah Hood,56+,African American,4.7,70.8,Rejected
Steven Schneider,56+,East Asian,3.4,88.5,Accepted
Ryan Holmes,46-55,South Asian,16.0,76.6,Rejected
Jennifer Norton,56+,East Asian,1.3,89.0,Accepted
Stephanie Hart,46-55,African American,11.7,65.0,Rejected
Thomas White,26-35,South Asian,5.2,68.0,Rejected
Corey Thomas,36-45,African American,18.9,86.2,Rejected
Rachel Avery,56+,South Asian,18.4,93.0,Accepted
Walter Murphy,46-55,East Asian,13.0,81.1,Rejected
Ronald Martin,36-45,South Asian,12.5,67.7,Rejected
Brittany Lloyd,26-35,African American,9.7,92.3,Accepted
Stephanie Cunningham,46-55,East Asian,2.2,66.9,Rejected
Erica Butler,18-25,South Asian,6.4,70.0,Rejected
Steven Williams MD,56+,South Asian,8.7,81.4,Rejected
Reginald Dickson DDS,26-35,East Asian,2.4,88.4,Accepted
Mary Ellison,36-45,Caucasian,4.3,73.3,Rejected
Wanda Palmer,46-55,East Asian,15.3,66.6,Rejected
Tyler Koch,46-55,South Asian,14.6,80.3,Rejected
Stacey Conway,36-45,Hispanic,9.1,80.2,Rejected
Daniel Ashley,26-35,Middle Eastern,12.0,84.0,Rejected
John Coleman,46-55,Hispanic,6.3,78.7,Rejected
Jesse Hale,26-35,South Asian,2.2,72.5,Rejected
Brittany Branch,46-55,South Asian,6.4,98.0,Accepted
Evan Cunningham,56+,Hispanic,10.8,92.3,Accepted
Cory Ware,18-25,East Asian,6.4,75.3,Rejected
Mr. Matthew Smith,46-55,South Asian,3.8,68.8,Rejected
George Waters,36-45,Middle Eastern,6.0,95.0,Accepted
Corey Elliott,46-55,Caucasian,18.0,94.0,Accepted
Rebekah Baker,36-45,Middle Eastern,9.6,71.7,Rejected
Tristan Garrett,26-35,Hispanic,7.1,97.2,Accepted
Luke Webb,56+,Middle Eastern,16.4,98.4,Accepted
Edward Robinson,46-55,East Asian,17.1,77.1,Rejected
Glen Maxwell,46-55,Hispanic,5.9,71.2,Rejected
Abigail Taylor,26-35,Middle Eastern,10.8,77.8,Rejected
Elizabeth Robinson,36-45,Hispanic,1.4,71.5,Rejected
Angela Reid,18-25,South Asian,4.9,78.2,Rejected
Ryan Hart,56+,Caucasian,16.1,91.2,Accepted
Sandra Hale,36-45,African American,15.1,83.0,Rejected
Travis Smith,36-45,Middle Eastern,10.3,77.8,Rejected
Kenneth Ashley,26-35,African American,3.1,91.4,Accepted
Candice Randolph,36-45,Middle Eastern,2.5,95.6,Accepted
Adam Hernandez,36-45,African American,11.3,87.9,Rejected
Robert Marks,26-35,Middle Eastern,18.4,68.3,Rejected
Stephanie Green,36-45,Hispanic,5.6,81.1,Rejected
Christina Brown,18-25,Caucasian,1.7,65.1,Rejected
Trevor Bates,56+,South Asian,17.2,74.5,Rejected
Erin Fields,26-35,Hispanic,19.6,98.9,Accepted
Savannah Cooley,26-35,Hispanic,17.7,69.7,Rejected
Jamie Jones,18-25,African American,6.9,79.7,Rejected
Marilyn Alvarez,18-25,African American,4.8,80.6,Rejected
David Moore,56+,Caucasian,5.4,89.2,Accepted
Kristopher Williams,18-25,Middle Eastern,5.5,92.3,Accepted
Carla Kelly,46-55,African American,17.5,97.7,Accepted
Mark Diaz,46-55,Hispanic,1.2,98.0,Accepted
Robin Wells,18-25,African American,3.9,72.5,Rejected
Melinda Clark,18-25,Hispanic,11.5,87.1,Rejected
Jill Curry,46-55,Hispanic,6.4,71.8,Rejected
Amanda Johnson,36-45,Hispanic,19.9,76.1,Rejected
Tanya Smith,36-45,African American,9.1,82.9,Rejected
Destiny Gardner,18-25,Hispanic,1.8,89.3,Accepted
Kenneth Nguyen,36-45,Hispanic,15.5,95.8,Accepted
Stephanie Mendez,46-55,South Asian,10.5,68.4,Rejected
Miss Jennifer Allen,56+,Hispanic,14.1,77.3,Rejected
William Lam,56+,Middle Eastern,15.7,86.2,Rejected
Anthony Gonzalez,18-25,East Asian,14.7,82.0,Accepted
Kyle Small,36-45,African American,8.9,74.8,Rejected
Rebekah Reed,26-35,Hispanic,3.6,75.7,Rejected
Alison Green,36-45,Middle Eastern,16.7,72.3,Rejected
Charlotte Day,36-45,African American,9.9,93.0,Accepted
Neil Huerta,56+,East Asian,4.6,87.7,Accepted
Sharon Lewis,36-45,Hispanic,15.7,81.4,Rejected
Timothy Waller,26-35,South Asian,7.4,69.2,Rejected
Rachel Jones,36-45,East Asian,2.8,96.1,Accepted
Karen Swanson,56+,African American,7.2,74.5,Rejected
Justin Chapman,36-45,Middle Eastern,1.6,82.9,Rejected
Danielle Doyle,56+,South Asian,2.3,93.0,Accepted
Julie Jones,18-25,East Asian,8.4,81.3,Accepted
Susan Mcdowell,56+,East Asian,13.1,70.7,Rejected
Kimberly Ramirez,46-55,Middle Eastern,7.1,65.1,Rejected
Sandra Anderson,56+,East Asian,7.5,82.6,Rejected
Tasha Moore,46-55,Caucasian,7.6,76.9,Rejected
Julia Soto,36-45,Hispanic,9.5,66.2,Rejected
Heather Atkins,36-45,East Asian,17.6,97.8,Accepted
Albert Campbell,26-35,African American,11.2,98.6,Accepted
Curtis Perez,18-25,Hispanic,15.9,97.4,Accepted
Carlos Henderson,18-25,Hispanic,14.6,85.9,Rejected
Joy Martin,56+,East Asian,14.5,72.9,Rejected
Matthew Torres DVM,36-45,Hispanic,8.7,89.8,Accepted
Theresa Morrison,56+,East Asian,14.3,73.8,Rejected
Luke West,46-55,Middle Eastern,13.8,72.8,Rejected
Mrs. Lauren Clark,56+,Middle Eastern,16.1,76.9,Rejected
Seth Kelley,36-45,South Asian,12.1,93.6,Accepted
Kenneth Levy,26-35,African American,7.2,71.4,Rejected
Karen Shaw,36-45,South Asian,2.7,88.2,Accepted
John Newman,26-35,Caucasian,7.2,74.3,Rejected
Craig Schneider,46-55,Middle Eastern,3.3,83.0,Rejected
Beth Murphy,26-35,East Asian,14.9,85.6,Accepted
Robert Smith,18-25,Hispanic,13.8,72.6,Rejected
Kristy Norton,46-55,Hispanic,16.0,86.2,Rejected
Jennifer Williams,36-45,East Asian,7.7,86.2,Accepted
Taylor Turner,36-45,African American,14.3,87.1,Rejected
Danielle Drake,26-35,Caucasian,16.8,79.5,Rejected
Cynthia Acosta,46-55,East Asian,13.8,78.0,Rejected
Christina Pugh,36-45,East Asian,19.8,73.0,Rejected
Shannon Hartman,36-45,East Asian,14.3,90.7,Accepted
Shawn Palmer,36-45,Caucasian,18.3,77.6,Rejected
Blake Miles,18-25,Middle Eastern,10.3,70.7,Rejected
Michael Mendoza,18-25,South Asian,7.4,81.9,Accepted
Melanie Welch MD,36-45,Caucasian,4.6,73.8,Rejected
Mrs. Natalie Kelley,18-25,South Asian,1.6,85.0,Accepted
Mr. Ronald Smith,18-25,Hispanic,6.9,68.6,Rejected
Kimberly Johnson,46-55,Middle Eastern,3.4,88.8,Rejected
Jennifer Pierce,46-55,Middle Eastern,4.7,76.1,Rejected
Jeremy Bell,56+,South Asian,9.4,87.2,Accepted
Dennis Walton,18-25,Hispanic,17.7,85.0,Rejected
Mark Peters,36-45,Hispanic,11.3,80.1,Rejected
Marissa Jacobson MD,46-55,African American,6.0,73.3,Rejected
Raven Fuller,56+,East Asian,14.0,80.0,Rejected
Kenneth Turner,36-45,Caucasian,5.3,88.0,Accepted
Amy Davis,46-55,Caucasian,4.3,76.9,Rejected
Robert Reyes,18-25,Caucasian,18.0,86.9,Accepted
Robert Wall,46-55,East Asian,11.3,69.6,Rejected
Raymond Larson,56+,East Asian,13.2,70.9,Rejected
Adam Campbell,46-55,Hispanic,19.8,88.2,Rejected
Matthew Schmitt,18-25,South Asian,17.4,79.4,Rejected
Phillip Lee,18-25,African American,2.3,84.8,Rejected
Mercedes Mitchell,36-45,Hispanic,11.4,69.4,Rejected
Johnny Smith,46-55,Middle Eastern,1.3,67.4,Rejected
Felicia Holmes,26-35,Hispanic,19.0,71.5,Rejected
Lauren Warren,56+,South Asian,7.7,80.3,Rejected
Jason Thompson,26-35,Hispanic,4.8,92.0,Accepted
Danielle Hinton,46-55,East Asian,13.0,66.0,Rejected
Amber Reyes,56+,Hispanic,15.8,95.1,Accepted
Jeff Ward,18-25,South Asian,4.4,87.6,Accepted
Jamie Velasquez,46-55,African American,3.8,74.7,Rejected
Jeremy Mccall,46-55,African American,8.1,78.8,Rejected
Rebecca Whitaker,56+,Hispanic,2.7,95.8,Accepted
Wesley Torres,56+,African American,16.5,65.2,Rejected
Joshua Phelps,18-25,Hispanic,9.8,93.2,Accepted
Michael Werner,18-25,African American,3.5,91.7,Accepted
John Roberts,26-35,Hispanic,2.8,73.3,Rejected
Alexis Hall,26-35,Middle Eastern,11.5,91.5,Accepted
Tim Gonzalez,56+,Middle Eastern,19.6,80.5,Rejected
Kurt Chapman,36-45,Middle Eastern,3.2,76.1,Rejected
Rhonda Townsend,56+,East Asian,15.7,66.3,Rejected
Scott House,26-35,South Asian,6.0,79.8,Rejected
Dr. Brandon Castro V,46-55,Hispanic,15.4,89.1,Rejected
Timothy Lopez,18-25,Hispanic,1.3,75.9,Rejected
Anthony Shaffer,26-35,East Asian,8.8,92.7,Accepted
Bradley Allen,46-55,African American,3.6,93.8,Accepted
Patrick Kim,36-45,Hispanic,8.8,76.7,Rejected
John Castillo,26-35,Caucasian,18.7,88.1,Accepted
Angela Lewis,56+,Caucasian,15.1,73.9,Rejected
Ryan Wright,46-55,East Asian,9.0,66.0,Rejected
Patricia Fuller,56+,Caucasian,4.2,70.9,Rejected
Elizabeth Phillips,36-45,Hispanic,15.9,78.3,Rejected
Peter Garrison,36-45,South Asian,3.4,74.2,Rejected
Michelle Thomas,26-35,African American,8.4,90.0,Accepted
Mary Colon,26-35,East Asian,18.7,75.8,Rejected
David Robinson,26-35,Caucasian,8.1,90.7,Accepted
Raymond Miller,18-25,Caucasian,9.0,76.3,Rejected
Carolyn Dean,56+,Hispanic,4.6,92.1,Accepted
Patricia Robinson,18-25,East Asian,4.3,83.7,Accepted
Deborah Decker,18-25,Middle Eastern,17.8,73.1,Rejected
Kevin Nunez,46-55,Hispanic,11.3,84.3,Rejected
Scott Farrell,18-25,East Asian,18.2,81.5,Accepted
Tonya Campbell,18-25,South Asian,16.7,65.6,Rejected
Kyle Scott,56+,Hispanic,10.0,96.4,Accepted
John Herrera,46-55,East Asian,10.1,79.9,Rejected
Kristen Nelson,36-45,Caucasian,6.7,98.2,Accepted
Brian Perkins,26-35,African American,3.1,88.8,Accepted
Alan Evans,26-35,Caucasian,20.0,84.6,Accepted
Heather Sims,36-45,South Asian,5.9,86.2,Accepted
Larry Branch,26-35,Hispanic,15.1,91.3,Accepted
Angela Benson,26-35,African American,11.0,70.0,Rejected
Kyle Harris,18-25,Caucasian,4.5,81.7,Accepted
Raymond Johnson,18-25,Middle Eastern,12.5,87.4,Rejected
Chris Johnson,46-55,African American,12.7,87.0,Rejected
William Smith,18-25,South Asian,6.0,81.6,Accepted
Rebecca Bennett,46-55,African American,13.2,68.2,Rejected
Lisa Parker,36-45,Middle Eastern,15.8,92.1,Accepted
Michael Martinez,56+,Caucasian,6.0,78.9,Rejected
Angela Cooper,26-35,African American,5.0,88.9,Accepted
Angela Foster,36-45,African American,11.5,69.2,Rejected
Beverly Pearson,36-45,Caucasian,17.6,70.3,Rejected
Heidi Blankenship,18-25,Middle Eastern,1.4,69.0,Rejected
Austin Murphy,46-55,Caucasian,16.5,80.0,Rejected
Michael Palmer,26-35,African American,11.8,92.2,Accepted
Scott Graham,18-25,Middle Eastern,13.1,94.7,Accepted
Heather Haley,18-25,African American,17.1,71.7,Rejected
Jason George,26-35,Caucasian,3.7,81.7,Accepted
Natalie Garcia,26-35,South Asian,17.8,78.9,Rejected
Tammy Richards,56+,Middle Eastern,18.5,97.5,Accepted
Teresa Brady,26-35,Middle Eastern,16.6,83.6,Rejected
Jason Vaughn,26-35,Middle Eastern,18.3,98.9,Accepted
Anthony Rodriguez,46-55,African American,6.5,68.2,Rejected
Elizabeth Barton,26-35,African American,9.0,82.2,Rejected
Jennifer Fisher,56+,Caucasian,14.1,80.8,Rejected
Michael Peters,26-35,East Asian,12.3,97.8,Accepted
Timothy Rowland,36-45,South Asian,14.5,82.4,Accepted
Tyler Miller,26-35,Middle Eastern,16.4,65.9,Rejected
Linda Evans,18-25,Caucasian,4.9,66.2,Rejected
Robert Ochoa,18-25,South Asian,3.8,83.8,Accepted
Lisa Perez,46-55,East Asian,2.7,87.3,Accepted
Gary Morales,18-25,African American,18.6,69.7,Rejected
Sara Jackson,46-55,Middle Eastern,18.6,91.6,Accepted
Patricia Hill,56+,Middle Eastern,13.4,72.5,Rejected
Steven Johnson,56+,Middle Eastern,14.8,87.9,Rejected
Nicole Mcintosh,46-55,African American,10.5,79.8,Rejected
Jasmine Smith,36-45,East Asian,5.3,98.1,Accepted
Robin Perez,36-45,Caucasian,19.5,89.8,Accepted
Lindsay Martin,18-25,South Asian,1.6,74.2,Rejected
Jordan Blackburn,26-35,East Asian,11.6,93.6,Accepted
Jessica Mueller,18-25,Hispanic,17.6,68.4,Rejected
Christine Smith,46-55,African American,17.7,93.2,Accepted
Jennifer Cummings DVM,18-25,Caucasian,1.2,65.3,Rejected
Brianna Baker,56+,East Asian,8.8,96.0,Accepted
Mary Poole,46-55,Caucasian,12.9,87.6,Accepted
Patricia Craig,46-55,Middle Eastern,14.9,70.9,Rejected
Joshua Martin,36-45,East Asian,11.6,76.0,Rejected
Nicholas Ferguson,26-35,African American,18.4,84.5,Rejected
Victoria Lane,18-25,Middle Eastern,6.9,76.9,Rejected
Megan Rios,36-45,Hispanic,4.3,76.5,Rejected
Julian Anderson,56+,African American,5.0,97.3,Accepted
Kelly Todd,18-25,Caucasian,3.1,68.7,Rejected
Brian Gray II,18-25,African American,14.8,91.6,Accepted
Lisa Lee,36-45,African American,7.4,92.0,Accepted
Casey Lawrence,18-25,East Asian,6.2,78.8,Rejected
Michelle Mills,18-25,Caucasian,7.8,69.6,Rejected
Andrew Black,46-55,Middle Eastern,11.7,81.2,Rejected
Jason Owens,56+,South Asian,8.7,85.2,Accepted
Samuel Caldwell,46-55,Middle Eastern,3.6,75.6,Rejected
Christopher Peterson,36-45,Hispanic,6.7,87.1,Rejected
Linda Campbell,26-35,Caucasian,12.0,72.9,Rejected
Devin Johnson,46-55,East Asian,14.1,77.8,Rejected
April Cooper,26-35,Hispanic,14.9,97.4,Accepted
Cameron Bryant,18-25,South Asian,18.7,89.6,Accepted
Daniel Gray,36-45,Middle Eastern,19.7,69.1,Rejected
Jerry Mccann,18-25,African American,7.4,73.7,Rejected
John Hogan,36-45,African American,5.5,78.2,Rejected
Beth Gonzalez,26-35,African American,17.2,79.0,Rejected
Theodore Hutchinson,26-35,East Asian,15.8,89.8,Accepted
George Mccarthy,18-25,African American,15.3,75.9,Rejected
Benjamin Lynch,26-35,East Asian,10.2,94.9,Accepted
Jamie Hartman,26-35,Caucasian,17.9,76.1,Rejected
Holly Baxter,56+,South Asian,2.2,78.3,Rejected
Carrie Chan,46-55,South Asian,11.2,69.6,Rejected
Michelle Simmons,26-35,South Asian,15.3,86.3,Accepted
Stephanie Boyd,56+,African American,15.4,97.3,Accepted
Cynthia Williams,56+,Middle Eastern,3.0,72.2,Rejected
Anna Williams,56+,African American,18.3,75.1,Rejected
Mitchell Schmidt,18-25,Caucasian,8.3,83.4,Accepted
Christopher Velasquez,56+,South Asian,4.6,95.5,Accepted
Joseph Robinson,26-35,Caucasian,12.9,91.4,Accepted
Andrew Price,26-35,East Asian,14.0,79.7,Rejected
Trevor Massey,46-55,East Asian,1.1,87.1,Accepted
Rachel Adams,18-25,African American,17.9,86.4,Rejected
Christian Gray,56+,Hispanic,7.9,97.9,Accepted
Joshua Mcdonald,26-35,East Asian,13.7,80.8,Accepted
Joseph Delgado,56+,East Asian,7.2,77.7,Rejected
Dawn Atkins,36-45,Hispanic,15.8,89.7,Accepted
Scott Moore,18-25,Middle Eastern,1.3,83.9,Rejected
Heather Grimes,18-25,South Asian,16.5,93.9,Accepted
Laura Lopez,18-25,Middle Eastern,13.1,74.7,Rejected
Kimberly Elliott,18-25,African American,3.5,74.7,Rejected
John Day,56+,Hispanic,12.7,86.6,Rejected
Mikayla King DDS,36-45,Caucasian,17.2,65.1,Rejected
Robin Smith,18-25,Caucasian,2.6,81.9,Accepted
Eric Bell,36-45,South Asian,15.2,89.3,Accepted
Norman Cortez,26-35,Hispanic,10.2,69.8,Rejected
Julia Henson,36-45,Hispanic,4.3,91.6,Accepted
Marcus Nielsen,46-55,South Asian,6.5,80.2,Rejected
John Davis,46-55,South Asian,2.8,69.0,Rejected
Johnny Collins,46-55,African American,8.1,93.5,Accepted
Tom Day,18-25,Hispanic,19.4,86.6,Rejected
John Henderson,26-35,Middle Eastern,3.8,83.9,Rejected
Leah Stark,26-35,African American,3.0,94.6,Accepted
Vanessa Kelly,18-25,Middle Eastern,18.2,93.1,Accepted
Philip Rojas,36-45,Hispanic,3.8,93.2,Accepted
Tina Thomas,26-35,Middle Eastern,19.0,67.6,Rejected
Joseph Hutchinson,26-35,South Asian,9.7,93.0,Accepted
Erik Sullivan,46-55,Caucasian,17.7,97.4,Accepted
Deborah Hernandez,36-45,Hispanic,14.8,77.7,Rejected
April Harris,26-35,East Asian,7.9,83.3,Accepted
Mark Vasquez,56+,South Asian,5.7,94.4,Accepted
Ryan Mills,56+,Middle Eastern,4.2,84.9,Rejected
Debra Allen,18-25,Caucasian,10.0,80.7,Accepted
Craig Espinoza,18-25,Hispanic,2.9,80.8,Rejected
Amanda Williams,46-55,Caucasian,5.5,75.9,Rejected
Lee Peterson,18-25,African American,2.7,81.2,Rejected
Jordan Avery,46-55,East Asian,2.0,75.7,Rejected
Brian Payne,18-25,South Asian,2.6,94.1,Accepted
Stacey Rivera,26-35,Caucasian,7.7,89.2,Accepted
Charles Mata,26-35,Caucasian,14.7,98.0,Accepted
Stacey Leon,18-25,Caucasian,5.8,68.4,Rejected
Mr. Jason Crawford,56+,African American,14.0,96.9,Accepted
Gregory Blackwell,46-55,South Asian,11.1,66.7,Rejected
Sheryl Villegas,18-25,South Asian,7.2,73.9,Rejected
Curtis Meyer,26-35,East Asian,11.7,82.6,Accepted
Frank Thompson,26-35,South Asian,1.3,85.0,Accepted
Corey Duncan,36-45,Hispanic,2.1,87.2,Rejected
Jeffrey Bray,26-35,East Asian,16.0,84.1,Accepted
Nicholas Gibbs,56+,East Asian,1.6,76.0,Rejected
Jamie Collins,36-45,South Asian,17.3,72.7,Rejected
Donna Greene,18-25,Middle Eastern,19.8,74.6,Rejected
Tracy Morrison,46-55,Hispanic,4.8,79.4,Rejected
David Reed,46-55,East Asian,18.6,81.3,Rejected
Elizabeth Brown,26-35,Hispanic,6.0,97.9,Accepted
Lynn Gonzales,46-55,South Asian,5.3,91.7,Accepted
Debbie Williams,18-25,East Asian,5.4,71.8,Rejected
Ryan Dickerson,36-45,Caucasian,1.9,74.8,Rejected
Tyler Schmitt,46-55,Middle Eastern,12.3,91.5,Accepted
Mike Murillo,56+,South Asian,3.8,80.7,Rejected
Luis Reed,26-35,East Asian,6.6,78.3,Rejected
Eric Reid,46-55,Middle Eastern,16.0,88.6,Rejected
William Herrera,56+,Caucasian,4.5,71.9,Rejected
Jose Bell,36-45,South Asian,17.0,85.0,Accepted
Pamela Cox,26-35,Caucasian,16.8,89.2,Accepted
Janice Smith,18-25,African American,10.2,72.0,Rejected
Sonya Watson,36-45,South Asian,1.2,80.1,Accepted
Christina Anderson,46-55,Middle Eastern,8.4,72.0,Rejected
Dana Henson,18-25,East Asian,1.1,91.7,Accepted
Taylor Crane,46-55,Hispanic,4.8,95.2,Accepted
Joseph Coleman,36-45,East Asian,1.0,73.7,Rejected
Jerry Bradley,18-25,Middle Eastern,18.4,81.8,Rejected
Jessica Olsen,18-25,South Asian,4.1,78.9,Rejected
Robert Austin,36-45,Caucasian,15.5,98.0,Accepted
Jason Guerra,56+,Middle Eastern,4.5,76.2,Rejected
Jenny Johnson,56+,Middle Eastern,13.1,94.9,Accepted
Robyn Wilson,46-55,Middle Eastern,2.7,75.3,Rejected
Heather Yang,18-25,South Asian,1.5,84.9,Accepted
Jeffrey Dawson,26-35,South Asian,13.2,71.3,Rejected
Sarah Smith,18-25,Middle Eastern,14.4,78.2,Rejected
Amanda Elliott,26-35,South Asian,7.1,80.9,Accepted
Elizabeth Moss,18-25,Caucasian,13.9,84.3,Accepted
Matthew Tran,46-55,Caucasian,11.8,78.2,Rejected
Megan Ross,18-25,Caucasian,19.9,98.3,Accepted
Mark Gates,18-25,Middle Eastern,8.0,83.3,Rejected
Logan Roberts,56+,African American,9.8,90.4,Rejected
Marissa Murillo,36-45,Middle Eastern,12.7,74.4,Rejected
Andrew Foster,18-25,Caucasian,8.2,71.6,Rejected
Kimberly Singh,46-55,Middle Eastern,10.3,87.2,Rejected
Felicia Reese,26-35,Caucasian,14.0,84.1,Accepted
Joseph Schmidt,18-25,South Asian,18.4,93.8,Accepted
Matthew Diaz,46-55,Middle Eastern,16.1,77.0,Rejected
Mark Buchanan,26-35,African American,16.6,89.1,Accepted
Sonya Green,26-35,African American,2.6,89.7,Accepted
Erica Lang,18-25,South Asian,17.2,83.8,Accepted
Kimberly Rodriguez,46-55,African American,6.0,76.3,Rejected
Mary Brown,36-45,Caucasian,19.3,70.3,Rejected
Virginia Obrien,26-35,African American,14.4,97.9,Accepted
Scott Norris,26-35,African American,10.6,97.7,Accepted
Dustin Holt,26-35,Hispanic,10.0,74.7,Rejected
Jamie Hernandez,18-25,African American,15.2,75.8,Rejected
Sally Snow,36-45,Hispanic,7.5,85.0,Rejected
Suzanne Brown,46-55,Hispanic,7.9,77.6,Rejected
William Baker,26-35,South Asian,10.7,75.5,Rejected
Deborah Anderson,18-25,East Asian,10.1,89.7,Accepted
John Evans,36-45,East Asian,3.3,79.3,Rejected
Tracey Taylor,46-55,African American,3.9,80.5,Rejected
Randy Kramer,46-55,Middle Eastern,7.4,82.3,Rejected
Michael Miller,46-55,Hispanic,7.0,96.4,Accepted
Nicole Acevedo,46-55,Caucasian,13.9,93.6,Accepted
Gregory Griffin,36-45,African American,7.4,77.8,Rejected
Mr. Kenneth Greene,18-25,South Asian,11.5,66.5,Rejected
Bradley White,56+,South Asian,11.4,93.1,Accepted
Madison Stein,36-45,Caucasian,19.3,98.5,Accepted
Dominic Harris,26-35,East Asian,7.1,73.5,Rejected
Samantha Collins,36-45,Middle Eastern,13.9,92.8,Accepted
Marissa Wright,26-35,Caucasian,19.2,66.8,Rejected
Matthew Henderson,56+,Caucasian,12.0,71.8,Rejected
Tina Shields,18-25,South Asian,5.7,78.1,Rejected
Nicole Shaw,26-35,South Asian,15.7,82.6,Accepted
Gina Rodriguez,26-35,South Asian,13.8,97.2,Accepted
Bryan Medina,36-45,Caucasian,18.6,65.6,Rejected
Stephanie Smith,18-25,South Asian,6.5,93.0,Accepted
Kirsten Bishop,18-25,South Asian,10.3,65.0,Rejected
Jon Johnson,56+,Hispanic,17.4,65.8,Rejected
Natalie Liu,46-55,Caucasian,16.7,68.5,Rejected
Katherine Barnes,36-45,African American,4.9,70.2,Rejected
Michael Cross,46-55,East Asian,4.2,84.1,Accepted
Nicholas Taylor,46-55,Middle Eastern,9.5,89.5,Rejected
Michelle Carter,56+,East Asian,2.2,91.2,Accepted
Tyler Holmes,26-35,African American,19.3,68.8,Rejected
Todd Holt,36-45,Hispanic,17.1,83.4,Rejected
Stephen Avila,56+,Caucasian,7.2,73.5,Rejected
Shirley Olsen,46-55,South Asian,14.3,75.2,Rejected
Teresa Richards,18-25,South Asian,14.6,66.1,Rejected
Isabel Burton,18-25,Caucasian,17.8,88.9,Accepted
Kristy Howard,18-25,African American,17.0,76.1,Rejected
Ashley Gardner,56+,South Asian,5.0,82.2,Rejected
Blake Hernandez,18-25,Hispanic,8.0,86.1,Rejected
Andrew Gutierrez,36-45,Middle Eastern,18.7,76.2,Rejected
Amy George,36-45,African American,14.5,66.1,Rejected
Dylan Neal,46-55,Middle Eastern,7.1,86.2,Rejected
Ethan Herring,46-55,Middle Eastern,17.4,97.3,Accepted
Tammy Vega,56+,African American,10.8,95.0,Accepted
Brian Scott,26-35,Hispanic,5.5,86.6,Rejected
Renee Powell,36-45,Caucasian,8.2,86.8,Accepted
Sydney Carlson,26-35,East Asian,11.5,88.7,Accepted
Timothy Love,46-55,Middle Eastern,10.7,71.6,Rejected
Carrie Lane,46-55,African American,7.0,93.2,Accepted
Kyle Black,36-45,Middle Eastern,9.4,81.4,Rejected
John Mcknight,36-45,Caucasian,4.1,70.7,Rejected
Larry Nicholson,26-35,African American,10.5,87.9,Rejected
James Taylor,56+,South Asian,14.8,72.5,Rejected
Christopher Bonilla,56+,Hispanic,18.9,84.0,Rejected
Brittany Gibson,26-35,African American,13.2,66.2,Rejected
Dr. Cindy Daniels,36-45,African American,6.6,94.1,Accepted
Rachel Watts,26-35,Middle Eastern,9.3,69.6,Rejected
Daniel Wagner,18-25,South Asian,11.8,92.3,Accepted
Audrey Gray,26-35,African American,19.6,88.7,Accepted
Manuel Mendez,56+,Middle Eastern,18.8,97.6,Accepted
Jonathan Carson MD,36-45,African American,12.8,80.4,Rejected
Thomas Krueger,46-55,East Asian,5.9,88.4,Accepted
Allen Diaz,36-45,Middle Eastern,2.9,85.3,Rejected
Kenneth Wallace,56+,Hispanic,19.3,86.6,Rejected
Dr. Scott Long,36-45,Hispanic,4.8,81.3,Rejected
Carlos Woodard,26-35,Middle Eastern,17.0,69.9,Rejected
Russell Duran,56+,East Asian,2.5,95.3,Accepted
Nathan Foster,26-35,African American,16.5,89.3,Accepted
John Ellison,18-25,South Asian,19.9,71.0,Rejected
Melissa Jackson,46-55,Caucasian,8.8,76.0,Rejected
Kimberly Shaffer,56+,South Asian,11.4,74.2,Rejected
Lindsey Smith,36-45,Hispanic,8.9,92.0,Accepted
Rebecca Jimenez,56+,East Asian,8.0,98.0,Accepted
Kimberly Smith,56+,East Asian,8.3,86.0,Accepted
Ana Bush,26-35,African American,2.1,70.1,Rejected
Joyce Lang,46-55,Caucasian,10.2,97.9,Accepted
Kelly Smith,56+,East Asian,16.6,87.7,Accepted
Michael Mooney,46-55,Caucasian,5.4,74.6,Rejected
Brian Schmidt,56+,South Asian,1.1,80.8,Rejected
Heidi Bailey,36-45,East Asian,7.0,91.3,Accepted
Kathryn Sawyer,36-45,Hispanic,8.2,80.7,Rejected
Manuel Hendrix,56+,Hispanic,16.5,65.6,Rejected
Jose Ford,46-55,Middle Eastern,12.1,68.4,Rejected
Rebecca Wood,56+,Middle Eastern,17.9,88.3,Rejected
Monique Stark,18-25,Caucasian,9.6,68.8,Rejected
Victoria Santana,36-45,African American,10.7,83.3,Rejected
Daniel Carlson,46-55,Middle Eastern,16.7,96.1,Accepted
Rachel Spencer,36-45,Middle Eastern,19.5,77.6,Rejected
Geoffrey Mullins,18-25,Hispanic,18.4,72.1,Rejected
Jeffrey Bennett,56+,African American,2.6,71.5,Rejected
Dawn Marsh,26-35,South Asian,18.2,69.6,Rejected
Eric Peck,56+,African American,11.9,97.3,Accepted
Savannah Campbell,46-55,African American,8.9,74.4,Rejected
Anna Bryan,18-25,Caucasian,18.7,77.0,Rejected
Andrew Lewis,18-25,Hispanic,4.1,95.5,Accepted
Danielle Love,18-25,African American,14.4,79.6,Rejected
April Mays,36-45,Middle Eastern,5.4,82.0,Rejected
Philip Allen,56+,African American,6.6,94.1,Accepted
Andrew Cox,18-25,East Asian,6.8,95.6,Accepted
Preston Chang,36-45,East Asian,11.6,96.2,Accepted
David Brooks,18-25,Hispanic,16.7,94.1,Accepted
Kayla Ross,26-35,East Asian,11.7,83.6,Accepted
Marissa Rodriguez DVM,36-45,East Asian,8.9,80.5,Accepted
Blake Yu,46-55,Hispanic,3.8,74.0,Rejected
Christine Medina,56+,Hispanic,4.3,66.8,Rejected
Tony Bell,46-55,Middle Eastern,18.6,72.7,Rejected
Jaime Harris,18-25,Middle Eastern,18.4,96.4,Accepted
April Gutierrez,26-35,South Asian,10.1,66.8,Rejected
Brian Calhoun,46-55,Hispanic,6.7,69.7,Rejected
Chad Le,26-35,East Asian,3.5,98.7,Accepted
Michael Berry,56+,Caucasian,14.7,86.4,Accepted
Stephen Garcia,18-25,Hispanic,10.5,69.5,Rejected
Melissa Bailey,26-35,Caucasian,13.2,87.9,Accepted
Timothy Escobar,26-35,African American,18.5,79.7,Rejected
Bobby Curry,18-25,East Asian,4.5,90.4,Accepted
Jennifer Nelson,56+,East Asian,14.3,82.7,Rejected
Mrs. Brittany Barnett,18-25,Caucasian,3.4,68.8,Rejected
Andrew Miller,46-55,Middle Eastern,6.4,87.2,Rejected
Denise Pittman,36-45,Hispanic,13.7,94.3,Accepted
Brian Merritt,18-25,Hispanic,18.2,74.2,Rejected
William Weaver,18-25,Middle Eastern,17.9,93.3,Accepted
David Malone,46-55,Caucasian,4.9,85.0,Accepted
Kristin Lamb,56+,Hispanic,2.6,67.2,Rejected
William Murray,36-45,African American,6.3,68.9,Rejected
Mary Gray,46-55,East Asian,4.6,87.2,Accepted
Kaitlyn Anderson,56+,Caucasian,8.1,98.8,Accepted
Devin Copeland,46-55,African American,3.8,67.2,Rejected
Zachary Shaw,56+,South Asian,17.6,90.9,Accepted
Jennifer Love,56+,Caucasian,18.7,79.2,Rejected
Ricky Soto,46-55,African American,5.0,89.3,Rejected
Sherry Smith,46-55,African American,4.3,89.1,Rejected
Sheila Blackwell,26-35,Middle Eastern,7.6,73.7,Rejected
Larry Brown,18-25,African American,11.5,69.6,Rejected
Nancy Jarvis,26-35,African American,1.3,77.2,Rejected
Tara Kirk,46-55,Caucasian,17.2,72.8,Rejected
Casey Phillips,46-55,South Asian,2.2,79.6,Rejected
Virginia Gomez,26-35,East Asian,3.6,73.6,Rejected
Jonathan Marshall,46-55,South Asian,14.8,68.7,Rejected
Morgan Taylor,18-25,Middle Eastern,5.2,81.3,Rejected
Kimberly Rogers MD,46-55,Middle Eastern,10.3,90.2,Rejected
Kimberly Perkins,26-35,African American,6.7,97.1,Accepted
Erin Porter,46-55,Middle Eastern,2.3,67.4,Rejected
Tara Cunningham,18-25,Caucasian,11.2,65.3,Rejected
Emily Johnston,46-55,South Asian,10.6,70.3,Rejected
Cody Evans,56+,African American,5.8,96.8,Accepted
Jason Gonzalez,56+,African American,14.8,82.7,Rejected
Cheryl Wilson,36-45,Hispanic,17.1,78.3,Rejected
Jennifer Suarez,26-35,South Asian,18.7,83.0,Accepted
Rebecca Lozano,18-25,Caucasian,9.2,83.9,Accepted
Bonnie Pena,46-55,Middle Eastern,17.8,70.1,Rejected
Ashley Cisneros,46-55,Hispanic,12.9,73.4,Rejected
Arthur Werner,46-55,Middle Eastern,18.7,98.6,Accepted
Paul Kirby,26-35,Middle Eastern,14.2,70.5,Rejected
Gary Vargas,56+,Hispanic,7.7,78.5,Rejected
Megan Lawson,56+,East Asian,9.0,78.2,Rejected
Eric Rice,56+,Caucasian,9.2,87.4,Accepted
John Madden,46-55,Caucasian,18.9,71.9,Rejected
Chase Cole,18-25,African American,9.8,83.8,Rejected
Gregory Reed,56+,South Asian,7.2,74.5,Rejected
Gregory Beck,18-25,East Asian,5.3,85.3,Accepted
Kimberly Wilkinson,46-55,Hispanic,8.3,80.6,Rejected
Shawn Johnson,36-45,African American,13.8,98.9,Accepted
Jennifer Cruz,56+,African American,9.5,71.2,Rejected
Tony Miller,36-45,Caucasian,6.6,89.4,Accepted
Jessica Schneider,46-55,African American,4.2,77.7,Rejected
Paul Fernandez,36-45,East Asian,19.2,80.9,Accepted
Brian Hill,36-45,African American,11.0,92.6,Accepted
Mary Wallace,18-25,Middle Eastern,17.1,65.9,Rejected
Gregory Kemp,26-35,Caucasian,14.8,92.8,Accepted
Jeremy Smith,26-35,African American,13.7,75.9,Rejected
Erica Nichols,56+,Hispanic,8.9,98.8,Accepted
Mary Lewis,26-35,African American,11.1,95.7,Accepted
Krista Gomez,18-25,East Asian,1.1,92.8,Accepted
Angela Short,46-55,South Asian,16.6,95.1,Accepted
Randall Yates,26-35,East Asian,12.1,97.3,Accepted
Juan Daniels,18-25,Middle Eastern,4.7,83.6,Rejected
Christopher Ellis,56+,Middle Eastern,11.1,68.7,Rejected
Andrew Kelley,36-45,Hispanic,17.4,79.8,Rejected
Lauren Stark,56+,Caucasian,1.5,89.4,Accepted
Monique Henderson,26-35,Middle Eastern,11.5,95.6,Accepted
Catherine Ferguson,56+,South Asian,18.3,93.7,Accepted
Angela Mack MD,36-45,Caucasian,8.4,84.6,Accepted
Grace Hall,26-35,Hispanic,9.4,91.2,Accepted
Darryl Hickman,56+,East Asian,5.0,74.7,Rejected
George Simmons,26-35,Middle Eastern,9.0,80.8,Rejected
Cynthia Jackson,46-55,Caucasian,17.9,68.5,Rejected
John Williams,56+,Middle Eastern,10.4,86.3,Rejected
Robert Banks,56+,South Asian,16.8,97.1,Accepted
Kimberly Walker,18-25,Hispanic,13.4,80.4,Rejected
Kimberly Johnston,18-25,Hispanic,7.1,98.1,Accepted
Joe Banks,46-55,South Asian,6.7,77.0,Rejected
Beth Hawkins,46-55,South Asian,18.7,90.1,Accepted
Debra Bell,56+,East Asian,14.9,85.7,Accepted
Margaret Berry,26-35,Caucasian,12.1,93.5,Accepted
Keith Hamilton,46-55,Middle Eastern,7.0,81.7,Rejected
Randy Hamilton,56+,Caucasian,4.1,80.2,Rejected
Donald Ochoa,56+,Caucasian,2.2,92.3,Accepted
Rebecca Stephens,46-55,East Asian,3.5,94.3,Accepted
Lauren Wood,36-45,Hispanic,18.7,80.9,Rejected
James Garcia,18-25,African American,11.6,78.8,Rejected
Heather Barber,26-35,African American,11.3,77.7,Rejected
David Ross,18-25,Middle Eastern,13.2,94.9,Accepted
Dakota Stark,18-25,South Asian,12.6,97.8,Accepted
Ryan Williams,46-55,Middle Eastern,6.6,75.6,Rejected
Travis Miller,26-35,African American,10.2,90.9,Accepted
Peter Pacheco,18-25,South Asian,4.9,92.2,Accepted
Jeffrey Santiago,26-35,East Asian,5.4,77.2,Rejected
Stephanie Brown,26-35,Hispanic,12.9,86.5,Rejected
Christopher Montgomery,36-45,Middle Eastern,5.3,71.6,Rejected
Dawn Garcia,56+,Hispanic,9.1,72.2,Rejected
Kaitlin Spencer,26-35,Caucasian,15.3,77.7,Rejected
Hannah Brown,26-35,South Asian,14.5,87.4,Accepted
Mary Gill,56+,South Asian,17.0,75.4,Rejected
Jeffrey Mills,56+,Middle Eastern,1.4,72.2,Rejected
Crystal Johnson,56+,Caucasian,14.7,81.7,Rejected
Alyssa Watts,18-25,Caucasian,5.0,83.6,Accepted
Walter Lee,46-55,Hispanic,9.2,83.9,Rejected
Nicole Owen,18-25,South Asian,10.5,71.5,Rejected
Bradley Jordan,56+,Middle Eastern,14.4,91.9,Accepted
Shannon Williams,18-25,Caucasian,7.4,67.8,Rejected
Angela Larsen,26-35,African American,1.3,94.9,Accepted
Daniel Walter,46-55,Caucasian,15.6,94.1,Accepted
Cynthia Riley,36-45,East Asian,8.8,75.9,Rejected
Ryan Daniels,46-55,Caucasian,4.4,88.9,Accepted
Kelli Espinoza,46-55,South Asian,14.2,93.8,Accepted
Andrew Lowe,56+,South Asian,5.0,97.0,Accepted
Alexander Jones,26-35,Hispanic,15.0,95.8,Accepted
Michael Goodman,46-55,Middle Eastern,19.9,68.0,Rejected
George Koch,36-45,Caucasian,1.9,74.0,Rejected
Savannah Cooper,18-25,African American,1.7,98.9,Accepted
Julie Pierce,46-55,East Asian,17.6,87.0,Accepted
Julie Davidson,56+,Middle Eastern,11.3,76.2,Rejected
Cesar Jimenez,46-55,South Asian,12.6,73.8,Rejected
Patricia Sanchez,26-35,African American,10.9,98.8,Accepted
Luis Juarez,18-25,African American,15.2,69.8,Rejected
Timothy Dunn,46-55,South Asian,2.1,92.5,Accepted
Margaret Kennedy,46-55,Hispanic,7.5,78.2,Rejected
Bianca Mclean,18-25,Caucasian,19.2,96.5,Accepted
Gail Hayden,26-35,Middle Eastern,19.6,78.1,Rejected
Darius Crawford,46-55,Middle Eastern,13.0,75.8,Rejected
Traci Moore,18-25,Middle Eastern,19.1,82.1,Rejected
Mark Burton,46-55,Hispanic,10.8,73.5,Rejected
Amy Mayo,36-45,East Asian,7.5,79.1,Rejected
Allison Maddox,26-35,South Asian,16.7,96.3,Accepted
Isaiah Vega,46-55,African American,5.0,86.1,Rejected
Michael West,26-35,African American,14.6,72.7,Rejected
Julie Garcia,26-35,African American,3.8,67.7,Rejected
Nicholas Green,36-45,East Asian,8.4,65.9,Rejected
Robert Stokes,26-35,Middle Eastern,2.9,87.9,Rejected
James Roberson,26-35,Middle Eastern,1.3,83.8,Rejected
Christopher Brewer,36-45,South Asian,15.4,98.0,Accepted
Jamie Lucas,26-35,Middle Eastern,4.6,90.5,Accepted
Shirley Price,56+,Caucasian,18.7,75.5,Rejected
Lee Thompson,46-55,African American,4.6,97.0,Accepted
Rachel Rocha,36-45,Hispanic,13.8,84.7,Rejected
Jennifer Nunez,36-45,African American,3.1,79.2,Rejected
Nicole Brown,46-55,Hispanic,11.7,76.8,Rejected
Rodney Perez,26-35,East Asian,2.2,70.4,Rejected
Hannah Dunn,46-55,Middle Eastern,16.4,73.4,Rejected
Annette Thomas,56+,Hispanic,3.9,91.6,Accepted
Terry Atkinson,18-25,Caucasian,1.5,70.9,Rejected
Robert Anderson,26-35,South Asian,2.5,79.6,Rejected
Shannon Davenport,18-25,Hispanic,1.0,69.5,Rejected
Amanda Munoz,36-45,Caucasian,19.6,81.9,Accepted
David Duncan,36-45,Hispanic,15.6,69.3,Rejected
Amanda Thomas,36-45,African American,16.5,66.8,Rejected
Michael Hunt,46-55,Hispanic,7.0,92.5,Accepted
Marcus Perez,56+,Hispanic,1.5,75.2,Rejected
Vincent Lopez,46-55,Hispanic,14.5,93.9,Accepted
Nancy Alvarado,26-35,Middle Eastern,2.4,73.5,Rejected
Isaac Wood,26-35,East Asian,11.9,75.2,Rejected
Ana Ross,46-55,Hispanic,8.7,86.1,Rejected
Megan Pennington DDS,46-55,African American,3.2,97.2,Accepted
Brian Smith,46-55,Caucasian,2.6,97.6,Accepted
Kara Snyder,36-45,Caucasian,12.5,98.8,Accepted
David Macias,46-55,Caucasian,1.9,70.1,Rejected
Andrew Graves,56+,Hispanic,8.3,78.7,Rejected
Gregory Gonzalez,26-35,South Asian,17.1,73.5,Rejected
James Robinson,26-35,African American,3.2,79.1,Rejected
Jacqueline Baker,46-55,Hispanic,18.6,83.7,Rejected
Courtney Turner,36-45,South Asian,9.2,86.1,Accepted
Brett Benson,36-45,Caucasian,11.1,72.2,Rejected
Stacy York,18-25,Caucasian,8.4,81.7,Accepted
Brian Stout,46-55,African American,11.3,86.1,Rejected
Elizabeth Smith,26-35,East Asian,13.0,82.5,Accepted
Jennifer Lin,56+,African American,4.0,65.0,Rejected
Lisa Hess,26-35,South Asian,10.0,95.6,Accepted
Krystal Choi,26-35,Hispanic,3.1,72.9,Rejected
Keith Holland,18-25,Caucasian,4.6,83.4,Accepted
Alexis Scott,36-45,Middle Eastern,9.4,73.0,Rejected
Joshua Flowers,18-25,East Asian,8.5,88.6,Accepted
Summer Mills,56+,South Asian,13.7,75.8,Rejected
Paul Vaughn,46-55,East Asian,7.8,79.1,Rejected
Justin Cole,36-45,Hispanic,3.0,66.8,Rejected
Robert Lowe MD,46-55,African American,13.7,94.7,Accepted
Thomas French,36-45,Middle Eastern,14.1,71.2,Rejected
Jason Calderon,18-25,Caucasian,12.0,93.5,Accepted
Rachel Hamilton,36-45,Hispanic,4.8,89.0,Accepted
Sarah Lopez,46-55,South Asian,6.3,94.3,Accepted
Christopher Johnson,56+,East Asian,11.2,69.5,Rejected
Rhonda Stevenson,18-25,Hispanic,1.7,68.6,Rejected
Craig Morgan,18-25,African American,1.4,66.8,Rejected
Renee Navarro,56+,Caucasian,10.0,68.2,Rejected
Theodore Wang,18-25,Caucasian,4.9,84.5,Accepted
Lori Erickson,56+,East Asian,7.5,67.1,Rejected
Julie Young,46-55,Caucasian,1.1,82.8,Rejected
John Hall,36-45,African American,2.0,80.4,Rejected
Rhonda Garrett,26-35,Caucasian,7.7,98.0,Accepted
Dustin Gill,18-25,African American,12.6,86.3,Rejected
Robin King,46-55,African American,10.2,70.1,Rejected
Sierra Flores,18-25,South Asian,14.2,76.8,Rejected
Sharon Mitchell,18-25,South Asian,11.0,98.9,Accepted
Daniel Mckenzie,26-35,East Asian,7.2,84.9,Accepted
Julie Carlson,26-35,African American,8.6,93.8,Accepted
Tiffany Peck,56+,East Asian,11.7,97.7,Accepted
Jon Watson,56+,East Asian,15.1,87.7,Accepted
Ariana Tyler,46-55,Middle Eastern,1.1,90.0,Rejected
Charles Christian,26-35,Caucasian,5.1,69.2,Rejected
Eric Nguyen,26-35,East Asian,14.3,68.4,Rejected
Christine Wallace,36-45,African American,6.3,83.2,Rejected
Paul Jensen,18-25,Middle Eastern,18.6,98.3,Accepted
Jonathan Hill,46-55,South Asian,10.0,76.7,Rejected
Kelly Fernandez,56+,African American,3.9,80.1,Rejected
Mario Vasquez,26-35,Hispanic,11.5,81.6,Rejected
Jerry Walker,36-45,Hispanic,6.9,98.1,Accepted
Carl Clayton,18-25,East Asian,16.9,89.9,Accepted
Manuel Douglas,36-45,South Asian,15.9,75.2,Rejected
Scott Edwards,56+,Hispanic,1.1,65.3,Rejected
Erin Nichols,56+,Hispanic,3.7,76.9,Rejected
Darryl Henson,18-25,Middle Eastern,2.2,76.5,Rejected
Christopher Ruiz,56+,East Asian,8.7,84.3,Accepted
Jonathan Maxwell,36-45,Caucasian,2.9,88.1,Accepted
Erica Gonzalez,26-35,Hispanic,12.3,70.0,Rejected
Rachel Harris,46-55,Hispanic,19.6,73.1,Rejected
Melissa Riley,56+,Caucasian,9.5,78.6,Rejected
Deanna Kennedy,26-35,Hispanic,14.7,87.2,Rejected
Erin Haas,56+,Caucasian,13.7,93.2,Accepted
Robert Salazar,18-25,Middle Eastern,10.8,93.4,Accepted
Bruce Smith,18-25,African American,17.9,80.7,Rejected
Mandy Johnson,46-55,Middle Eastern,17.0,87.2,Rejected
Rhonda Hernandez,18-25,Caucasian,4.0,68.7,Rejected
Cody Rodriguez,46-55,Hispanic,11.9,83.8,Rejected
Samantha Cook,26-35,Caucasian,3.5,96.8,Accepted
Zachary Robertson,46-55,East Asian,6.8,71.9,Rejected
Amy Monroe,46-55,Middle Eastern,4.5,76.3,Rejected
Jesus Davis,46-55,Hispanic,12.2,90.4,Rejected
William Foster,26-35,East Asian,16.8,71.1,Rejected
Jessica White,56+,Caucasian,15.1,73.4,Rejected
Carrie Jones PhD,18-25,African American,16.0,90.0,Accepted
Brandon Black,56+,South Asian,12.7,74.2,Rejected
Ryan Zamora Jr.,56+,Middle Eastern,19.8,94.2,Accepted
Stephanie Thompson,26-35,Caucasian,13.8,75.7,Rejected
Tiffany Woods,18-25,Caucasian,6.4,77.3,Rejected
Danny Reid,46-55,East Asian,10.6,89.5,Accepted
Mary Johnson,18-25,Hispanic,18.4,89.3,Accepted
Nathaniel Proctor,56+,Middle Eastern,16.7,73.7,Rejected
Thomas Morse,46-55,African American,17.9,77.6,Rejected
Dylan Garcia,18-25,South Asian,14.9,89.4,Accepted
Henry Bell,18-25,Middle Eastern,5.2,75.4,Rejected
Terry Floyd,36-45,East Asian,15.7,69.9,Rejected
Kelly Zimmerman,56+,Hispanic,18.1,78.5,Rejected
Kyle Watson,18-25,East Asian,3.4,80.1,Accepted
Sue Zavala,18-25,Middle Eastern,19.0,79.4,Rejected
Rodney Gutierrez,46-55,East Asian,4.6,77.3,Rejected
Gary Gilbert,56+,Caucasian,6.5,69.0,Rejected
Shane Wilson,56+,Caucasian,17.8,70.8,Rejected
Crystal Harris,18-25,Middle Eastern,18.9,83.0,Rejected
Yolanda Hall,56+,East Asian,14.6,69.5,Rejected
Gail Meadows,46-55,Middle Eastern,10.4,94.5,Accepted
Shawn Hendricks,26-35,Middle Eastern,5.8,67.2,Rejected
Brenda Suarez,18-25,Hispanic,7.5,71.6,Rejected
Linda Cruz,18-25,Middle Eastern,11.3,75.1,Rejected
Shawn Wheeler,46-55,Middle Eastern,3.4,73.2,Rejected
Brian Peters,56+,South Asian,8.5,93.1,Accepted
Sarah Weber,18-25,Middle Eastern,11.1,71.7,Rejected
John Willis,26-35,Caucasian,7.3,87.4,Accepted
Roy Smith,56+,Caucasian,9.3,90.4,Accepted
Angela Cruz,18-25,Hispanic,18.3,96.8,Accepted
Nicole Wright,56+,African American,8.6,67.0,Rejected
Sara Howard,26-35,East Asian,17.7,75.6,Rejected
Sharon Rivas,26-35,Hispanic,11.6,84.2,Rejected
Theresa Mcgee,56+,Caucasian,13.5,80.6,Rejected
Cathy Le,36-45,Hispanic,7.0,88.5,Accepted
Susan Williamson,56+,South Asian,4.2,92.7,Accepted
Aaron Humphrey,46-55,Caucasian,12.6,94.7,Accepted
Laura Graves,26-35,Hispanic,5.5,68.3,Rejected
Lori Rollins,46-55,Middle Eastern,14.2,69.3,Rejected
Jennifer Thomas,26-35,Middle Eastern,8.7,93.2,Accepted
Michael Turner,36-45,South Asian,18.8,89.4,Accepted
Jacob Garcia,36-45,Middle Eastern,8.9,92.5,Accepted
Misty Medina,26-35,African American,1.6,79.9,Rejected
Evelyn Wyatt,18-25,Middle Eastern,12.7,84.7,Rejected
Charlotte Archer,56+,Hispanic,18.6,94.0,Accepted
Angela Jacobs,36-45,East Asian,3.7,97.1,Accepted
Courtney Scott,56+,Caucasian,19.4,80.8,Rejected
Evan Medina,56+,Middle Eastern,8.2,82.4,Rejected
Hunter Dennis,56+,African American,14.9,69.8,Rejected
Brandon Parker,46-55,East Asian,1.9,88.4,Accepted
Alec Murphy,56+,East Asian,9.1,66.2,Rejected
Roy Lucero,56+,Caucasian,11.5,76.0,Rejected
Matthew Rogers,56+,Hispanic,10.2,69.7,Rejected
Barbara Rhodes,36-45,South Asian,7.0,81.7,Accepted
Andrea Kemp,36-45,African American,13.8,76.3,Rejected
Douglas Gonzalez,46-55,Caucasian,1.2,66.0,Rejected
Justin Harris,36-45,African American,17.9,76.9,Rejected
Eric Flores,56+,Hispanic,10.3,79.2,Rejected
Matthew Deleon,18-25,African American,6.5,66.9,Rejected
Daniel Scott,56+,Hispanic,16.0,79.9,Rejected
Jeffrey Gibson,46-55,East Asian,7.3,76.0,Rejected
Samuel Williams,26-35,Caucasian,4.9,72.8,Rejected
Joshua Santos,46-55,East Asian,12.7,65.9,Rejected
Danielle Willis MD,26-35,African American,3.5,91.4,Accepted
James Mayer,36-45,Middle Eastern,2.7,66.9,Rejected
Robin Simpson,46-55,East Asian,11.5,94.5,Accepted
Mason Lee,26-35,Caucasian,2.3,87.6,Accepted
James Delgado,26-35,Middle Eastern,3.7,98.4,Accepted
Robert Jimenez,46-55,Caucasian,8.4,80.3,Rejected
Madeline Cook,26-35,South Asian,19.9,84.7,Accepted
Benjamin Love,26-35,African American,13.4,73.9,Rejected
David Walker,18-25,Caucasian,1.5,65.1,Rejected
Joshua Palmer,36-45,Hispanic,16.1,79.6,Rejected
Michael Vance,46-55,East Asian,5.9,81.3,Rejected
Kimberly Brown,36-45,African American,3.9,96.0,Accepted
Kyle Terry,36-45,African American,19.3,99.0,Accepted
Robert Hernandez,26-35,Hispanic,4.8,72.7,Rejected
Heather Kirby,46-55,South Asian,13.6,72.6,Rejected
Sherry Murphy,56+,African American,8.2,95.3,Accepted
Robert Green,56+,Middle Eastern,10.0,97.6,Accepted
Lindsay Robinson,56+,South Asian,14.2,69.2,Rejected
Ronnie Torres,18-25,Hispanic,13.4,90.7,Accepted
Marie Jackson,46-55,East Asian,7.4,84.8,Accepted
Richard Forbes,26-35,African American,17.2,75.0,Rejected
Melissa Ross,26-35,South Asian,17.4,66.2,Rejected
Kathy Glover,46-55,African American,10.6,74.7,Rejected
Amanda Webster,36-45,East Asian,1.4,67.2,Rejected
William Mcdonald,46-55,East Asian,12.6,78.8,Rejected
David Kelley,36-45,Hispanic,5.6,78.7,Rejected
Michael Crawford,56+,African American,9.0,81.3,Rejected
Kelly Crawford,46-55,South Asian,4.0,83.0,Accepted
Mr. Nicholas Cowan,36-45,Caucasian,15.5,66.2,Rejected
Hannah Ramirez,46-55,Hispanic,17.0,81.8,Rejected
Brian Mcdaniel,56+,Middle Eastern,4.9,94.3,Accepted
Sherri Woods,46-55,South Asian,2.8,89.3,Accepted
Pamela Frazier,46-55,Middle Eastern,10.3,65.1,Rejected
Bruce Lopez,18-25,Hispanic,9.2,68.9,Rejected
Tammy Riddle,36-45,African American,13.5,69.2,Rejected
Ronald Compton,18-25,Hispanic,19.0,88.3,Accepted
Linda Arnold,36-45,African American,6.6,66.0,Rejected
Christopher Logan,26-35,Middle Eastern,17.7,86.7,Rejected
Misty Norman,46-55,East Asian,1.0,75.6,Rejected
Jason Hammond,26-35,African American,11.9,98.9,Accepted
Kayla Donaldson,56+,Hispanic,15.2,84.7,Rejected
Andrew Mills,56+,African American,3.9,72.0,Rejected
Jessica Nguyen,18-25,Middle Eastern,13.7,70.3,Rejected
Gabriel Bowen,56+,East Asian,10.9,67.6,Rejected
Stanley Rivera,18-25,African American,10.5,87.6,Rejected
Regina Davis,56+,Middle Eastern,7.0,92.7,Accepted
Courtney Cruz,36-45,East Asian,7.3,88.2,Accepted
Jason Campbell,56+,African American,6.6,86.7,Rejected
Charlene Lester,18-25,South Asian,3.2,70.5,Rejected
Alicia Henry,56+,Hispanic,2.5,70.6,Rejected
John Conrad,56+,Hispanic,13.2,95.7,Accepted
Andrew Davis,36-45,East Asian,1.9,85.5,Accepted
Katherine Simmons,56+,Caucasian,16.3,74.8,Rejected
Yvonne Waters,46-55,African American,17.8,90.9,Rejected
Steven Sosa,56+,African American,19.5,74.4,Rejected
Jennifer Bauer,36-45,East Asian,4.4,73.8,Rejected
Mark Thornton,36-45,South Asian,3.9,87.9,Accepted
Emily Miller,36-45,African American,6.5,65.9,Rejected
Travis Franklin,46-55,South Asian,15.8,84.0,Accepted
Belinda Chavez,46-55,Caucasian,3.3,88.7,Accepted
Jeffrey Castillo,56+,Middle Eastern,12.0,84.3,Rejected
Ricky Smith,36-45,Middle Eastern,8.7,98.2,Accepted
Christine Hayes,36-45,Hispanic,1.1,68.0,Rejected
Mary Lara,36-45,African American,12.9,89.9,Accepted
Linda Christian,56+,Caucasian,3.8,65.4,Rejected
Belinda Aguirre,46-55,Hispanic,1.3,68.3,Rejected
Charles Owen DVM,36-45,Middle Eastern,8.9,87.2,Rejected
Wanda Hudson,26-35,Middle Eastern,8.7,88.4,Accepted
Alison Torres,36-45,Middle Eastern,12.1,91.8,Accepted
Julia Gonzalez,26-35,South Asian,6.8,75.9,Rejected
Ryan Morris,26-35,East Asian,4.4,72.5,Rejected
Mary Jackson,18-25,Middle Eastern,13.5,68.0,Rejected
Heather Vazquez,36-45,East Asian,16.8,74.1,Rejected
Mr. Joseph Willis,18-25,African American,6.7,96.5,Accepted
Samuel Duncan,46-55,Caucasian,11.4,85.4,Accepted
Ryan Jones Jr.,36-45,African American,11.8,97.9,Accepted
Krista Taylor,46-55,Caucasian,9.7,77.6,Rejected
Jennifer Richardson,46-55,Hispanic,10.7,77.6,Rejected
Lauren Martin,18-25,South Asian,13.5,94.1,Accepted
Paul Reyes,56+,African American,9.4,79.5,Rejected
David Taylor DDS,56+,Hispanic,13.5,65.2,Rejected
Zachary Williams,18-25,South Asian,18.1,81.8,Accepted
Sarah Washington,18-25,Hispanic,10.8,68.4,Rejected
Kristopher Velasquez,26-35,East Asian,3.5,88.7,Accepted
Kristen Benson,18-25,South Asian,9.0,87.7,Accepted
Andrea Williams,56+,Middle Eastern,3.6,70.0,Rejected
Anthony Hernandez,56+,East Asian,8.1,77.0,Rejected
James Mercado,36-45,African American,13.8,87.1,Rejected
Jay Perez,26-35,East Asian,2.4,90.0,Accepted
Cindy Ortega,26-35,Middle Eastern,7.2,69.8,Rejected
Rebecca Williams,56+,Middle Eastern,15.1,84.1,Rejected
Erica Nguyen,46-55,Middle Eastern,5.1,85.3,Rejected
Melissa Gray,46-55,East Asian,12.2,81.3,Rejected
Marcia Roth,26-35,Hispanic,13.1,81.7,Rejected
Micheal Collins,18-25,African American,14.8,83.3,Rejected
Jessica Valenzuela,18-25,South Asian,18.3,97.9,Accepted
Caroline Thomas,46-55,African American,9.9,85.1,Rejected
Tiffany Robertson,56+,Caucasian,11.2,76.2,Rejected
Amy Spears,26-35,East Asian,8.1,83.8,Accepted
Jose Rivera,18-25,Hispanic,18.1,66.9,Rejected
Chris Walker,26-35,South Asian,12.1,74.0,Rejected
Jacqueline Johnson,36-45,Middle Eastern,14.2,67.6,Rejected
Shawn Jones,26-35,African American,2.6,89.4,Accepted
Cory Johnson,26-35,Hispanic,3.7,82.5,Rejected
Roger Hale,18-25,Hispanic,15.0,80.0,Rejected
Amy Mclean,56+,South Asian,4.8,82.6,Rejected
Mason Butler,56+,Hispanic,13.7,97.5,Accepted
Robert Jackson,36-45,African American,3.4,98.2,Accepted
Christie Howard,46-55,African American,5.0,85.7,Rejected
Matthew Hogan Jr.,26-35,Middle Eastern,4.6,74.9,Rejected
Kyle Smith,26-35,Caucasian,17.4,87.2,Accepted
Ralph Graham,26-35,South Asian,4.1,75.6,Rejected
Mr. Michael Kirby,18-25,Caucasian,1.9,90.4,Accepted
Patricia Lopez,18-25,East Asian,7.8,79.7,Rejected
Wesley Hines,26-35,Middle Eastern,9.0,69.1,Rejected
Katherine Cooper,26-35,Caucasian,10.7,65.1,Rejected
Brianna Crawford,26-35,Middle Eastern,19.3,65.6,Rejected
Eric Palmer,46-55,Middle Eastern,8.4,78.8,Rejected
Christopher Keller,46-55,East Asian,3.7,70.3,Rejected
Rachel Rice DDS,46-55,Caucasian,1.1,85.6,Accepted
James Walker,36-45,Hispanic,5.6,88.8,Accepted
Joshua Johnson,18-25,African American,19.2,83.3,Rejected
Donna Williams,26-35,African American,9.8,67.8,Rejected
Amanda Rubio,46-55,Hispanic,7.5,87.5,Rejected
Amy Stephenson,36-45,Hispanic,15.2,69.6,Rejected
Ashley Gomez,26-35,South Asian,17.0,75.2,Rejected
Kristopher Hayes,18-25,Caucasian,9.9,67.9,Rejected
Victoria Kelley,36-45,Hispanic,8.4,96.3,Accepted
James Acosta,26-35,Hispanic,1.9,67.4,Rejected
Mr. Steven Washington,46-55,African American,19.6,76.8,Rejected
Andrew Stevens,56+,African American,15.6,78.6,Rejected
Dorothy Johnson,26-35,Middle Eastern,9.7,83.9,Rejected
Dr. Cynthia Smith,46-55,South Asian,4.4,73.1,Rejected
Melissa Phillips,56+,East Asian,8.2,83.5,Accepted
Jacob Molina,26-35,Hispanic,1.4,72.2,Rejected
Jason Moyer,56+,Middle Eastern,5.2,67.1,Rejected
Christopher Miller,56+,Hispanic,19.2,73.8,Rejected
Mary Garza,26-35,East Asian,17.7,66.8,Rejected
Peter Franklin,56+,African American,19.5,85.0,Rejected
Stacy Hines,56+,South Asian,15.6,92.0,Accepted
Sarah Gay,18-25,East Asian,1.6,98.7,Accepted
Sabrina Barr,36-45,African American,11.0,91.9,Accepted
John Carter,36-45,Caucasian,16.2,89.8,Accepted
Jane Shepard,46-55,South Asian,16.8,90.6,Accepted
Christopher Barber,36-45,African American,4.1,95.8,Accepted
Mr. Thomas Conrad,18-25,Caucasian,7.4,75.8,Rejected
Jessica Wolf,46-55,Middle Eastern,15.0,72.8,Rejected
Lauren Riley,56+,Caucasian,5.9,71.9,Rejected
Jonathan Riley,26-35,Middle Eastern,9.9,92.4,Accepted
Stephanie Turner,18-25,Hispanic,13.0,85.6,Rejected
Sara Torres,46-55,Caucasian,11.1,95.2,Accepted
Stephanie Tanner MD,26-35,Hispanic,12.2,72.2,Rejected
Nicole Solomon,56+,African American,3.0,90.1,Rejected
Gina Castaneda,36-45,Caucasian,19.9,97.2,Accepted
Cole Williams,26-35,East Asian,19.3,82.4,Accepted
Amy Shaw,18-25,Hispanic,5.5,93.4,Accepted
Karen Long,36-45,African American,12.6,74.0,Rejected
Alisha Dean,56+,Middle Eastern,15.0,86.0,Rejected
Robert Tucker,36-45,South Asian,7.8,97.0,Accepted
Matthew Pham,36-45,Caucasian,15.5,81.6,Accepted
Jamie Francis,18-25,Hispanic,9.5,98.0,Accepted
Katelyn Garcia,26-35,East Asian,2.3,80.9,Accepted
Devin Franco,18-25,East Asian,12.4,86.6,Accepted
Christopher Wong,56+,East Asian,15.0,79.8,Rejected
Roger Tucker,36-45,East Asian,19.0,93.4,Accepted
Amy Booker,36-45,Middle Eastern,10.0,83.8,Rejected
Laura Burnett,36-45,South Asian,2.3,87.6,Accepted
Todd Johnson,36-45,Caucasian,11.0,90.9,Accepted
Frank Wilson,36-45,South Asian,3.3,91.0,Accepted
Caleb Washington,18-25,Caucasian,11.4,76.8,Rejected
Dr. Monique Johnson,26-35,Hispanic,19.4,80.4,Rejected
Grant Romero III,56+,East Asian,9.0,83.0,Accepted
Jordan Boyd,56+,Middle Eastern,7.2,69.6,Rejected
Mary Crawford,36-45,South Asian,16.3,82.0,Accepted
Richard Mullins,26-35,Middle Eastern,16.7,97.0,Accepted
Angela Hernandez,56+,Hispanic,18.6,84.6,Rejected
Lisa Vasquez,26-35,Middle Eastern,11.5,86.9,Rejected
Julie Long,36-45,East Asian,13.9,67.8,Rejected
Colleen Ward,18-25,Caucasian,7.1,70.0,Rejected
Megan Lewis,18-25,East Asian,4.9,84.2,Accepted
Daniel Salas,36-45,African American,5.3,98.1,Accepted
Tiffany Henry,26-35,South Asian,2.3,81.0,Accepted
Jason Smith,56+,Middle Eastern,14.5,86.1,Rejected
Nicole Aguilar,56+,East Asian,5.3,78.2,Rejected
Charles Rodriguez,18-25,South Asian,2.0,87.6,Accepted
Maria Hartman,46-55,Caucasian,17.7,70.5,Rejected
John Wilson,46-55,African American,10.7,83.5,Rejected
Jennifer Wolfe,26-35,Hispanic,5.7,92.4,Accepted
Wendy Acosta,56+,East Asian,15.5,78.9,Rejected
Sally Stephenson,18-25,Hispanic,13.6,65.3,Rejected
Scott Stewart,26-35,Middle Eastern,15.9,87.8,Rejected
Ethan Erickson,26-35,Middle Eastern,17.3,98.3,Accepted
Mary Price,56+,Caucasian,6.1,68.4,Rejected
Joshua Lynch,36-45,Hispanic,3.8,69.3,Rejected
Mariah Gonzalez,18-25,East Asian,17.0,88.5,Accepted
Sarah Ochoa,18-25,East Asian,4.2,84.4,Accepted
Holly Vance,18-25,African American,8.1,90.0,Accepted
Michael Taylor,46-55,East Asian,4.4,84.2,Accepted
Evan Brown,56+,African American,7.7,96.3,Accepted
Erik Armstrong,26-35,Middle Eastern,2.6,75.0,Rejected
Jackie Gonzalez,56+,Hispanic,7.2,89.1,Rejected
Jamie Phillips,36-45,Caucasian,1.4,69.7,Rejected
Michael Young,56+,East Asian,12.2,78.5,Rejected
Crystal Duke,26-35,South Asian,5.7,65.1,Rejected
Sarah Thomas,56+,Hispanic,2.7,66.2,Rejected
Toni Wong,18-25,East Asian,3.6,72.5,Rejected
Christine Spencer,26-35,Caucasian,13.4,81.8,Accepted
William Hurley,56+,South Asian,8.8,76.3,Rejected
Richard Estrada,26-35,African American,13.1,67.6,Rejected
Christopher Winters Jr.,18-25,Caucasian,11.9,88.3,Accepted
Mrs. Jenny Mckee MD,36-45,South Asian,14.3,72.6,Rejected
Jose Hill,26-35,South Asian,12.2,67.6,Rejected
Christopher Huffman,18-25,Caucasian,16.7,80.2,Accepted
Derek Taylor,56+,African American,1.7,95.5,Accepted
Katelyn Branch,18-25,Middle Eastern,10.0,82.3,Rejected
Jeffrey Armstrong,26-35,African American,6.0,65.5,Rejected
Yvette Burgess,56+,Middle Eastern,3.0,91.8,Accepted
Karen Orozco,56+,South Asian,19.5,90.3,Accepted
Ashlee Freeman,26-35,Middle Eastern,12.8,83.3,Rejected
Brent Mitchell,56+,African American,17.5,90.0,Rejected
Erik Evans DDS,26-35,Hispanic,12.6,71.3,Rejected
Hannah Dean,36-45,African American,14.2,67.2,Rejected
Adam Taylor,46-55,East Asian,19.9,98.5,Accepted
Miranda Warner,36-45,Hispanic,18.0,81.0,Rejected
Daniel Dean,18-25,Caucasian,14.9,84.9,Accepted
Connie Cline,36-45,Caucasian,3.6,76.6,Rejected
Kathleen Wolfe,36-45,Hispanic,12.6,92.7,Accepted
Patricia Wilson,46-55,Middle Eastern,11.8,82.6,Rejected
Derek Roach,56+,Hispanic,11.1,92.4,Accepted
Rodney Chang,26-35,African American,17.4,67.8,Rejected
Janet Hart,36-45,Hispanic,18.1,83.2,Rejected
Joshua Chung,46-55,African American,7.9,84.9,Rejected
Richard Jacobs,46-55,Hispanic,8.6,88.3,Rejected
Heather Hernandez,36-45,East Asian,12.2,66.4,Rejected
Justin Morgan,18-25,Hispanic,6.8,74.5,Rejected
Gabriel Bonilla,46-55,Middle Eastern,3.8,66.3,Rejected
Tammie Kelly,46-55,African American,12.1,88.6,Rejected
Rebecca Dawson,36-45,Middle Eastern,8.3,93.4,Accepted
Russell Peterson,26-35,South Asian,18.8,73.5,Rejected
Larry Buckley,56+,Middle Eastern,8.3,93.7,Accepted
John Rojas,26-35,East Asian,6.7,95.9,Accepted
Benjamin Sims,36-45,Caucasian,9.9,80.9,Accepted
Joel Nelson,26-35,East Asian,19.0,81.3,Accepted
Gavin Collins,56+,Middle Eastern,11.3,66.4,Rejected
Vernon Dean,26-35,Middle Eastern,5.8,77.4,Rejected
Monique May,36-45,South Asian,16.7,77.8,Rejected
Allison Gray,56+,Hispanic,5.7,88.4,Rejected
David Anthony,26-35,Middle Eastern,17.4,81.8,Rejected
James Miranda,36-45,South Asian,6.3,66.4,Rejected
Debra Mathews,36-45,South Asian,14.3,71.6,Rejected
Vanessa Stevens,18-25,South Asian,2.9,79.2,Rejected
Jason Meyer,56+,Hispanic,5.4,93.5,Accepted
Joshua Allen,46-55,Caucasian,8.6,77.9,Rejected
Connie Steele,26-35,Hispanic,4.3,93.6,Accepted
Kathy Merritt,56+,African American,4.1,80.8,Rejected
Maria Walker,26-35,African American,9.4,73.9,Rejected
John Davis,36-45,South Asian,2.2,66.1,Rejected
Jeremy Curtis,26-35,Caucasian,16.8,76.4,Rejected
Darren May,36-45,African American,9.3,82.7,Rejected
George Gregory,26-35,Caucasian,15.1,85.9,Accepted
Robert Price,56+,East Asian,16.6,70.9,Rejected
Jeffery Ortiz,36-45,Caucasian,19.3,85.8,Accepted
Rodney Williams,46-55,Caucasian,12.6,68.2,Rejected
Richard Davidson,36-45,Hispanic,7.0,82.3,Rejected
Sara Ortiz,26-35,African American,4.2,69.2,Rejected
Jonathan Schmidt,56+,African American,17.4,95.6,Accepted
Dennis Kline,26-35,African American,19.0,66.0,Rejected
Lisa Stewart,26-35,East Asian,4.2,68.9,Rejected
Katherine Graham,56+,East Asian,11.1,70.4,Rejected
Manuel Hall,26-35,Caucasian,10.2,85.6,Accepted
Victor Gibson,36-45,South Asian,15.3,96.9,Accepted
Tammy Cooke,46-55,South Asian,13.3,67.6,Rejected
Kimberly Valenzuela,56+,Hispanic,7.4,71.4,Rejected
Kendra Brown,18-25,Hispanic,7.2,72.8,Rejected
Autumn Carroll,26-35,Middle Eastern,6.6,85.3,Rejected
Diane Reeves,56+,Hispanic,16.8,87.3,Rejected
Christopher Sanders,46-55,Hispanic,17.2,81.5,Rejected
Dr. Glenn Lowe,46-55,East Asian,7.4,87.7,Accepted
Kimberly West,18-25,Middle Eastern,17.6,97.0,Accepted
Richard Church,46-55,East Asian,3.0,83.1,Accepted
Jim Patrick,18-25,East Asian,7.8,80.2,Accepted
Emily Garcia,18-25,African American,6.9,83.4,Rejected
Daniel Sellers,18-25,Hispanic,4.5,71.8,Rejected
Robert Moody,46-55,Hispanic,11.2,74.5,Rejected
Anthony Martin,36-45,East Asian,13.6,97.2,Accepted
Kevin Taylor,36-45,Caucasian,16.5,78.3,Rejected
Randy Watts,18-25,African American,2.7,94.8,Accepted
Dakota Edwards,36-45,Middle Eastern,15.1,82.7,Rejected
Sheila Wheeler,36-45,Hispanic,17.3,72.3,Rejected
Tara Gallagher,18-25,Caucasian,14.6,66.7,Rejected
Keith West,46-55,Middle Eastern,1.9,68.4,Rejected
Bradley Fisher,46-55,African American,10.7,91.5,Accepted
Kevin Russell,26-35,South Asian,11.3,81.8,Accepted
Matthew Chavez,26-35,East Asian,14.9,67.2,Rejected
Melinda Bradley,46-55,Middle Eastern,6.2,72.2,Rejected
Jessica Underwood,56+,Caucasian,9.8,83.3,Accepted
Laurie Grant,26-35,South Asian,14.5,85.2,Accepted
Tammy Preston,18-25,African American,2.5,81.0,Rejected
Lori White,18-25,African American,5.4,65.1,Rejected
Scott Rose,26-35,South Asian,10.2,76.8,Rejected
Julie Dunn,18-25,East Asian,11.6,84.2,Accepted
Roger Mitchell,56+,East Asian,18.3,81.9,Rejected
Cameron Green,36-45,East Asian,1.1,67.2,Rejected
Carl Myers,36-45,South Asian,19.8,68.1,Rejected
Ashley Jackson,18-25,Hispanic,2.6,88.5,Accepted
Yolanda Lopez,46-55,Hispanic,8.2,91.9,Accepted
Lisa Thomas,26-35,Caucasian,2.3,81.4,Accepted
Thomas Diaz,56+,Caucasian,15.2,65.7,Rejected
Angela Paul,36-45,Caucasian,1.5,67.2,Rejected
Cheryl Durham,18-25,South Asian,6.0,89.0,Accepted
Glenda Ali,26-35,Middle Eastern,3.2,90.7,Accepted
Stephen Lewis,26-35,Hispanic,4.4,88.3,Accepted
Pamela Fitzgerald,46-55,Middle Eastern,18.7,78.9,Rejected
Robert Middleton,46-55,East Asian,19.1,87.1,Accepted
Jason Gamble,18-25,African American,1.6,85.0,Rejected
Marissa Cohen,46-55,Middle Eastern,13.4,76.4,Rejected
Christine Everett,18-25,South Asian,16.4,90.1,Accepted
Gary Johnson,18-25,Hispanic,3.8,86.8,Rejected
Jennifer Valenzuela,26-35,African American,7.8,74.9,Rejected
Walter Murphy,26-35,African American,5.4,98.9,Accepted
Kristine Thompson,56+,Middle Eastern,1.1,97.9,Accepted
James Buck,56+,Middle Eastern,2.7,85.5,Rejected
Russell Lambert,36-45,South Asian,7.6,88.2,Accepted
David Rowland,46-55,African American,17.6,95.4,Accepted
Benjamin Rodriguez,26-35,East Asian,8.7,97.5,Accepted
Manuel Kemp,36-45,Middle Eastern,5.1,74.2,Rejected
Kevin Jones,56+,South Asian,4.4,91.0,Accepted
Dakota Bentley,26-35,Caucasian,17.6,89.1,Accepted
Megan Calderon,18-25,African American,10.8,66.3,Rejected
Rhonda Reynolds,56+,African American,6.6,96.2,Accepted
Erin Gray,56+,African American,4.4,84.2,Rejected
Christopher Robbins,26-35,Caucasian,1.6,71.2,Rejected
Howard Steele,36-45,South Asian,12.9,82.2,Accepted
Carlos Chung,46-55,East Asian,13.9,85.8,Accepted
Danielle Summers,46-55,South Asian,5.0,68.0,Rejected
Linda Williams,26-35,East Asian,6.4,90.4,Accepted
Peggy Campbell,36-45,Hispanic,3.8,96.5,Accepted
Juan Crawford,46-55,South Asian,13.9,66.8,Rejected
Nicholas Kirby,26-35,Hispanic,2.9,79.7,Rejected
Patricia Thompson,46-55,Caucasian,16.6,80.0,Rejected
Robin Hamilton,36-45,Hispanic,11.3,82.7,Rejected
Julie Perry,56+,Hispanic,1.2,95.8,Accepted
William Gonzalez,26-35,Hispanic,16.5,88.2,Accepted
Lauren Russo,26-35,Middle Eastern,2.5,67.4,Rejected
Kimberly Nelson,26-35,African American,4.8,90.0,Accepted
Brian Taylor,46-55,Hispanic,17.3,87.1,Rejected
Regina Estrada,36-45,Caucasian,18.2,66.5,Rejected
Sean Wright,46-55,Caucasian,15.9,68.3,Rejected
Thomas Smith,56+,Caucasian,12.2,96.8,Accepted
Allison Hardy,18-25,Hispanic,6.1,75.2,Rejected
Craig Jones,26-35,Middle Eastern,7.6,74.9,Rejected
Mark Mitchell,46-55,Middle Eastern,1.8,72.7,Rejected
Veronica Hardin,26-35,East Asian,9.6,75.9,Rejected
Brianna Fitzgerald,56+,South Asian,10.6,97.3,Accepted
Denise Davis,26-35,Hispanic,11.4,68.7,Rejected
Christine Matthews,18-25,African American,5.0,65.0,Rejected
Matthew Barker,18-25,South Asian,15.0,83.0,Accepted
Annette Wilkerson,26-35,African American,10.4,97.7,Accepted
Marcus Parks,46-55,East Asian,13.1,93.5,Accepted
Melissa Moreno,46-55,Hispanic,8.5,74.7,Rejected
Jonathan Garcia,36-45,Hispanic,13.0,93.8,Accepted
Sara Barker,18-25,South Asian,19.2,84.6,Accepted
Matthew Henson,36-45,East Asian,15.2,70.8,Rejected
Katherine Campos,18-25,Middle Eastern,19.1,65.8,Rejected
Steven Skinner,26-35,Middle Eastern,5.3,70.3,Rejected
Ashlee Ryan,46-55,African American,10.9,69.9,Rejected
Lauren Lee,18-25,Hispanic,14.4,76.0,Rejected
Robert Campbell,36-45,Middle Eastern,7.9,83.7,Rejected
Jennifer Moore,46-55,Middle Eastern,18.7,95.4,Accepted
Olivia Hill,18-25,South Asian,15.3,88.2,Accepted
Sara Robertson,26-35,Middle Eastern,7.1,91.4,Accepted
Kathryn Gutierrez,18-25,Middle Eastern,6.0,69.7,Rejected
Zachary Crane,36-45,Caucasian,10.4,68.3,Rejected
Eric Meadows,26-35,Middle Eastern,8.9,76.0,Rejected
Nancy Flores,56+,Middle Eastern,1.6,72.9,Rejected
Phillip Solis,26-35,Middle Eastern,11.5,95.5,Accepted
Brittany Mitchell,36-45,East Asian,15.6,65.1,Rejected
Angela Peck,18-25,Middle Eastern,18.2,81.4,Rejected
Sonya Smith,18-25,South Asian,16.1,74.4,Rejected
Paul Walsh,18-25,Middle Eastern,18.6,78.2,Rejected
Mitchell Adams,46-55,African American,12.5,96.8,Accepted
Erik Gamble,36-45,Caucasian,11.9,81.4,Accepted
Kristopher Washington,46-55,South Asian,3.2,85.7,Accepted
Mrs. Melissa Wells DVM,26-35,East Asian,8.8,70.3,Rejected
Cynthia Taylor,36-45,Hispanic,10.5,65.3,Rejected
Melissa Lewis,56+,East Asian,1.9,93.4,Accepted
Clinton Kelly,36-45,Middle Eastern,14.4,90.2,Accepted
Lucas Garcia,26-35,Hispanic,16.4,86.5,Rejected
Jocelyn Spencer,36-45,Caucasian,9.1,97.4,Accepted
Steven Moran,56+,Middle Eastern,7.4,71.5,Rejected
Katherine Petersen,26-35,Middle Eastern,15.7,73.9,Rejected
Danielle Washington,36-45,Hispanic,3.5,94.0,Accepted
Robert Williams,26-35,Caucasian,18.0,67.7,Rejected
Corey Hall,26-35,African American,7.9,87.5,Rejected
Jason Lopez DDS,26-35,Middle Eastern,11.4,77.6,Rejected
Eric Jones,18-25,Caucasian,12.6,76.2,Rejected
Lindsay Jones,46-55,Caucasian,14.8,72.0,Rejected
Brian Patterson,18-25,Caucasian,11.6,84.9,Accepted
Joshua Hayes,56+,Caucasian,14.8,66.0,Rejected
Erik Adams,18-25,Middle Eastern,19.0,80.0,Rejected
Jessica Hoover,18-25,South Asian,5.2,97.6,Accepted
Tyler Scott,46-55,Hispanic,16.3,65.3,Rejected
Ryan Rivera,56+,Hispanic,8.1,89.6,Rejected
Dustin Hubbard,36-45,South Asian,6.6,71.9,Rejected
Diana Hall,36-45,Caucasian,2.6,88.3,Accepted
Michael Delacruz,18-25,African American,5.2,85.9,Rejected
Cynthia Stewart,36-45,Middle Eastern,18.2,81.1,Rejected
Kimberly Jenkins,46-55,Middle Eastern,12.0,91.2,Accepted
Paul Lewis,18-25,Middle Eastern,17.5,66.6,Rejected
Kristin Huff,18-25,Caucasian,17.4,66.3,Rejected
Matthew Stevens,26-35,Hispanic,16.4,76.0,Rejected
Brad Allen,18-25,Middle Eastern,8.4,90.9,Accepted
Hayley Horton,56+,East Asian,11.9,98.9,Accepted
David Mullen,46-55,East Asian,4.7,68.2,Rejected
Mary Juarez,56+,East Asian,4.4,87.2,Accepted
Veronica Holder,46-55,Caucasian,6.2,80.9,Rejected
Maria Kennedy,36-45,East Asian,12.7,76.4,Rejected
Justin Green,26-35,African American,15.8,75.0,Rejected
Kristin Watts,18-25,African American,11.4,77.8,Rejected
Angela Alvarez,36-45,African American,15.1,68.8,Rejected
Pamela Baker,56+,Caucasian,14.2,98.0,Accepted
Paul Bradshaw,26-35,East Asian,17.3,92.9,Accepted
Kristin Miller,26-35,African American,12.4,89.9,Accepted
John Gibbs,46-55,South Asian,3.4,86.6,Accepted
Matthew Edwards,46-55,Caucasian,17.0,84.4,Accepted
Gregory Perkins,46-55,Hispanic,9.5,82.4,Rejected
Paul Terrell,26-35,East Asian,8.9,98.3,Accepted
Linda Jackson,56+,South Asian,4.3,66.9,Rejected
Joseph Wood,46-55,African American,2.3,66.9,Rejected
Kelly Taylor,18-25,East Asian,13.8,66.3,Rejected
Matthew Wells,46-55,South Asian,9.5,73.4,Rejected
Carrie Stewart,18-25,Caucasian,4.9,87.1,Accepted
Thomas Nguyen,36-45,South Asian,16.7,71.3,Rejected
Jacqueline Andrews,26-35,African American,20.0,71.0,Rejected
Jonathan Tyler,18-25,East Asian,19.2,65.7,Rejected
Michael Carpenter,26-35,Hispanic,12.2,90.1,Accepted
Darius Lutz,18-25,African American,8.7,92.2,Accepted
Travis Waters,36-45,South Asian,4.7,95.4,Accepted
Sarah Dean,26-35,South Asian,19.7,97.2,Accepted
Lisa Crawford,18-25,Middle Eastern,19.5,65.7,Rejected
Jason Mcbride,56+,Hispanic,11.4,76.0,Rejected
Brianna Burke,36-45,South Asian,18.5,76.7,Rejected
Crystal Livingston,26-35,East Asian,7.0,87.7,Accepted
Katie Campbell,36-45,South Asian,1.6,77.6,Rejected
David Moore,18-25,Hispanic,19.7,79.4,Rejected
Amy Marshall,36-45,South Asian,6.8,88.3,Accepted
Laura Bradshaw,18-25,South Asian,4.6,75.2,Rejected
Jorge Barnes PhD,18-25,Hispanic,8.7,89.2,Accepted
Ashley Ortiz,46-55,Hispanic,8.4,82.0,Rejected
Dr. Donald Allen PhD,26-35,Middle Eastern,11.9,92.5,Accepted
Steven Wells,56+,Middle Eastern,12.2,69.5,Rejected
Megan Stanley,36-45,African American,5.1,87.8,Rejected
Michael Perry,36-45,South Asian,2.8,82.8,Accepted
Claudia Cox,18-25,Hispanic,5.7,72.2,Rejected
Bridget Reilly,18-25,Hispanic,8.2,96.9,Accepted
Rachel Richardson,56+,Middle Eastern,3.7,85.6,Rejected
John Vang,36-45,Middle Eastern,4.3,77.5,Rejected
Nancy Hoover,46-55,East Asian,19.8,82.8,Rejected
Stacy Tran,36-45,Hispanic,4.8,83.4,Rejected
Elizabeth Velasquez,56+,African American,16.1,94.2,Accepted
Kevin Khan,56+,Caucasian,8.6,91.9,Accepted
Leonard Norris,46-55,South Asian,10.8,83.2,Accepted
Sheila Foster,56+,Caucasian,11.6,75.7,Rejected
John Fernandez,36-45,African American,18.8,67.6,Rejected
Nicholas Thomas,56+,African American,13.8,66.0,Rejected
Megan Decker,46-55,Hispanic,12.5,76.9,Rejected
Jordan Rodriguez,18-25,East Asian,5.5,74.6,Rejected
Angel Parker,26-35,Middle Eastern,2.4,80.8,Rejected
Barry Black,18-25,African American,5.0,71.0,Rejected
Mr. Sean Rodriguez,46-55,East Asian,15.3,72.8,Rejected
Dawn Garza,18-25,South Asian,13.7,85.1,Accepted
Stephen Marshall,46-55,East Asian,11.6,81.7,Rejected
Steven Sellers,26-35,East Asian,10.3,88.7,Accepted
William Campbell,36-45,Caucasian,19.4,88.0,Accepted
Marilyn Rogers,18-25,South Asian,17.7,68.8,Rejected
Lauren Barker,46-55,Caucasian,11.4,90.9,Accepted
Aaron Morales,46-55,South Asian,11.4,82.9,Rejected
Jennifer Williams,26-35,South Asian,17.8,93.8,Accepted
Susan Hicks,46-55,Hispanic,19.6,73.6,Rejected
Elizabeth Patel,56+,South Asian,3.8,77.8,Rejected
Douglas Ramirez,26-35,East Asian,8.7,88.7,Accepted
Gregory Lam,36-45,South Asian,13.8,79.3,Rejected
Robert Douglas,18-25,Caucasian,12.5,71.9,Rejected
Benjamin Crawford,36-45,African American,10.2,94.6,Accepted
Ann Harris,36-45,African American,11.4,96.9,Accepted
Mr. Aaron Jensen,36-45,Middle Eastern,10.2,83.4,Rejected
Bradley Jackson,18-25,African American,1.7,81.1,Rejected
Emily Tyler,46-55,Hispanic,19.3,97.7,Accepted
Christine Burgess,56+,Middle Eastern,10.3,78.2,Rejected
Jesus Smith,46-55,Caucasian,3.9,72.6,Rejected
Susan Rodgers,36-45,Middle Eastern,14.6,91.4,Accepted
Jill Robles,46-55,Caucasian,17.9,98.7,Accepted
Justin Little,46-55,African American,7.9,81.0,Rejected
Laura King,46-55,South Asian,2.6,87.2,Accepted
Nicholas Rowe,26-35,Hispanic,7.4,95.6,Accepted
Courtney Webb,26-35,South Asian,2.6,79.7,Rejected
Elizabeth Golden,26-35,Middle Eastern,10.0,79.1,Rejected
Mary Phillips,26-35,Middle Eastern,17.0,84.1,Rejected
Aaron Hill,56+,Caucasian,2.6,88.5,Accepted
David Dean,36-45,African American,18.2,96.9,Accepted
Anthony Parker,18-25,South Asian,11.3,68.3,Rejected
Jodi Curtis,56+,Caucasian,1.6,90.4,Accepted
Carlos Collins,36-45,Hispanic,11.5,65.1,Rejected
Philip Ortega,18-25,Hispanic,1.7,68.4,Rejected
Emily Mullen,36-45,East Asian,5.2,70.8,Rejected
Steve Allen,36-45,Hispanic,13.5,89.4,Accepted
Chad Warner,36-45,Caucasian,3.5,89.8,Accepted
David Perez,56+,South Asian,4.7,96.9,Accepted
Andrea Miller,26-35,Hispanic,3.7,82.5,Rejected
Amy Martin,36-45,South Asian,13.5,73.3,Rejected
Evan Bauer,26-35,Caucasian,3.5,68.8,Rejected
Derrick Rowland,26-35,East Asian,12.8,78.9,Rejected
Zachary Gilmore,18-25,Hispanic,16.9,94.6,Accepted
Janet Sanchez,36-45,Caucasian,3.7,94.0,Accepted
Ronald Hill,18-25,South Asian,9.6,87.4,Accepted
Mary Gonzalez,56+,Middle Eastern,4.3,79.6,Rejected
John Zuniga,18-25,Middle Eastern,8.4,68.2,Rejected
Leah Osborne,56+,Caucasian,15.4,91.0,Accepted
Andrew Ramirez,26-35,Hispanic,19.7,70.0,Rejected
Kristopher Butler,36-45,Middle Eastern,19.4,83.9,Rejected
Robert Moran,56+,South Asian,7.3,93.2,Accepted
Cory Barnett,46-55,South Asian,16.1,76.6,Rejected
Joseph Peterson,56+,Hispanic,11.7,93.5,Accepted
Robert Day,18-25,Middle Eastern,2.6,86.6,Rejected
Amanda Murray DVM,18-25,East Asian,10.1,90.7,Accepted
Laura Acosta,26-35,African American,12.3,68.2,Rejected
Robert Merritt,18-25,Caucasian,16.1,95.4,Accepted
John Torres,36-45,Middle Eastern,18.0,73.2,Rejected
Joshua Rocha,26-35,Caucasian,16.2,75.1,Rejected
Jack Adams,56+,African American,9.2,93.7,Accepted
Ethan Larson,56+,South Asian,2.6,76.7,Rejected
Melissa Fuller,26-35,Hispanic,14.0,79.8,Rejected
Michael Smith,56+,Caucasian,4.8,82.6,Rejected
Harry Barrett,36-45,Hispanic,16.3,80.4,Rejected
Brianna Wilcox,36-45,Caucasian,10.9,93.3,Accepted
Hannah Summers,26-35,Middle Eastern,7.3,78.0,Rejected
Mario Briggs,18-25,South Asian,9.2,91.0,Accepted
Nicole Johnson,26-35,African American,6.3,96.8,Accepted
Joyce Craig,46-55,African American,12.1,85.5,Rejected
Marissa Aguilar,56+,Hispanic,6.0,76.2,Rejected
Fred Lindsey,46-55,Caucasian,2.0,70.9,Rejected
Dr. Vanessa Brown,56+,East Asian,2.9,77.9,Rejected
Jodi Pierce,56+,South Asian,5.6,80.5,Rejected
Makayla Mcbride,26-35,Hispanic,1.6,88.6,Accepted
Courtney Garcia,36-45,Middle Eastern,16.8,97.0,Accepted
Nicholas Moyer,18-25,South Asian,7.4,98.0,Accepted
John Miles,46-55,East Asian,15.0,82.8,Rejected
Lori Smith,36-45,Caucasian,15.2,75.3,Rejected
Jennifer Mills,26-35,East Asian,15.5,65.0,Rejected
Laura Hoffman,18-25,Hispanic,17.5,73.6,Rejected
Joseph Price,18-25,Caucasian,12.8,93.9,Accepted
April Velez,18-25,East Asian,2.6,84.1,Accepted
Kim Evans,18-25,South Asian,7.2,93.0,Accepted
Andrew Burke,18-25,Hispanic,8.8,65.7,Rejected
Jacob Glass,18-25,Hispanic,5.2,88.6,Accepted
Wesley Peterson,56+,Hispanic,10.5,84.2,Rejected
Cody Davis,26-35,Caucasian,5.1,97.8,Accepted
Jennifer Waller,18-25,African American,16.6,67.2,Rejected
Amanda Roberts,26-35,Caucasian,1.7,67.7,Rejected
David Giles,18-25,African American,8.1,82.3,Rejected
Jonathan Blake,18-25,Hispanic,14.4,77.9,Rejected
Mike Reed,26-35,South Asian,18.5,93.8,Accepted
Nathan Wilson,56+,African American,3.5,74.4,Rejected
Phillip Jackson,36-45,African American,7.8,98.6,Accepted
Kyle Murillo,46-55,South Asian,17.2,69.0,Rejected
William Guzman,56+,African American,5.8,95.0,Accepted
Jennifer Savage,26-35,South Asian,3.8,98.5,Accepted
Rachel Lucas,18-25,Caucasian,11.2,92.0,Accepted
Megan Walker,26-35,African American,10.3,94.0,Accepted
Andrew Garcia,26-35,African American,6.4,72.9,Rejected
Elizabeth Lane,46-55,Middle Eastern,13.2,83.1,Rejected
Jay Park,18-25,Caucasian,5.1,83.4,Accepted
Victor Levy,56+,African American,11.7,83.8,Rejected
Jason Copeland,56+,Caucasian,10.0,72.5,Rejected
Rhonda Smith,18-25,South Asian,8.1,78.4,Rejected
Joan Thompson,18-25,Middle Eastern,8.2,69.0,Rejected
Michael White,26-35,South Asian,4.2,95.0,Accepted
Patty Lowery,26-35,South Asian,1.5,81.5,Accepted
Robert Hart,26-35,African American,9.7,85.5,Rejected
Ashley Jennings,46-55,South Asian,17.8,92.4,Accepted
Cassandra Fowler,56+,East Asian,18.5,69.8,Rejected
Mark King,18-25,Middle Eastern,4.8,79.9,Rejected
Justin Copeland,56+,African American,10.5,86.7,Rejected
Katherine Le,46-55,African American,8.2,90.5,Rejected
Lindsey Scott,26-35,East Asian,15.8,70.4,Rejected
Anna Brady,56+,Hispanic,3.9,78.8,Rejected
Jamie Bradford,46-55,East Asian,10.8,70.4,Rejected
Ashley Keith,18-25,South Asian,4.4,69.4,Rejected
Amanda James,56+,African American,8.4,97.1,Accepted
Emily Douglas,26-35,African American,11.0,81.0,Rejected
Michelle Brown,36-45,East Asian,3.5,75.9,Rejected
Scott Smith,56+,African American,17.1,95.8,Accepted
Mark Watson,18-25,South Asian,5.1,97.2,Accepted
Jill Clark,46-55,African American,10.4,68.8,Rejected
Joel Barnett,56+,Caucasian,16.5,70.8,Rejected
Jeremiah Tyler,46-55,South Asian,17.1,87.0,Accepted
Jessica Wolf,18-25,Caucasian,1.2,65.9,Rejected
Vanessa Clay,46-55,Middle Eastern,5.5,67.5,Rejected
Julie Macdonald,18-25,East Asian,3.6,67.1,Rejected
Anthony Jones,36-45,Caucasian,4.5,68.8,Rejected
Michael Pierce,36-45,African American,15.3,87.0,Rejected
Katie Richardson,18-25,South Asian,2.0,83.3,Accepted
Juan Wagner,18-25,South Asian,5.9,82.5,Accepted
Matthew Ford,36-45,South Asian,3.4,89.3,Accepted
Duane Ho,18-25,African American,4.2,82.4,Rejected
Robert Alvarez,46-55,East Asian,18.5,80.7,Rejected
Mrs. Angela Myers DDS,46-55,South Asian,6.5,75.3,Rejected
Brittany Allen,36-45,Hispanic,9.8,77.0,Rejected
Jack Miller,36-45,Middle Eastern,3.3,71.8,Rejected
Carol Stephens,18-25,Hispanic,12.6,72.9,Rejected
Christina Barron,36-45,Caucasian,18.9,80.1,Accepted
Seth Stevens,46-55,South Asian,14.1,94.5,Accepted
Paula Anderson,18-25,Hispanic,8.1,75.1,Rejected
Caroline Garcia,36-45,East Asian,12.4,79.6,Rejected
Jay Simmons,46-55,Hispanic,6.3,77.4,Rejected
Courtney Morgan,56+,African American,13.8,90.0,Rejected
Kathleen Parker,26-35,Middle Eastern,16.7,98.5,Accepted
Mr. David Newman,26-35,African American,2.9,76.7,Rejected
Jaclyn Jackson,56+,South Asian,6.5,75.8,Rejected
Frederick Sanford,56+,Middle Eastern,4.0,88.2,Rejected
William Mack DDS,56+,Caucasian,3.5,94.5,Accepted
James Paul,46-55,African American,13.2,65.2,Rejected
Melanie French,26-35,Caucasian,12.6,68.6,Rejected
Christina Davis,18-25,Hispanic,4.5,90.4,Accepted
Scott Rodriguez,26-35,Hispanic,2.6,66.3,Rejected
Vincent Garcia,36-45,East Asian,7.3,80.0,Accepted
Brianna Wilson,46-55,Hispanic,16.6,73.7,Rejected
William Joyce,36-45,African American,2.2,81.9,Rejected
Mr. Richard Lopez,56+,Caucasian,9.1,98.4,Accepted
Michelle Hughes,26-35,Middle Eastern,15.3,94.3,Accepted
Christina Vega,26-35,African American,18.8,66.3,Rejected
Linda Anthony,36-45,Hispanic,16.5,87.4,Rejected
Kenneth Watson,26-35,Hispanic,3.3,92.7,Accepted
Ashley Richard,26-35,Caucasian,6.0,87.9,Accepted
Joanne Petersen,56+,Middle Eastern,19.3,95.4,Accepted
Candace Adams,18-25,Caucasian,15.3,72.6,Rejected
Sharon Pennington,46-55,Caucasian,10.0,68.5,Rejected
Daniel Gonzalez,56+,Middle Eastern,7.1,98.1,Accepted
Alexandra Wood,36-45,South Asian,16.6,83.1,Accepted
Cassandra Moore,36-45,African American,12.8,72.7,Rejected
Daniel Arnold,46-55,African American,2.1,95.8,Accepted
Angela Cannon,26-35,East Asian,9.5,84.7,Accepted
Dale Davis,26-35,Middle Eastern,1.2,80.5,Rejected
Ruben Miller,26-35,East Asian,4.6,80.4,Accepted
James Lawson,18-25,Caucasian,9.8,70.5,Rejected
Christopher Schwartz,26-35,Middle Eastern,17.6,68.5,Rejected
Leslie Arroyo,36-45,Caucasian,11.6,80.7,Accepted
Meredith Cunningham,46-55,South Asian,6.7,85.1,Accepted
Pamela Hopkins,46-55,East Asian,16.6,73.2,Rejected
Madison Johnson,46-55,East Asian,7.2,80.7,Rejected
Sarah Grant,36-45,Hispanic,19.6,87.8,Rejected
Ashley Zimmerman,18-25,East Asian,9.3,82.3,Accepted
Daniel Kim MD,18-25,African American,13.8,93.1,Accepted
Sharon Lopez,46-55,Caucasian,10.2,66.3,Rejected
Donald Burns,36-45,African American,4.0,80.7,Rejected
Nicole Myers,36-45,Hispanic,7.8,77.2,Rejected
Pamela Weeks,46-55,Hispanic,8.5,83.6,Rejected
Michael Stephens,36-45,South Asian,11.7,76.4,Rejected
Albert Torres,18-25,African American,5.7,92.2,Accepted
Steven Pratt,36-45,Hispanic,7.9,85.5,Rejected
Michael Coleman,46-55,East Asian,4.1,95.4,Accepted
Catherine Hughes,36-45,South Asian,18.2,88.7,Accepted
Stephen Walker,18-25,East Asian,17.1,98.9,Accepted
Dr. Meghan Johnson,36-45,African American,8.8,74.0,Rejected
Chelsea Guerra,26-35,Caucasian,18.0,93.2,Accepted
Zachary Miller,46-55,South Asian,19.5,81.0,Rejected
Allen Wright,36-45,African American,17.6,69.2,Rejected
Gregory Lopez,26-35,Middle Eastern,3.7,87.6,Rejected
Robert Paul,26-35,Hispanic,6.5,96.6,Accepted
Cameron Hughes,36-45,South Asian,18.5,86.6,Accepted
Molly Allison,46-55,South Asian,11.2,96.4,Accepted
Richard Duncan,46-55,East Asian,13.2,72.4,Rejected
Tammy Marquez,26-35,Hispanic,14.5,68.1,Rejected
Shannon Miles,36-45,Hispanic,3.5,91.9,Accepted
Joseph Martinez,46-55,African American,5.2,95.4,Accepted
Eric Mcfarland,18-25,South Asian,16.4,77.1,Rejected
Kevin Ortega,36-45,South Asian,4.0,72.7,Rejected
Taylor Juarez,26-35,East Asian,8.3,68.0,Rejected
Megan Thompson,56+,Middle Eastern,1.7,72.6,Rejected
Mariah Mclean,18-25,Middle Eastern,7.2,70.1,Rejected
Connie Evans,36-45,East Asian,8.2,86.2,Accepted
Roberta Macdonald,46-55,South Asian,18.2,70.8,Rejected
Mr. Bryan Ramirez,46-55,Caucasian,7.1,90.4,Accepted
Michael Smith,18-25,African American,19.8,74.3,Rejected
Carmen Hernandez,26-35,Middle Eastern,1.9,78.0,Rejected
Barbara Harris,36-45,Hispanic,13.0,73.5,Rejected
Justin Griffin,56+,Middle Eastern,5.3,84.2,Rejected
David Bruce,36-45,Middle Eastern,12.9,96.7,Accepted
Austin Cain,18-25,East Asian,10.3,82.2,Accepted
George Wade,18-25,East Asian,9.4,98.7,Accepted
Herbert Owens,46-55,African American,19.4,71.2,Rejected
Dr. Ryan Johnson,56+,Hispanic,8.6,87.6,Rejected
Kimberly Pearson,56+,Caucasian,3.6,84.6,Accepted
Eric Rosales,36-45,Hispanic,5.3,67.9,Rejected
Richard Gallagher,26-35,Caucasian,8.3,79.6,Rejected
Steven Lee,56+,Hispanic,9.0,95.2,Accepted
Joseph Byrd,46-55,Hispanic,10.6,98.4,Accepted
Brian Pennington,56+,Caucasian,7.8,80.0,Rejected
John Miller,56+,Middle Eastern,2.1,96.5,Accepted
Peter Sanchez,18-25,African American,12.7,87.7,Rejected
Paul Hughes,36-45,Middle Eastern,15.3,98.8,Accepted
Kristen Ross,36-45,Middle Eastern,10.7,75.1,Rejected
Kyle Watson,46-55,East Asian,15.4,71.8,Rejected
Jennifer Leonard,18-25,Hispanic,5.1,94.7,Accepted
Kenneth Browning,36-45,African American,2.5,97.3,Accepted
Debra Fischer,46-55,Hispanic,11.0,77.9,Rejected
Jason Downs II,56+,Caucasian,2.1,71.9,Rejected
Stacey Coleman,56+,East Asian,19.3,86.8,Accepted
Matthew Roberts,36-45,Caucasian,13.0,94.3,Accepted
Darryl Waters,36-45,East Asian,13.3,67.1,Rejected
Stephanie Spencer,46-55,Caucasian,14.1,79.5,Rejected
Stephanie Mckay,18-25,Middle Eastern,11.7,97.2,Accepted
Allen Smith,26-35,Caucasian,19.9,85.8,Accepted
James Long,46-55,Middle Eastern,11.9,88.6,Rejected
Christy Diaz,26-35,East Asian,14.0,84.3,Accepted
Christopher Jones,56+,South Asian,2.7,78.4,Rejected
Kevin Higgins,26-35,Caucasian,8.3,79.3,Rejected
Rebecca Kelly,36-45,Hispanic,6.2,88.8,Accepted
Elizabeth Perry,18-25,East Asian,11.5,78.8,Rejected
Kevin West,18-25,Caucasian,10.5,95.5,Accepted
Charles Garcia,46-55,African American,18.4,80.4,Rejected
Paul Morgan,46-55,Middle Eastern,9.5,72.0,Rejected
Mary Martin,26-35,African American,5.1,78.2,Rejected
Mrs. Rhonda Gross,56+,Hispanic,15.8,96.5,Accepted
Derek Burke,18-25,South Asian,18.9,87.4,Accepted
Lisa Nash,46-55,African American,9.7,74.4,Rejected
Joseph Garcia,36-45,East Asian,9.5,71.0,Rejected
Michael Kline,56+,South Asian,5.4,68.1,Rejected
Samantha Reilly,26-35,Caucasian,12.0,86.4,Accepted
Gina Robinson,46-55,African American,18.4,65.1,Rejected
Tamara Gonzales,26-35,Caucasian,12.2,87.9,Accepted
Derrick Bowman,18-25,Caucasian,13.3,87.6,Accepted
David Day,56+,Hispanic,8.3,93.0,Accepted
Nicholas Holmes,26-35,South Asian,8.0,70.9,Rejected
Denise Cooper,36-45,Hispanic,14.1,95.2,Accepted
Andrew Norton,26-35,South Asian,19.8,96.9,Accepted
Jared Barrett,26-35,African American,17.8,66.8,Rejected
Jeffery Henderson,46-55,South Asian,13.4,84.4,Accepted
Stacy Hall,26-35,African American,18.5,68.8,Rejected
Charles Bennett,56+,Middle Eastern,9.2,73.2,Rejected
Donna Hodge,18-25,South Asian,11.5,77.0,Rejected
Tamara Cisneros,36-45,African American,13.4,89.2,Accepted
Jonathan Glover,18-25,South Asian,15.6,76.6,Rejected
Jose Mitchell,26-35,African American,2.4,72.6,Rejected
Charles Williams,46-55,Caucasian,11.1,76.1,Rejected
Thomas Brooks,56+,Hispanic,6.3,80.4,Rejected
Robert Johnson,26-35,Middle Eastern,1.1,72.8,Rejected
Matthew Smith,26-35,East Asian,7.7,93.8,Accepted
Melissa Burgess,36-45,Middle Eastern,8.0,85.7,Rejected
Carolyn Hill,36-45,African American,14.8,76.2,Rejected
Mark Sharp,26-35,African American,18.4,69.0,Rejected
Shelby Cooper,46-55,East Asian,16.1,75.7,Rejected
Robert Dean,26-35,East Asian,9.9,74.9,Rejected
William Patel,26-35,Middle Eastern,2.7,65.8,Rejected
Amanda Peters,26-35,East Asian,16.4,90.0,Accepted
Anthony Diaz,36-45,East Asian,5.5,91.1,Accepted
Heather Hill,56+,Middle Eastern,16.0,74.4,Rejected
Jeremy Lewis,56+,African American,18.6,83.4,Rejected
Kristy Caldwell,26-35,Middle Eastern,18.4,95.7,Accepted
Ryan Greene,18-25,East Asian,12.4,86.3,Accepted
Donna Brown,18-25,Middle Eastern,3.7,88.2,Accepted
Anna James,46-55,Middle Eastern,4.9,93.4,Accepted
Natalie Clark DDS,56+,South Asian,17.3,98.5,Accepted
Amanda Wade,36-45,East Asian,10.2,79.8,Rejected
Drew Murphy,26-35,Caucasian,2.8,67.4,Rejected
Nathaniel Flores,18-25,South Asian,5.0,98.1,Accepted
Karen Brock,18-25,Hispanic,10.0,90.6,Accepted
Samuel Hall,36-45,East Asian,18.5,71.4,Rejected
Sarah Johnson,56+,African American,1.5,68.7,Rejected
Michelle Green,18-25,Caucasian,8.9,97.5,Accepted
Kathleen Villegas,36-45,African American,8.5,75.3,Rejected
Brittany Fisher,18-25,Middle Eastern,5.0,80.2,Rejected
Jennifer Lawson,56+,South Asian,12.2,68.8,Rejected
Tammy Fowler,56+,Caucasian,8.7,93.3,Accepted
Elizabeth Ortega,46-55,Caucasian,11.9,81.8,Rejected
Devin Thompson,46-55,East Asian,17.9,67.6,Rejected
Diana Chandler,46-55,Hispanic,17.6,79.6,Rejected
Michael Williams,18-25,African American,7.1,78.1,Rejected
Jared Murray,26-35,Middle Eastern,11.3,93.6,Accepted
Charles Cowan,46-55,African American,8.4,79.5,Rejected
Kristine Russell,46-55,Middle Eastern,5.5,75.9,Rejected
Tracy White,26-35,East Asian,2.0,69.2,Rejected
Anna Steele,26-35,African American,1.4,66.3,Rejected
Margaret Johnson,18-25,African American,18.8,65.9,Rejected
Paul Smith,26-35,Caucasian,7.1,80.4,Accepted
Kimberly Diaz,26-35,East Asian,9.5,94.9,Accepted
James Reyes,18-25,Hispanic,4.3,71.5,Rejected
Michael Stafford,18-25,Hispanic,19.7,66.5,Rejected
William Franklin,56+,African American,12.3,87.9,Rejected
Mary Daniels,18-25,East Asian,7.8,78.3,Rejected
Lisa Murillo,26-35,African American,9.6,72.3,Rejected
Monica Perez,36-45,Hispanic,13.2,98.1,Accepted
William Fox,18-25,East Asian,11.2,76.5,Rejected
Sydney Beck,36-45,Hispanic,11.9,86.5,Rejected
Monica Cunningham,18-25,Middle Eastern,2.5,72.4,Rejected
John Parker,26-35,African American,1.7,85.4,Rejected
Joshua Jackson,46-55,African American,2.4,68.3,Rejected
Max Grant,26-35,Middle Eastern,8.7,83.8,Rejected
Ronald Williams,26-35,South Asian,8.7,74.7,Rejected
Stephanie Moore,26-35,South Asian,15.4,85.4,Accepted
Robert Mercado,56+,African American,7.1,66.8,Rejected
William Hill,26-35,Middle Eastern,10.5,97.4,Accepted
Regina Meyer,46-55,East Asian,17.1,66.4,Rejected
Nicholas Brady,36-45,Hispanic,1.8,92.1,Accepted
Wanda Simon,18-25,Caucasian,12.9,84.5,Accepted
Dr. Jeffrey Murphy,18-25,Hispanic,7.5,86.9,Rejected
Kevin Fisher,36-45,Caucasian,15.6,70.1,Rejected
Daniel Castillo,36-45,Middle Eastern,12.3,90.0,Accepted
Jose Savage,18-25,African American,6.2,93.9,Accepted
Alyssa Greene,56+,Hispanic,14.6,86.5,Rejected
Melanie George,56+,Caucasian,5.8,96.3,Accepted
Jessica Cooley,56+,Hispanic,7.8,89.0,Rejected
Darryl Hurley,56+,Hispanic,14.4,73.6,Rejected
Heather Sharp,26-35,Hispanic,11.2,93.2,Accepted
David Gross,18-25,Hispanic,4.8,78.7,Rejected
Ronald Baker,56+,Caucasian,12.5,78.2,Rejected
Ashley Townsend,46-55,South Asian,10.2,81.8,Rejected
Ryan Galloway,36-45,Middle Eastern,7.8,93.1,Accepted
Tammy Green,26-35,South Asian,8.2,90.8,Accepted
Alan Coffey,36-45,African American,3.4,92.7,Accepted
Dakota Christian,56+,East Asian,10.7,87.5,Accepted
Heather Rivera,56+,Caucasian,18.5,84.1,Accepted
Kristina Grant,36-45,East Asian,1.3,96.4,Accepted
David Sanchez,18-25,African American,18.4,68.0,Rejected
Kathy Mason,18-25,Caucasian,5.3,79.7,Rejected
Maria Holt,26-35,South Asian,16.8,95.6,Accepted
Jennifer Andrews,46-55,Caucasian,18.4,71.4,Rejected
Megan Larson,26-35,Middle Eastern,6.2,66.9,Rejected
Timothy Rodriguez,18-25,Caucasian,10.9,93.2,Accepted
Maria Rocha,56+,African American,3.3,88.8,Rejected
Annette Wagner,36-45,East Asian,2.9,96.1,Accepted
Kayla Waters,56+,African American,2.9,87.8,Rejected
Kyle Shea,36-45,Middle Eastern,13.4,89.7,Accepted
Joseph Cuevas,56+,East Asian,17.1,87.4,Accepted
Kurt Walter,18-25,Caucasian,19.2,66.2,Rejected
Diana Shah,26-35,Hispanic,17.2,93.2,Accepted
Casey Lawrence,18-25,African American,5.8,96.9,Accepted
Kyle Faulkner,18-25,Hispanic,15.1,90.2,Accepted
Christopher Miller,36-45,South Asian,10.5,92.4,Accepted
Nathaniel Obrien,18-25,Middle Eastern,11.6,97.5,Accepted
Brianna Martinez,36-45,Caucasian,13.4,79.1,Rejected
Amanda Alvarez,46-55,African American,6.7,66.3,Rejected
Joseph Johnson,18-25,Hispanic,17.4,69.7,Rejected
Jaime Johns,18-25,South Asian,1.7,87.5,Accepted
Henry Christensen,36-45,Hispanic,3.2,85.4,Rejected
Michael Scott,46-55,Caucasian,13.2,94.8,Accepted
Jessica Miller,26-35,Middle Eastern,15.6,96.0,Accepted
Chase Everett,46-55,Caucasian,16.1,92.5,Accepted
Emily Robinson,36-45,Caucasian,12.6,94.4,Accepted
Danielle Long,56+,Caucasian,2.4,93.6,Accepted
Chelsey Anderson,26-35,African American,11.6,70.5,Rejected
Alexis Rodriguez,56+,African American,12.3,73.2,Rejected
Samantha Jefferson,36-45,East Asian,3.7,91.7,Accepted
Tyler Cook,26-35,South Asian,18.7,72.0,Rejected
Gary Stone,26-35,Middle Eastern,7.5,65.4,Rejected
Kevin Spence,26-35,East Asian,6.9,89.8,Accepted
William Harris,46-55,African American,17.7,70.7,Rejected
Kathleen Wright DDS,56+,Middle Eastern,17.4,73.1,Rejected
Lauren Benson,36-45,Hispanic,19.5,87.7,Rejected
Kevin Turner,46-55,Caucasian,18.3,78.8,Rejected
Mary Brooks,56+,East Asian,10.8,80.1,Rejected
Jacqueline Shaw,46-55,East Asian,3.1,86.2,Accepted
Dr. Tyler Jones III,56+,Caucasian,8.4,96.7,Accepted
Brett Marsh,26-35,African American,4.4,95.7,Accepted
Tina Morgan,46-55,East Asian,9.5,80.7,Rejected
Brandi Cooper,36-45,Caucasian,5.1,80.3,Accepted
Meagan Huffman,46-55,African American,4.8,74.4,Rejected
Laurie Phillips,46-55,Hispanic,4.2,72.2,Rejected
Erika Martinez,26-35,South Asian,12.5,66.0,Rejected
Alexandra Palmer,36-45,Middle Eastern,5.9,86.0,Rejected
Patrick Stone,56+,South Asian,3.5,74.2,Rejected
William Olson,26-35,Hispanic,3.6,82.1,Rejected
Matthew Medina,26-35,Hispanic,14.8,77.9,Rejected
Felicia Santos DDS,36-45,Hispanic,15.2,72.3,Rejected
Caitlin Johnson,18-25,Middle Eastern,3.4,88.8,Accepted
Cameron Griffith,56+,African American,3.0,81.9,Rejected
Samuel Thomas,26-35,Hispanic,17.2,69.9,Rejected
Jaime Gray DDS,56+,East Asian,8.6,82.8,Rejected
Brian Barr,36-45,Caucasian,12.1,97.7,Accepted
Kristina Daugherty,18-25,African American,8.2,74.0,Rejected
Amber Patel,26-35,Middle Eastern,6.3,78.7,Rejected
Crystal Harrington,36-45,South Asian,14.4,74.1,Rejected
Nicholas Rodriguez,56+,Middle Eastern,2.5,91.1,Accepted
Amanda Cole,46-55,East Asian,6.5,74.2,Rejected
Miranda Daniels,18-25,African American,16.2,95.4,Accepted
Edward Howell,18-25,South Asian,8.9,76.3,Rejected
Kristina Rodriguez,46-55,African American,13.6,85.3,Rejected
Mary Smith,36-45,South Asian,14.7,78.9,Rejected
Elizabeth Alexander,18-25,Caucasian,14.9,92.0,Accepted
Cynthia Johns,56+,African American,3.2,79.5,Rejected
Jessica Holland,26-35,East Asian,16.8,95.0,Accepted
Doris Robinson,18-25,East Asian,8.3,93.1,Accepted
Thomas Richard,46-55,Middle Eastern,8.3,97.6,Accepted
Holly Young,36-45,Hispanic,5.0,86.3,Rejected
Joshua Rodriguez,18-25,African American,3.2,78.0,Rejected
Erin Wright,36-45,South Asian,8.1,66.6,Rejected
Alexandria Waters,36-45,South Asian,13.2,69.5,Rejected
Patrick Guzman,46-55,Middle Eastern,16.6,68.2,Rejected
Jennifer Hopkins,46-55,Caucasian,19.0,83.3,Accepted
Mark Perry,56+,East Asian,3.6,95.2,Accepted
Michael Jones,56+,Caucasian,8.7,68.7,Rejected
Adam Peterson,26-35,African American,7.3,83.2,Rejected
Brianna Stevenson,36-45,East Asian,14.3,70.7,Rejected
Tracy Roberts,26-35,South Asian,12.3,89.2,Accepted
Kimberly Hebert,26-35,African American,8.4,72.5,Rejected
Andrea Torres,26-35,Caucasian,16.7,71.5,Rejected
Kevin Vincent,36-45,Caucasian,19.0,69.1,Rejected
Aaron Stone,36-45,South Asian,14.4,70.5,Rejected
Laura Hall,56+,South Asian,1.4,90.6,Accepted
Felicia Rice,26-35,African American,5.0,75.1,Rejected
Yvette Mccarthy,56+,East Asian,18.3,83.2,Accepted
Julia Fritz,46-55,Caucasian,16.7,92.7,Accepted
Christian Avery,18-25,Middle Eastern,6.1,96.7,Accepted
Joshua Solis,36-45,Caucasian,9.8,95.0,Accepted
Tiffany Gilbert,36-45,South Asian,15.9,81.0,Accepted
Donald Jones,56+,South Asian,14.7,71.3,Rejected
Alexander Thompson,36-45,Middle Eastern,14.6,94.4,Accepted
Gregory Underwood,18-25,Caucasian,16.3,70.1,Rejected
Kelsey Combs,56+,Caucasian,4.1,92.6,Accepted
Wendy Blanchard,18-25,African American,11.4,66.3,Rejected
Margaret Edwards,56+,Caucasian,18.6,70.2,Rejected
Benjamin Hensley,46-55,Middle Eastern,2.9,72.4,Rejected
Jennifer Garcia,36-45,East Asian,13.9,71.4,Rejected
Jennifer Dodson,56+,Caucasian,1.8,84.9,Accepted
Kristen Johnson,56+,Caucasian,9.1,81.5,Rejected
Hector Thomas,26-35,Middle Eastern,6.5,98.2,Accepted
Kevin Adkins,18-25,East Asian,9.0,68.8,Rejected
Michael Booth,18-25,Middle Eastern,16.0,71.7,Rejected
Lisa Mercer,26-35,East Asian,3.9,81.2,Accepted
Robert Wheeler,18-25,East Asian,14.1,85.9,Accepted
Toni Cox,26-35,Hispanic,7.2,87.9,Rejected
Michelle Chen,36-45,South Asian,5.5,89.4,Accepted
Tony Freeman,46-55,Middle Eastern,13.7,66.4,Rejected
James Collins,46-55,Hispanic,18.0,91.8,Accepted
Stephanie Hernandez,56+,African American,18.0,80.1,Rejected
Kyle Cooley,26-35,Caucasian,18.2,86.3,Accepted
Ryan Barajas,56+,South Asian,6.8,91.6,Accepted
Richard Johnson,26-35,Caucasian,14.4,94.0,Accepted
Tara Perez,36-45,Caucasian,12.1,86.2,Accepted
Charles Raymond,26-35,South Asian,13.3,73.3,Rejected
Paul Miller,26-35,East Asian,2.8,76.6,Rejected
Diana Payne,46-55,African American,5.9,90.0,Rejected
Jennifer Burns,18-25,Middle Eastern,10.6,78.5,Rejected
Heather Carter,56+,South Asian,8.4,84.4,Accepted
Christopher Rollins,26-35,South Asian,12.1,94.3,Accepted
Jennifer Silva,36-45,South Asian,15.3,88.7,Accepted
Christopher Torres,46-55,South Asian,8.5,92.5,Accepted
Jason Parker,36-45,Hispanic,9.3,81.2,Rejected
Tabitha Kelley,26-35,Caucasian,10.4,77.9,Rejected
Karen Jacobs,36-45,African American,17.6,66.5,Rejected
Jennifer Levine,26-35,African American,10.9,69.5,Rejected
Nichole Foster,18-25,East Asian,2.9,93.0,Accepted
Jennifer Grimes,26-35,Hispanic,6.4,96.4,Accepted
Hannah Gill,36-45,Caucasian,15.2,85.7,Accepted
Sarah Hughes,26-35,Middle Eastern,10.5,65.1,Rejected
Erin Tran,26-35,East Asian,4.6,87.7,Accepted
Christine Phillips,36-45,Middle Eastern,10.6,97.6,Accepted
Jay Torres,18-25,East Asian,17.3,85.4,Accepted
Deborah Pacheco,36-45,Caucasian,4.8,80.5,Accepted
Kristine Singleton,36-45,South Asian,1.2,72.7,Rejected
Ralph Nguyen,56+,Caucasian,8.5,77.8,Rejected
Kevin Smith,18-25,Middle Eastern,16.8,75.5,Rejected
Sherry Williams,18-25,South Asian,17.4,70.4,Rejected
Ronald Cummings,26-35,Hispanic,13.5,97.4,Accepted
Molly Miller,26-35,Hispanic,8.4,75.0,Rejected
Dr. Juan Fernandez,36-45,Caucasian,9.2,90.3,Accepted
Robin Walsh,46-55,Hispanic,3.8,89.8,Rejected
Michelle Baker,18-25,Middle Eastern,8.8,87.2,Rejected
Caleb Brown,46-55,East Asian,1.4,73.5,Rejected
Tyler Smith,36-45,South Asian,5.2,98.5,Accepted
Brian Collins,18-25,East Asian,19.0,82.7,Accepted
Deanna Cole,56+,Middle Eastern,5.8,69.8,Rejected
Sarah Ross,36-45,African American,16.3,81.8,Rejected
Samantha Hayden,18-25,East Asian,18.5,79.5,Rejected
Katie Vasquez,46-55,South Asian,15.6,72.0,Rejected
Richard Brown,36-45,East Asian,8.3,89.5,Accepted
Jennifer Garcia,36-45,Middle Eastern,9.3,93.3,Accepted
Colleen Cooper,18-25,South Asian,13.1,88.5,Accepted
John Levine,56+,Middle Eastern,1.6,98.8,Accepted
Johnny Smith,46-55,Middle Eastern,11.1,96.8,Accepted
Morgan Jackson,26-35,South Asian,4.2,77.3,Rejected
Caitlin Gray,36-45,African American,10.9,65.3,Rejected
Bryan Griffith,56+,East Asian,18.9,95.2,Accepted
Grace Hernandez,36-45,Caucasian,16.9,91.9,Accepted
Jessica Bauer,46-55,South Asian,8.9,74.6,Rejected
Michael Phillips,56+,Caucasian,14.8,86.1,Accepted
Robert Harrison,26-35,Caucasian,16.9,89.8,Accepted
Amanda Smith,56+,South Asian,17.8,90.6,Accepted
Jessica Lloyd,46-55,South Asian,3.0,67.6,Rejected
Mitchell Salazar,26-35,Middle Eastern,13.7,75.6,Rejected
Michael Brown,46-55,Hispanic,12.8,84.0,Rejected
Denise Hammond,18-25,Hispanic,15.9,76.8,Rejected
Charles Yates,56+,Hispanic,15.1,69.3,Rejected
Madison Marks,46-55,South Asian,5.8,72.9,Rejected
Sandy Roman,46-55,Hispanic,19.2,86.6,Rejected
Matthew Oneal,26-35,Hispanic,13.6,92.3,Accepted
Curtis Stuart,56+,Middle Eastern,14.1,82.4,Rejected
Ronald Cunningham,36-45,Hispanic,3.8,72.2,Rejected
Donald Walker,26-35,Caucasian,14.0,75.9,Rejected
John Stanley,46-55,African American,12.5,78.4,Rejected
Robin Trevino,18-25,East Asian,6.5,74.9,Rejected
Anthony Fisher,26-35,East Asian,19.4,85.8,Accepted
Jennifer Thomas,46-55,East Asian,17.2,80.1,Rejected
Mason Ruiz,36-45,Hispanic,7.4,70.4,Rejected
Jasmine Peterson,36-45,Caucasian,13.7,73.7,Rejected
Richard Rodgers,56+,South Asian,12.7,72.2,Rejected
Elizabeth Bowman,46-55,Middle Eastern,18.5,78.5,Rejected
Nancy Wilson,56+,East Asian,18.7,65.4,Rejected
Ashley Vargas,18-25,Hispanic,1.7,96.1,Accepted
Madison Warren DVM,26-35,Caucasian,5.3,80.9,Accepted
Jeffrey Knight,26-35,Hispanic,17.1,91.5,Accepted
James Macdonald,26-35,Caucasian,6.2,69.8,Rejected
Ernest Torres,36-45,Middle Eastern,4.1,75.7,Rejected
Julie Love,46-55,Hispanic,3.5,80.5,Rejected
Rebecca Sanchez,36-45,Hispanic,18.4,66.8,Rejected
Chris Armstrong,46-55,Hispanic,17.9,87.1,Rejected
Andrew Underwood,36-45,South Asian,18.9,86.7,Accepted
Lynn Lewis,56+,Middle Eastern,7.4,98.4,Accepted
Mitchell Mooney,46-55,South Asian,11.8,66.6,Rejected
Donna Brown,26-35,Caucasian,6.2,81.5,Accepted
Joseph Walker,26-35,Hispanic,15.2,88.9,Accepted
James Orozco,26-35,South Asian,8.1,91.2,Accepted
William Yang,46-55,African American,17.0,77.8,Rejected
Ashley Craig,56+,Caucasian,15.2,80.4,Rejected
Gregory Richard,56+,Middle Eastern,14.0,72.8,Rejected
Eric Kelly,18-25,African American,15.5,82.5,Rejected
Jose Fisher,46-55,Middle Eastern,11.6,70.6,Rejected
Andrew Robinson,36-45,African American,5.1,72.3,Rejected
Samuel Hamilton,18-25,South Asian,14.6,81.8,Accepted
Kristin Newman,56+,African American,6.2,73.1,Rejected
Gary Jennings,36-45,Middle Eastern,10.6,76.0,Rejected
Jennifer Villarreal,18-25,Caucasian,17.0,70.7,Rejected
Beverly Nelson,36-45,East Asian,18.0,83.8,Accepted
Melissa Woods,26-35,East Asian,12.1,75.6,Rejected
Bryan Osborne,36-45,Hispanic,7.1,75.1,Rejected
Betty Watson,46-55,Middle Eastern,1.6,83.5,Rejected
Anthony Mays,56+,Middle Eastern,15.6,69.8,Rejected
Kim Richardson,18-25,Middle Eastern,5.4,70.0,Rejected
Kevin Thompson,46-55,South Asian,1.1,92.4,Accepted
Leah Mccall,18-25,Hispanic,13.6,66.2,Rejected
Carrie Thomas,46-55,South Asian,4.0,88.5,Accepted
Kenneth Medina,46-55,Middle Eastern,4.6,66.0,Rejected
Eric Raymond,46-55,South Asian,10.5,70.3,Rejected
Terry Parker,56+,Hispanic,17.9,81.7,Rejected
Jason Mclean,36-45,South Asian,15.9,88.0,Accepted
Victor Ferguson,18-25,South Asian,14.1,94.5,Accepted
Shane Park,56+,Hispanic,9.4,66.9,Rejected
Joe Jarvis,36-45,South Asian,12.1,78.1,Rejected
Darren Parker,36-45,South Asian,4.8,65.1,Rejected
Scott Ramos,26-35,Hispanic,2.6,82.4,Rejected
Daniel Fletcher,18-25,African American,1.2,89.1,Accepted
Christopher Odom,26-35,South Asian,11.4,93.3,Accepted
Natalie Fernandez,18-25,East Asian,12.7,65.3,Rejected
Sonya Simmons,26-35,Hispanic,11.7,89.9,Accepted
Shane Cook,26-35,African American,5.3,80.5,Rejected
Susan Hall,36-45,South Asian,12.7,65.3,Rejected
Deborah Dunn,18-25,Hispanic,11.1,88.9,Accepted
Brian Powers,26-35,South Asian,13.2,84.1,Accepted
Keith Johnson,26-35,Caucasian,8.7,84.6,Accepted
Thomas Guzman,26-35,South Asian,2.2,83.1,Accepted
Pamela Mills,36-45,East Asian,16.5,67.1,Rejected
Jodi Carlson,18-25,Hispanic,3.2,88.0,Accepted
Andrea Flowers,18-25,East Asian,11.2,70.6,Rejected
Rachel Johnson,46-55,East Asian,1.1,89.0,Accepted
Gregory Jones,26-35,Hispanic,19.9,95.7,Accepted
Diana Meadows,36-45,Caucasian,8.6,83.8,Accepted
Anna Maldonado,18-25,Caucasian,3.6,98.1,Accepted
Sarah Sanchez,36-45,Middle Eastern,1.1,86.8,Rejected
Allison Murphy,36-45,Hispanic,8.0,88.6,Accepted
Chelsea Underwood,26-35,Caucasian,8.5,74.6,Rejected
Elizabeth Kramer,56+,Hispanic,19.6,92.4,Accepted
Jesse Henry,56+,African American,10.5,79.6,Rejected
Joel Bird,46-55,African American,7.8,84.5,Rejected
Brandon Wang,46-55,African American,19.1,75.2,Rejected
Patricia Singleton,18-25,African American,16.6,81.5,Rejected
Veronica Anderson,56+,African American,15.4,79.8,Rejected
William Walker,56+,Caucasian,2.9,78.3,Rejected
Gregory Ferrell,36-45,Caucasian,2.2,86.4,Accepted
Zachary Nichols,26-35,South Asian,15.2,86.5,Accepted
Ethan Gonzalez,46-55,East Asian,1.3,95.4,Accepted
Amy Webb,26-35,Hispanic,11.1,77.9,Rejected
Javier Patrick,26-35,Hispanic,7.8,70.6,Rejected
Adrian Ward,18-25,Middle Eastern,12.5,84.0,Rejected
Lisa Lawrence,18-25,Hispanic,13.4,98.1,Accepted
James Abbott,56+,East Asian,15.3,79.5,Rejected
Garrett Wright,26-35,Caucasian,15.8,67.5,Rejected
Mark Robinson,56+,South Asian,19.1,96.7,Accepted
Sydney Bird,36-45,Caucasian,8.9,93.0,Accepted
Mrs. Beth Jacobs,26-35,African American,7.6,72.0,Rejected
Kristin Webb,18-25,Middle Eastern,19.6,82.8,Rejected
Allison Mann,18-25,Middle Eastern,17.0,90.6,Accepted
Joseph Murphy,56+,African American,7.7,76.1,Rejected
George Orozco,36-45,African American,2.4,88.7,Accepted
Jeffrey Morris,36-45,Caucasian,12.3,79.5,Rejected
Jonathan Strong,56+,Hispanic,13.1,81.1,Rejected
Wesley Ramos,56+,South Asian,12.6,80.5,Rejected
Justin Bishop,26-35,East Asian,14.6,97.2,Accepted
Jeremy Ward,26-35,African American,2.8,80.8,Rejected
Jack Combs,36-45,South Asian,18.3,80.4,Accepted
Jason Myers,36-45,Hispanic,6.0,98.5,Accepted
Renee Sullivan,46-55,African American,10.1,71.4,Rejected
Maria Hardin,56+,Middle Eastern,5.0,76.2,Rejected
Amy Decker,18-25,Caucasian,19.8,74.5,Rejected
Zachary Mcdonald,18-25,Hispanic,1.6,76.1,Rejected
Joyce Gamble,36-45,African American,6.0,77.5,Rejected
John Moore,56+,Hispanic,8.3,78.9,Rejected
Lee Lawson,26-35,South Asian,14.1,86.1,Accepted
Mrs. Stephanie Suarez,46-55,East Asian,18.3,72.1,Rejected
Nathaniel Williams,46-55,Caucasian,14.3,71.5,Rejected
David Chandler,36-45,African American,10.7,70.6,Rejected
Bobby Morris,36-45,Hispanic,13.7,94.2,Accepted
Jessica Perez,56+,African American,11.1,90.1,Rejected
Beth Torres,56+,Middle Eastern,6.2,72.8,Rejected
Tracy Young,56+,East Asian,16.8,71.6,Rejected
Kelsey Brown,26-35,African American,10.6,67.8,Rejected
Timothy Martin,56+,Caucasian,19.1,83.6,Accepted
Donna Morton,36-45,East Asian,13.3,71.6,Rejected
Alexis Smith,36-45,African American,13.0,67.1,Rejected
James Weaver,46-55,African American,6.9,91.8,Accepted
Christina Butler,36-45,South Asian,4.6,67.7,Rejected
Joshua Phillips,36-45,East Asian,9.7,77.8,Rejected
Alexis Watts,36-45,Middle Eastern,4.3,78.3,Rejected
Steven Rosales MD,56+,Caucasian,14.3,69.7,Rejected
Carl Owen,18-25,East Asian,12.4,71.5,Rejected
Christopher Delacruz,26-35,African American,13.1,79.6,Rejected
Natasha Thomas,36-45,African American,12.6,90.1,Accepted
Maria Nunez,46-55,Hispanic,11.9,91.3,Accepted
Austin Marquez,56+,Middle Eastern,5.0,65.4,Rejected
Cynthia Diaz,36-45,South Asian,15.1,81.7,Accepted
Gregory Harper,18-25,African American,16.7,91.7,Accepted
Heather Santiago,56+,East Asian,15.5,94.3,Accepted
Debra Molina,56+,African American,15.6,90.2,Rejected
Jimmy Jones,18-25,Middle Eastern,18.5,74.5,Rejected
Karen Mendoza,56+,African American,11.9,77.4,Rejected
Kelly Anderson,18-25,Middle Eastern,3.6,86.3,Rejected
Alicia Clark,36-45,South Asian,10.5,84.6,Accepted
Jessica Campbell,36-45,Caucasian,7.4,69.8,Rejected
Randy Hill,46-55,East Asian,6.1,79.0,Rejected
Paige Jones,26-35,Middle Eastern,10.1,83.1,Rejected
Joyce Wise,36-45,Hispanic,14.3,73.2,Rejected
Brooke Payne,46-55,South Asian,6.6,97.1,Accepted
Melissa Welch,56+,South Asian,2.6,78.2,Rejected
Zachary Chan,46-55,Middle Eastern,11.5,91.4,Accepted
Mitchell Williams,26-35,South Asian,16.3,69.0,Rejected
Tony Rivera,26-35,South Asian,19.4,95.5,Accepted
Chelsea Jones,26-35,Caucasian,9.6,84.9,Accepted
Abigail Nash,26-35,Middle Eastern,4.9,80.1,Rejected
Cody Harris,26-35,South Asian,11.9,84.4,Accepted
Jacob Foley,46-55,South Asian,2.3,86.3,Accepted
Alex Wolfe,46-55,South Asian,9.2,81.4,Rejected
Julie Murray,36-45,Hispanic,10.5,78.7,Rejected
Jill Charles,46-55,Hispanic,6.3,90.3,Rejected
Diane Ortega,26-35,South Asian,18.3,87.7,Accepted
Amy Underwood,18-25,Caucasian,6.4,74.7,Rejected
Brandon Jackson,18-25,South Asian,6.7,76.6,Rejected
Samuel Briggs,26-35,Hispanic,5.1,67.9,Rejected
Melissa Hernandez,56+,Middle Eastern,7.1,71.0,Rejected
Michael Mccarthy,36-45,African American,12.2,76.6,Rejected
Margaret Carroll,56+,Hispanic,15.9,79.6,Rejected
Charles Thomas,46-55,Caucasian,5.2,76.4,Rejected
Mr. Stephen Meyer,56+,Middle Eastern,13.4,90.9,Rejected
Jennifer Thomas,26-35,Caucasian,3.2,73.3,Rejected
Patricia Wilkerson,56+,Hispanic,11.1,94.6,Accepted
Stacey Payne,18-25,Hispanic,11.2,85.6,Rejected
Sylvia Hill,46-55,East Asian,14.3,74.0,Rejected
Dominique Robertson,18-25,Hispanic,6.5,71.3,Rejected
Jade May,46-55,Hispanic,8.8,69.0,Rejected
Kenneth Bartlett,56+,African American,13.1,81.5,Rejected
Joel Trujillo,36-45,African American,14.8,69.8,Rejected
Carmen Wilson,46-55,East Asian,13.2,75.2,Rejected
Mitchell Roberson,46-55,South Asian,11.5,83.9,Accepted
Kimberly Rice,46-55,South Asian,16.3,78.4,Rejected
Samantha Edwards,26-35,Hispanic,3.9,74.4,Rejected
Taylor Logan,56+,Middle Eastern,19.5,74.0,Rejected
Jennifer Adams,26-35,Middle Eastern,12.9,89.4,Accepted
Chelsey Roberts,36-45,Middle Eastern,10.0,94.1,Accepted
Janet Morales,56+,Middle Eastern,1.7,89.2,Rejected
Bianca Gray,36-45,South Asian,1.9,93.8,Accepted
Chelsea Stephens,18-25,African American,14.6,86.9,Rejected
Michelle Oneal,46-55,African American,11.7,97.0,Accepted
Misty Moore,18-25,African American,19.7,79.3,Rejected
Dana Sanchez,56+,South Asian,6.5,72.9,Rejected
Aaron Boyd,26-35,African American,10.7,85.6,Rejected
Taylor Williams,18-25,Middle Eastern,3.6,88.3,Accepted
Joseph Gordon DDS,26-35,South Asian,3.9,65.6,Rejected
Mariah Wilson,36-45,South Asian,7.3,72.2,Rejected
Ronald Nelson,56+,Hispanic,17.3,65.3,Rejected
Mitchell Ward,56+,African American,15.2,80.9,Rejected
Devin Bell,56+,African American,2.5,95.0,Accepted
Patricia Johnson,36-45,South Asian,17.7,89.1,Accepted
Matthew Russell,36-45,Hispanic,1.6,79.2,Rejected
Stephen Obrien,26-35,African American,7.3,73.4,Rejected
Stephanie Davis,46-55,Caucasian,15.3,70.1,Rejected
Dylan Reilly,36-45,African American,17.4,76.1,Rejected
Jesse Bush,26-35,African American,1.5,73.3,Rejected
Darlene Jones,36-45,East Asian,13.2,87.3,Accepted
Diamond Werner,26-35,Caucasian,8.4,71.9,Rejected
Aaron Castillo,56+,South Asian,1.2,71.7,Rejected
Danielle Young,46-55,South Asian,9.0,81.2,Rejected
Sierra Lewis,46-55,South Asian,13.8,73.9,Rejected
Kyle Mann,18-25,Caucasian,7.4,80.2,Accepted
Catherine Warren,26-35,Middle Eastern,18.2,76.6,Rejected
Brandon Gonzalez,36-45,South Asian,7.6,72.6,Rejected
Autumn Barton,36-45,Caucasian,8.3,87.7,Accepted
Yolanda Patrick,18-25,South Asian,2.0,79.1,Rejected
Dylan Mason,46-55,Hispanic,13.5,75.4,Rejected
Michele Duffy,18-25,African American,13.3,80.5,Rejected
Daniel Wilson,46-55,South Asian,9.7,86.5,Accepted
Valerie Hall,26-35,East Asian,13.5,94.0,Accepted
David Sherman,18-25,Hispanic,6.6,80.2,Rejected
Brian Abbott,18-25,South Asian,11.5,93.3,Accepted
Eric Boyle,56+,Middle Eastern,8.9,83.4,Rejected
Michael Evans,46-55,Caucasian,18.1,75.6,Rejected
Crystal Evans,56+,South Asian,12.3,65.3,Rejected
Sandra Taylor,56+,African American,2.3,82.0,Rejected
Morgan Duncan MD,18-25,East Asian,4.5,88.4,Accepted
Ronald Randall,46-55,Caucasian,5.2,85.3,Accepted
Antonio White,18-25,East Asian,15.8,84.8,Accepted
Jennifer Diaz,26-35,Hispanic,4.4,65.7,Rejected
Anna Weeks,36-45,Middle Eastern,15.1,73.1,Rejected
Veronica Davies,18-25,Middle Eastern,1.1,79.8,Rejected
Dominique Richard,18-25,Caucasian,5.5,93.6,Accepted
Louis Ford,56+,South Asian,2.4,79.9,Rejected
Elizabeth Smith,46-55,Caucasian,13.9,72.8,Rejected
Hunter Williams,26-35,Hispanic,17.0,86.0,Rejected
Joan Long,18-25,African American,4.0,90.9,Accepted
Angela Scott,46-55,East Asian,7.5,82.4,Rejected
Kimberly Holland,26-35,Middle Eastern,3.4,75.6,Rejected
Eric Lee,26-35,Middle Eastern,15.2,79.5,Rejected
Guy Sloan,36-45,East Asian,9.6,87.6,Accepted
Marcus Taylor,46-55,East Asian,3.4,86.0,Accepted
Mary Gonzalez,36-45,Caucasian,9.1,73.1,Rejected
Jasmine Wells,18-25,East Asian,5.3,97.0,Accepted
Daniel Cunningham,36-45,Middle Eastern,18.4,74.5,Rejected
Alexander Reed,18-25,South Asian,19.5,94.2,Accepted
Michael Brown,26-35,Middle Eastern,17.7,73.5,Rejected
Bryan Edwards,46-55,East Asian,17.1,78.6,Rejected
Hailey Peters,46-55,East Asian,6.9,83.9,Accepted
Sherri Blake,46-55,Caucasian,2.5,92.7,Accepted
James Garcia,46-55,Caucasian,1.7,70.0,Rejected
Jason Jones,26-35,African American,18.4,86.9,Rejected
Tammy Campbell,56+,Hispanic,3.5,77.3,Rejected
Michele Scott,46-55,South Asian,8.5,75.5,Rejected
Patrick Galvan,18-25,Caucasian,19.4,86.1,Accepted
Jonathan Garcia,26-35,Hispanic,6.8,87.3,Rejected
Logan Matthews,26-35,Middle Eastern,7.7,82.2,Rejected
Jeffrey Chambers,26-35,Hispanic,17.6,73.9,Rejected
Stephanie Warren,46-55,South Asian,9.7,83.3,Accepted
Cheryl Ali,26-35,Caucasian,16.9,90.0,Accepted
Katherine Flores,18-25,Hispanic,13.0,77.1,Rejected
Nathan Lin,56+,African American,10.0,89.9,Rejected
Taylor Ho,56+,Middle Eastern,15.4,82.0,Rejected
Shelly Williams,56+,African American,3.2,97.1,Accepted
Carrie Espinoza,18-25,Caucasian,19.1,76.6,Rejected
Denise Matthews,46-55,Middle Eastern,6.0,84.0,Rejected
Johnny Fischer,18-25,South Asian,10.6,82.7,Accepted
Leslie Miller,36-45,Middle Eastern,2.3,89.0,Accepted
Andrew Carlson MD,18-25,Hispanic,8.2,76.2,Rejected
Kristina Alexander,36-45,Middle Eastern,12.7,95.8,Accepted
Christopher Beard,36-45,Hispanic,13.7,66.2,Rejected
Michelle Hawkins,18-25,Caucasian,12.4,89.8,Accepted
Brenda Bryant,36-45,Hispanic,12.0,78.2,Rejected
Daniel Dixon,18-25,South Asian,4.4,89.8,Accepted
Katelyn Brown,56+,African American,18.9,65.6,Rejected
Chad Lloyd,36-45,Middle Eastern,2.8,80.9,Rejected
Blake Gomez,56+,Caucasian,11.6,97.1,Accepted
Steven Christensen,18-25,African American,15.3,88.7,Accepted
Michael Moreno,36-45,African American,14.1,87.6,Rejected
Bruce Lawson,26-35,African American,6.8,88.1,Accepted
Cory Patrick,36-45,Caucasian,13.3,89.9,Accepted
Leslie Colon,26-35,East Asian,8.5,70.8,Rejected
Linda Castro,46-55,Caucasian,12.9,68.0,Rejected
Holly Brown,46-55,Caucasian,11.5,66.4,Rejected
James Park,18-25,African American,1.8,93.9,Accepted
Rebecca Brewer,18-25,East Asian,6.1,83.3,Accepted
Mackenzie Carter,26-35,South Asian,11.3,72.2,Rejected
Jose Wall,26-35,Middle Eastern,5.7,83.5,Rejected
Angel Barron,36-45,Hispanic,9.9,95.3,Accepted
Melanie Adkins,36-45,Middle Eastern,5.3,67.9,Rejected
Tom Dalton,26-35,Hispanic,12.0,66.5,Rejected
Donald Barnett,56+,Caucasian,14.6,87.0,Accepted
Kristen Scott,46-55,Caucasian,3.8,84.0,Accepted
Cristina Foster,18-25,African American,16.9,80.9,Rejected
Kayla Jimenez,56+,Middle Eastern,13.9,80.4,Rejected
Shelby Valenzuela,56+,South Asian,18.8,89.3,Accepted
Pamela Walton,18-25,African American,12.1,83.1,Rejected
Ryan Wang,26-35,Middle Eastern,18.7,82.4,Rejected
Sara Flowers,46-55,East Asian,14.6,94.5,Accepted
Kathryn Jones,36-45,Hispanic,16.6,65.9,Rejected
Theresa Johnson,36-45,Hispanic,5.6,66.7,Rejected
Kristen Wilson,18-25,Middle Eastern,12.8,90.3,Accepted
Jennifer Campbell,56+,Middle Eastern,4.1,95.1,Accepted
Sarah Hernandez,26-35,Caucasian,14.7,83.7,Accepted
Henry Lopez,36-45,Hispanic,10.9,96.0,Accepted
Jody Dickerson,36-45,African American,5.0,78.7,Rejected
Rachel Davis,18-25,Caucasian,8.6,95.9,Accepted
Larry Jones,56+,Hispanic,17.4,98.2,Accepted
Robert Navarro,56+,East Asian,1.5,72.5,Rejected
James Jones,56+,East Asian,11.8,69.3,Rejected
Connie Woods,56+,African American,6.2,69.6,Rejected
Sandra Peterson,26-35,South Asian,5.6,66.3,Rejected
Tina Phillips,36-45,Caucasian,7.3,69.1,Rejected
Michelle Richards,26-35,South Asian,10.3,77.9,Rejected
Kevin Lawson,56+,Hispanic,4.1,82.4,Rejected
Ms. Pamela Valentine MD,18-25,South Asian,8.1,73.8,Rejected
Barbara Jones,36-45,African American,5.8,84.2,Rejected
Roger Bennett,18-25,Middle Eastern,8.9,72.1,Rejected
Christopher Myers,36-45,Middle Eastern,3.3,71.7,Rejected
Michael Hughes,18-25,South Asian,5.2,77.7,Rejected
Michelle Zimmerman,56+,Hispanic,10.1,94.2,Accepted
Meredith Holland,56+,African American,7.3,80.2,Rejected
Michelle Taylor,26-35,Caucasian,16.2,72.1,Rejected
Megan Pearson,26-35,East Asian,9.9,82.9,Accepted
Michael Johnson,46-55,African American,8.5,95.3,Accepted
Charles Edwards,46-55,East Asian,5.9,79.6,Rejected
Kenneth Smith,26-35,Hispanic,18.2,75.9,Rejected
Scott Krause,18-25,East Asian,15.3,92.6,Accepted
Stephanie George,56+,Hispanic,10.7,83.7,Rejected
Christopher Rivera,18-25,South Asian,3.6,82.1,Accepted
Mr. Jacob Ortiz MD,36-45,Hispanic,12.2,78.8,Rejected
Laura Acosta,36-45,Caucasian,12.7,84.6,Accepted
David Burns,36-45,Middle Eastern,7.0,77.3,Rejected
Cody Washington,36-45,Caucasian,13.2,94.4,Accepted
Billy Walton,26-35,South Asian,5.1,79.5,Rejected
Jessica Arellano,26-35,Hispanic,17.8,97.6,Accepted
Jay Brock,56+,East Asian,1.1,70.0,Rejected
Mathew Freeman,18-25,South Asian,3.1,79.7,Rejected
Alexis Booth,36-45,African American,14.8,76.2,Rejected
Briana Bell,36-45,Caucasian,6.5,70.3,Rejected
Matthew Miller,26-35,African American,13.4,77.5,Rejected
Alexis Reeves,26-35,Middle Eastern,12.3,74.8,Rejected
Dennis Lewis,26-35,Caucasian,19.2,78.2,Rejected
Jason Cordova,18-25,Caucasian,8.5,75.2,Rejected
Michael Lambert,36-45,Middle Eastern,16.9,71.3,Rejected
Tony Mejia,46-55,African American,12.6,78.4,Rejected
John Brooks,36-45,East Asian,6.2,95.0,Accepted
Stephanie Park,18-25,Middle Eastern,13.4,66.8,Rejected
Mackenzie Lang,46-55,South Asian,8.1,73.1,Rejected
Jennifer Hansen,56+,Caucasian,15.7,77.5,Rejected
Rebecca Koch,26-35,Caucasian,13.0,71.2,Rejected
Meghan Benitez,46-55,Middle Eastern,1.5,86.6,Rejected
Leslie Stewart,18-25,Hispanic,14.7,67.9,Rejected
Kimberly Robinson,18-25,African American,1.1,89.1,Accepted
Thomas Guzman,46-55,South Asian,12.1,93.0,Accepted
Jeffrey Acosta,36-45,Hispanic,11.6,95.8,Accepted
Victoria Patterson,26-35,African American,7.7,66.2,Rejected
April Anderson,26-35,Caucasian,7.8,98.5,Accepted
Karen Meadows,56+,African American,4.0,82.2,Rejected
Erica Bean,18-25,South Asian,4.0,98.9,Accepted
Sarah Hodge,26-35,Caucasian,17.2,67.3,Rejected
Richard Schultz,56+,African American,5.9,72.4,Rejected
Mary Cook,46-55,Caucasian,9.2,95.3,Accepted
Roy Hunt,26-35,Caucasian,8.1,73.3,Rejected
Patricia Ellis,46-55,African American,19.3,85.6,Rejected
John Guzman,18-25,African American,8.0,73.0,Rejected
Mckenzie Li,36-45,Middle Eastern,6.6,75.7,Rejected
Katie James,36-45,South Asian,17.8,70.2,Rejected
Catherine Moore,36-45,Middle Eastern,6.8,72.1,Rejected
Bradley Lawson,46-55,Middle Eastern,4.7,84.5,Rejected
Crystal Scott,46-55,Hispanic,13.2,89.3,Rejected
Robin Garner,56+,Caucasian,18.3,97.2,Accepted
Andrew King,26-35,Middle Eastern,10.2,89.6,Accepted
Meghan Morrison,46-55,African American,3.7,85.7,Rejected
Felicia Orozco,26-35,South Asian,17.5,83.7,Accepted
Valerie Hudson,18-25,African American,9.6,78.9,Rejected
Kyle Bailey,56+,South Asian,14.2,84.3,Accepted
Austin Flores,56+,Caucasian,16.7,72.5,Rejected
Crystal Bush,46-55,Middle Eastern,8.3,70.1,Rejected
Melissa Johnson,18-25,Hispanic,19.3,82.1,Rejected
Jeremy Donovan,18-25,Hispanic,13.4,68.0,Rejected
Joseph Murphy,46-55,South Asian,9.8,79.9,Rejected
Jasmin Flores,18-25,South Asian,18.9,81.0,Accepted
Kelsey Herrera,46-55,East Asian,1.9,97.5,Accepted
Ronald Stuart,56+,East Asian,6.8,81.1,Rejected
Austin Cummings,26-35,East Asian,19.1,99.0,Accepted
Jonathan Huang,26-35,Caucasian,12.8,96.3,Accepted
Angela Davis,26-35,East Asian,5.2,75.1,Rejected
Dr. William Rasmussen,46-55,African American,16.3,74.4,Rejected
Amanda Bennett,36-45,Middle Eastern,5.3,99.0,Accepted
Jerry Orozco,56+,Middle Eastern,11.5,73.1,Rejected
Mrs. Abigail Medina,56+,Caucasian,16.4,97.9,Accepted
Martin Patton,56+,Caucasian,6.4,70.9,Rejected
Julie Brooks,26-35,East Asian,4.6,65.2,Rejected
George Turner,46-55,Caucasian,1.2,83.6,Accepted
Stephanie Terrell,56+,African American,3.1,84.0,Rejected
Shelly Bolton,56+,Middle Eastern,11.7,97.0,Accepted
Priscilla Gibson,36-45,African American,16.3,85.9,Rejected
James Butler DDS,36-45,Caucasian,16.1,91.0,Accepted
Cindy Davis,26-35,East Asian,15.8,81.5,Accepted
Jason Rodriguez,26-35,Caucasian,9.0,80.8,Accepted
Ashley Diaz,26-35,Middle Eastern,6.7,94.5,Accepted
Melissa Gardner,46-55,East Asian,17.3,75.3,Rejected
Adrian Moore,36-45,Caucasian,4.7,89.2,Accepted
Nancy Thompson,56+,South Asian,6.1,89.4,Accepted
Wayne Foster,26-35,East Asian,10.8,92.0,Accepted
Evan Lawson,56+,Hispanic,13.8,93.9,Accepted
Mary Bender,36-45,African American,3.0,65.9,Rejected
Caroline Daniels,46-55,Hispanic,17.9,91.8,Accepted
Cathy Mullen,18-25,Caucasian,13.8,65.6,Rejected
Isabel Freeman,18-25,Hispanic,13.9,98.8,Accepted
Christina Brown,56+,Middle Eastern,18.8,96.4,Accepted
Paul Hernandez,56+,Hispanic,10.2,97.3,Accepted
Jason Thornton,46-55,Middle Eastern,6.9,73.5,Rejected
Nicholas Knight,56+,Hispanic,9.0,92.6,Accepted
Roy Lee,56+,East Asian,6.1,86.5,Accepted
Monica Wright,18-25,South Asian,5.2,70.1,Rejected
Christina Orozco,46-55,South Asian,8.8,97.8,Accepted
Steve Simon,56+,East Asian,12.2,91.7,Accepted
Victor Lewis,56+,Middle Eastern,18.4,87.0,Rejected
Connie Gonzalez,56+,African American,2.4,92.2,Accepted
Heather Murphy,26-35,Hispanic,11.8,92.5,Accepted
Christopher Owens,36-45,African American,12.3,80.3,Rejected
Jeremy Hardy,46-55,Caucasian,7.7,65.2,Rejected
James Ritter,26-35,African American,5.1,84.1,Rejected
Richard Butler,26-35,South Asian,12.6,89.0,Accepted
Erin Medina,36-45,East Asian,13.1,79.3,Rejected
Joshua Maxwell,56+,East Asian,5.5,81.9,Rejected
Maxwell Jones,18-25,Caucasian,13.8,77.1,Rejected
Theresa Bradley,56+,Middle Eastern,9.3,88.4,Rejected
Leslie Webb,56+,South Asian,17.7,92.6,Accepted
Ryan Franklin,36-45,East Asian,11.3,71.3,Rejected
Luis Burnett,36-45,Caucasian,3.0,76.0,Rejected
Robert Short,36-45,African American,16.4,75.8,Rejected
Anthony Coffey,26-35,Middle Eastern,10.8,95.9,Accepted
Leslie Martinez,46-55,Middle Eastern,7.3,91.7,Accepted
Joshua Mitchell,46-55,Hispanic,9.0,82.6,Rejected
Michael Campos,36-45,Hispanic,3.6,90.8,Accepted
Mr. Nicholas Lopez MD,26-35,Middle Eastern,11.8,75.1,Rejected
Stacy Lewis,56+,African American,19.7,69.0,Rejected
Sean Zhang,36-45,South Asian,9.4,77.0,Rejected
Nathan Ortiz,18-25,Hispanic,3.8,97.6,Accepted
Diana Reilly,56+,East Asian,18.4,90.3,Accepted
April Perez,26-35,African American,19.2,84.1,Rejected
Sharon Floyd,26-35,South Asian,7.8,98.1,Accepted
Jonathan Reyes,56+,Caucasian,14.7,83.7,Accepted
Alexandria Hughes,36-45,Caucasian,5.1,83.3,Accepted
Kathy Newton,26-35,African American,17.9,70.6,Rejected
Brandon Fischer,56+,Caucasian,6.4,80.9,Rejected
Jerome Hill,46-55,African American,11.5,94.5,Accepted
Benjamin Steele,56+,Hispanic,1.1,94.6,Accepted
Andrea Ferguson,56+,Caucasian,18.4,65.8,Rejected
Jerry Wise,56+,South Asian,14.9,66.5,Rejected
Richard Barber,26-35,East Asian,11.9,74.9,Rejected
Vincent Page,18-25,African American,2.7,80.8,Rejected
Sarah Morales,36-45,Hispanic,19.5,77.4,Rejected
Angela Osborne,26-35,Hispanic,7.3,71.9,Rejected
Kevin Booker,18-25,Caucasian,17.8,71.3,Rejected
David Joseph,46-55,African American,11.3,95.7,Accepted
Miguel Christensen,18-25,African American,18.9,86.4,Rejected
Angela King,36-45,Hispanic,17.1,98.0,Accepted
Perry Juarez,36-45,East Asian,2.4,85.4,Accepted
Mark Baker,46-55,East Asian,12.7,67.8,Rejected
Anthony Hansen,56+,African American,9.3,93.0,Accepted
Brian Wilson,56+,Hispanic,15.7,95.1,Accepted
Christopher Boyd,56+,East Asian,10.5,72.5,Rejected
Matthew Kelly,56+,Middle Eastern,15.9,89.6,Rejected
Michele Deleon,18-25,Hispanic,3.6,73.5,Rejected
Eric Fisher,46-55,Hispanic,11.1,77.5,Rejected
Julie Harper,36-45,Middle Eastern,14.4,68.5,Rejected
Kyle Sullivan,36-45,African American,9.2,71.1,Rejected
John Walsh,46-55,East Asian,18.7,72.7,Rejected
Michael Aguirre,36-45,Caucasian,3.4,77.1,Rejected
Jason Lane,46-55,East Asian,4.6,94.5,Accepted
Monica Miller,56+,East Asian,8.7,79.1,Rejected
Gloria Aguirre,36-45,Hispanic,12.5,83.8,Rejected
David Morris,36-45,Middle Eastern,5.3,87.7,Rejected
Jennifer Flores,56+,Hispanic,3.0,97.4,Accepted
Daniel Grant,46-55,Hispanic,6.5,94.4,Accepted
Kristina Miller,46-55,Middle Eastern,16.2,78.8,Rejected
Shawn Lee,46-55,South Asian,2.4,94.6,Accepted
Jessica Valdez,46-55,Middle Eastern,10.5,83.9,Rejected
Gina Graves,46-55,African American,2.5,96.3,Accepted
Alan Saunders,26-35,African American,8.6,93.8,Accepted
Dale Michael,26-35,East Asian,1.6,96.7,Accepted
Eric King,26-35,Middle Eastern,13.8,87.4,Rejected
Melissa Rowe,18-25,Caucasian,15.3,98.5,Accepted
Thomas Santos,26-35,East Asian,7.1,94.8,Accepted
Gregory Weber,36-45,Caucasian,17.9,70.7,Rejected
Kyle Terry,18-25,Middle Eastern,12.8,75.0,Rejected
Susan Martin,18-25,Caucasian,6.3,76.1,Rejected
Caitlyn Evans,56+,South Asian,18.9,74.1,Rejected
Aaron Nielsen,36-45,South Asian,6.4,88.7,Accepted
Crystal Bright,36-45,African American,11.6,71.5,Rejected
Brian Martinez,46-55,East Asian,17.9,73.6,Rejected
Brendan Glenn,18-25,African American,7.6,76.9,Rejected
Emily Smith,26-35,Hispanic,16.2,82.6,Rejected
David Foster,46-55,Middle Eastern,4.5,85.4,Rejected
Todd Richardson,36-45,East Asian,12.0,88.7,Accepted
Thomas Gutierrez,46-55,South Asian,13.2,67.4,Rejected
Megan Smith,56+,African American,17.3,90.8,Rejected
Veronica Moore,18-25,Middle Eastern,13.0,97.8,Accepted
Amber Mcdonald,46-55,African American,19.3,72.6,Rejected
Pamela Solomon,36-45,Hispanic,19.5,71.9,Rejected
Brianna Kelly,56+,Middle Eastern,12.1,70.9,Rejected
John Roberson,56+,African American,17.0,87.0,Rejected
Linda Smith,46-55,African American,3.3,87.0,Rejected
Misty Zhang,26-35,Middle Eastern,6.9,81.6,Rejected
David Patton,26-35,South Asian,8.5,77.1,Rejected
Amanda Campbell,56+,Caucasian,4.7,77.7,Rejected
Craig Cruz,18-25,Middle Eastern,2.2,82.4,Rejected
Tonya Smith,26-35,East Asian,11.9,65.5,Rejected
Lawrence Ramos,56+,Hispanic,19.4,69.7,Rejected
Patricia Smith,46-55,Middle Eastern,16.6,74.8,Rejected
Jacob Weaver,46-55,Hispanic,16.4,80.6,Rejected
Wendy Simmons,36-45,African American,7.1,86.6,Rejected
Kimberly Jones,26-35,East Asian,1.9,96.6,Accepted
Steve Allen,26-35,Hispanic,6.7,78.3,Rejected
Timothy Martin,36-45,South Asian,8.2,85.3,Accepted
Luis Phillips,26-35,Hispanic,14.8,80.1,Rejected
Christopher Burton,36-45,African American,14.7,75.1,Rejected
David Cruz,26-35,Hispanic,3.9,80.1,Rejected
Paul Sellers,26-35,East Asian,3.0,84.1,Accepted
Amber Carrillo,56+,East Asian,15.1,85.4,Accepted
Michelle Ramsey,46-55,Caucasian,5.9,86.7,Accepted
Kayla Beasley DDS,56+,Hispanic,16.0,86.1,Rejected
Cindy Klein,26-35,Hispanic,6.2,86.6,Rejected
Jonathon Robbins,26-35,Middle Eastern,16.6,78.3,Rejected
Joshua Johnson,26-35,Middle Eastern,18.4,71.4,Rejected
Denise Riley,46-55,Caucasian,6.8,70.9,Rejected
Tiffany Mcfarland,46-55,Caucasian,17.0,77.9,Rejected
Amber Morgan,26-35,Hispanic,19.0,68.6,Rejected
Tiffany Butler,26-35,South Asian,3.7,76.5,Rejected
Dawn Davis,26-35,Middle Eastern,7.0,83.9,Rejected
Timothy Tucker,56+,South Asian,10.1,84.6,Accepted
Michael Parker,18-25,Hispanic,5.8,68.9,Rejected
Theresa Cole,18-25,Hispanic,18.4,73.9,Rejected
Emily Nelson,26-35,Hispanic,7.6,89.2,Accepted
Amanda Juarez,36-45,Hispanic,20.0,65.3,Rejected
Kyle Hurley,46-55,Hispanic,4.6,97.1,Accepted
Diana Mathis,46-55,Middle Eastern,15.0,85.9,Rejected
Charles Huff,46-55,Middle Eastern,14.3,78.3,Rejected
Christine Harmon,56+,South Asian,13.9,80.0,Rejected
Jane George,56+,Hispanic,9.4,97.1,Accepted
David Shaw,36-45,Middle Eastern,12.7,87.6,Rejected
Madison Parks,18-25,Caucasian,1.6,68.2,Rejected
Vanessa Kelley,56+,African American,18.7,89.3,Rejected
Mary Taylor,56+,Middle Eastern,1.5,69.2,Rejected
Monica Williams,36-45,African American,3.4,78.0,Rejected
Cameron Hernandez,56+,African American,16.6,88.6,Rejected
Christina Shields,56+,South Asian,9.8,80.6,Rejected
Timothy Wells,26-35,East Asian,10.0,73.5,Rejected
Jennifer Wilkins,56+,African American,19.1,80.5,Rejected
Daniel Robinson,26-35,Middle Eastern,6.2,98.7,Accepted
Tyler Johnson,36-45,East Asian,5.4,77.2,Rejected
Seth Burns,56+,Hispanic,19.7,89.4,Rejected
Elizabeth Hurst,46-55,South Asian,7.1,87.0,Accepted
Amy Cobb,46-55,African American,10.9,95.0,Accepted
Barry Day,26-35,South Asian,12.2,71.2,Rejected
Patrick Ferguson,26-35,East Asian,15.7,67.2,Rejected
Christina Owens,18-25,African American,13.7,78.1,Rejected
Melissa Baker,18-25,Hispanic,2.4,83.7,Rejected
Jennifer Simon,36-45,South Asian,17.5,74.6,Rejected
Joseph Hughes,46-55,Hispanic,1.6,96.4,Accepted
Christina Richard,36-45,Caucasian,1.8,79.1,Rejected
Victor Vargas Jr.,46-55,South Asian,16.4,97.0,Accepted
Stephanie Macias,46-55,African American,13.8,93.2,Accepted
Juan Lopez,46-55,Middle Eastern,17.1,79.9,Rejected
Jody Morris,26-35,Caucasian,13.4,88.6,Accepted
Cassandra Snyder,18-25,Hispanic,4.8,67.5,Rejected
Ryan Weber,18-25,Hispanic,10.8,98.2,Accepted
Amy Johnson,46-55,South Asian,1.5,65.8,Rejected
David Lewis,26-35,Hispanic,14.8,95.5,Accepted
Nicholas Ford,36-45,East Asian,19.4,74.6,Rejected
Virginia Ramirez MD,18-25,African American,6.9,85.9,Rejected
Rita Carlson,26-35,East Asian,13.0,68.5,Rejected
Karen James,56+,South Asian,12.2,96.2,Accepted
Robert Medina,18-25,African American,8.5,71.8,Rejected
Sarah Gardner,46-55,African American,18.3,95.0,Accepted
Jordan Herrera,56+,Middle Eastern,3.8,68.6,Rejected
Darryl Webb,56+,Caucasian,6.2,71.6,Rejected
Christine York,36-45,Hispanic,8.8,94.6,Accepted
David Li,18-25,African American,16.4,76.5,Rejected
Tiffany Noble,46-55,Middle Eastern,16.8,88.4,Rejected
Lisa Mcguire,46-55,East Asian,17.3,80.8,Rejected
Melissa Warner,18-25,Middle Eastern,15.2,74.7,Rejected
Taylor Owens,56+,African American,11.7,87.1,Rejected
Kimberly Allen,26-35,Caucasian,19.2,74.9,Rejected
Jennifer Prince,46-55,East Asian,13.1,74.6,Rejected
Ronald Villegas,18-25,African American,8.4,66.1,Rejected
Mrs. Christine Coleman,46-55,South Asian,5.8,76.5,Rejected
Angela Torres,18-25,Caucasian,14.3,80.7,Accepted
Paula Wise,36-45,South Asian,1.7,80.0,Accepted
Martin Sampson,36-45,Middle Eastern,17.5,80.7,Rejected
Gerald Morales,46-55,Middle Eastern,15.1,73.0,Rejected
Courtney Wagner,56+,South Asian,3.5,78.5,Rejected
Patricia Lester,56+,African American,5.6,68.5,Rejected
Robert Campbell,18-25,Middle Eastern,3.5,72.7,Rejected
Julia Oconnor,36-45,East Asian,8.8,88.4,Accepted
Timothy Gonzalez,56+,Middle Eastern,2.7,93.1,Accepted
Connie Jones,26-35,East Asian,8.0,78.0,Rejected
William Martinez,18-25,Middle Eastern,11.0,82.5,Rejected
Audrey Phillips,56+,East Asian,11.7,72.2,Rejected
Mark Shelton,46-55,East Asian,1.5,69.0,Rejected
William Sanford,36-45,East Asian,15.5,82.6,Accepted
Courtney Obrien,18-25,Caucasian,15.5,74.0,Rejected
Daniel Johnson,18-25,East Asian,10.4,75.0,Rejected
Tracey Johnson,56+,South Asian,19.4,93.1,Accepted
Phillip Shelton,18-25,East Asian,3.1,96.6,Accepted
Jim Hopkins,36-45,Middle Eastern,3.7,79.8,Rejected
Jason Munoz,18-25,East Asian,16.3,95.4,Accepted
Kenneth Lozano,46-55,African American,6.2,69.4,Rejected
Aaron Ramirez DDS,56+,East Asian,6.2,96.1,Accepted
Michele Nichols,46-55,Caucasian,4.6,75.4,Rejected
Amanda Pittman,46-55,South Asian,12.3,84.2,Accepted
Christopher Reeves,56+,Middle Eastern,13.6,87.9,Rejected
Kevin Mills,26-35,Middle Eastern,16.3,70.3,Rejected
Mason Hammond,26-35,Caucasian,4.4,86.5,Accepted
Adam Montgomery,46-55,South Asian,14.5,95.1,Accepted
Faith Anderson,18-25,South Asian,15.1,94.4,Accepted
Danielle Holmes,18-25,East Asian,10.0,93.5,Accepted
Gerald Collier,56+,African American,2.2,79.5,Rejected
Stephanie Sanchez,36-45,East Asian,1.3,97.3,Accepted
Edward Stanley,18-25,Hispanic,15.5,83.1,Rejected
Debra Mitchell,26-35,African American,18.5,93.3,Accepted
Philip Erickson,36-45,East Asian,5.6,76.7,Rejected
Paula Clark,56+,Caucasian,1.7,96.0,Accepted
David Morales,26-35,Caucasian,9.4,87.1,Accepted
Angelica Hill,56+,East Asian,10.1,87.7,Accepted
Kaitlyn Wolfe,36-45,African American,8.9,89.1,Accepted
Melanie Lopez,56+,East Asian,4.6,93.9,Accepted
Crystal Nunez,18-25,African American,18.0,85.2,Rejected
Kathryn Nash,18-25,Hispanic,17.1,90.3,Accepted
Barbara Smith,26-35,South Asian,6.4,82.5,Accepted
Russell Spence,26-35,South Asian,16.4,65.5,Rejected
James Myers,56+,Hispanic,2.4,78.0,Rejected
Melanie Griffith,26-35,African American,14.7,95.6,Accepted
Jacqueline Gray,56+,Hispanic,6.7,95.8,Accepted
Katrina Jimenez DDS,18-25,Hispanic,2.3,73.4,Rejected
Toni Cruz,46-55,Middle Eastern,17.5,68.8,Rejected
Sharon Mcintosh,56+,South Asian,12.8,93.2,Accepted
Levi Gonzalez,56+,East Asian,13.2,68.2,Rejected
Ricardo Anderson,18-25,Middle Eastern,19.4,83.0,Rejected
Cassandra Little,18-25,East Asian,13.8,89.4,Accepted
Kelly Jackson,36-45,Hispanic,10.7,86.2,Rejected
Joseph Day,18-25,Middle Eastern,2.0,70.8,Rejected
Michael Ramsey,26-35,Middle Eastern,9.7,74.7,Rejected
Valerie Orozco,46-55,South Asian,18.0,89.4,Accepted
Matthew Campos,56+,African American,15.5,74.3,Rejected
Heather Hartman,46-55,East Asian,1.8,71.6,Rejected
Joshua Stevenson,36-45,Middle Eastern,1.2,76.4,Rejected
Gavin Duncan,36-45,African American,5.4,91.4,Accepted
Judy Pierce,56+,African American,10.9,91.3,Accepted
Casey Santos,46-55,Hispanic,17.3,86.1,Rejected
Mrs. Margaret Schultz,56+,Middle Eastern,17.9,79.4,Rejected
Tiffany Hall,36-45,East Asian,8.5,98.3,Accepted
Kristin Hall,26-35,Middle Eastern,3.8,83.7,Rejected
Amanda Ramsey,26-35,African American,17.5,70.2,Rejected
Kimberly Collins,18-25,Middle Eastern,4.1,78.5,Rejected
Deborah Singleton,36-45,Middle Eastern,12.7,97.2,Accepted
Darren Cortez,46-55,East Asian,18.0,97.5,Accepted
David Trujillo,26-35,Middle Eastern,15.1,94.4,Accepted
Melissa Wolfe,26-35,South Asian,2.3,88.7,Accepted
William Duffy,18-25,South Asian,14.1,68.5,Rejected
Clayton Woods,56+,South Asian,2.1,68.1,Rejected
Brandon Guerrero,56+,Middle Eastern,18.5,67.0,Rejected
Charles Rice,18-25,African American,1.3,93.3,Accepted
Holly Garner,46-55,Hispanic,8.0,66.4,Rejected
Alexander Hodges,46-55,African American,3.9,81.3,Rejected
Ryan Phillips,36-45,East Asian,1.9,74.1,Rejected
Craig Benton,26-35,East Asian,12.4,74.9,Rejected
Justin Richardson,26-35,Middle Eastern,13.1,83.7,Rejected
Scott Garner,56+,Caucasian,9.5,80.4,Rejected
Bradley Smith,46-55,African American,16.6,67.8,Rejected
David Garcia,46-55,South Asian,3.0,73.0,Rejected
Glen Leonard,26-35,Hispanic,18.9,65.2,Rejected
Mitchell Tate,36-45,African American,17.5,70.6,Rejected
Phillip Price,46-55,Middle Eastern,6.2,65.4,Rejected
Stacy Powell,26-35,Hispanic,5.9,79.4,Rejected
Cynthia Holloway,56+,South Asian,18.8,93.4,Accepted
Victoria Herrera,56+,South Asian,18.7,95.8,Accepted
Misty Montes,56+,Middle Eastern,4.6,96.7,Accepted
Jessica Gallagher,18-25,East Asian,7.4,82.2,Accepted
Brittany Munoz,56+,East Asian,5.2,71.7,Rejected
Paula Morrison,36-45,Middle Eastern,16.9,99.0,Accepted
Amy Shaw,26-35,South Asian,8.1,84.0,Accepted
Mary Carter,18-25,South Asian,6.7,88.5,Accepted
Stephen Hester,56+,East Asian,6.4,78.4,Rejected
Robert Lawrence,18-25,Caucasian,7.6,76.8,Rejected
Felicia Wilcox DDS,36-45,East Asian,7.2,68.3,Rejected
Erin Warner,26-35,Middle Eastern,6.3,97.2,Accepted
Kristi Newton,56+,Hispanic,10.5,90.6,Rejected
Heather Estrada,36-45,South Asian,16.1,80.8,Accepted
Darrell Charles,26-35,South Asian,2.6,86.6,Accepted
Stephanie Rodriguez,56+,South Asian,7.8,74.3,Rejected
Alicia Nguyen,18-25,South Asian,16.8,89.1,Accepted
Debra Christensen,18-25,Hispanic,1.6,68.5,Rejected
Ian Diaz,46-55,African American,12.3,85.6,Rejected
Jeremiah Weaver,56+,Middle Eastern,17.2,68.3,Rejected
Francis Ward,18-25,Middle Eastern,4.6,81.0,Rejected
Karen Goodwin,46-55,African American,1.6,73.0,Rejected
Bryan Warren,18-25,Middle Eastern,10.1,69.8,Rejected
Francisco Miller,36-45,African American,4.7,84.7,Rejected
Kevin Ramos,56+,Middle Eastern,19.2,73.0,Rejected
Brandon Fernandez,56+,Middle Eastern,14.3,93.0,Accepted
Johnny Peters,36-45,South Asian,17.5,93.5,Accepted
James Williams,56+,South Asian,3.8,89.5,Accepted
Shawn Wright,26-35,African American,10.8,82.9,Rejected
David Hansen,56+,East Asian,18.7,78.3,Rejected
Steven Bailey,56+,African American,2.8,78.1,Rejected
Kristina Porter,18-25,African American,15.8,66.7,Rejected
Riley Willis,46-55,Hispanic,2.6,86.8,Rejected
Amy King,56+,Hispanic,10.0,86.5,Rejected
Johnny Brown,46-55,Middle Eastern,3.9,90.8,Rejected
Clarence Williams,18-25,Caucasian,6.4,75.9,Rejected
Christopher Lewis,18-25,Middle Eastern,18.8,93.7,Accepted
Michael Patterson,26-35,East Asian,7.6,69.7,Rejected
David Harris,46-55,Caucasian,4.6,68.1,Rejected
Richard Moyer,26-35,East Asian,5.3,73.7,Rejected
Christina Galloway,36-45,Hispanic,1.2,66.5,Rejected
Laura Williams,18-25,Hispanic,3.9,79.9,Rejected
Andrew Bryant,18-25,Middle Eastern,8.5,74.9,Rejected
Brian Perry,26-35,East Asian,17.1,88.7,Accepted
Cory Elliott,46-55,South Asian,2.9,74.3,Rejected
Alexandra Ward,46-55,South Asian,7.1,69.0,Rejected
Aimee Cooper,26-35,Hispanic,19.7,75.9,Rejected
Nicole Daniel,56+,Hispanic,15.1,69.9,Rejected
Sandra Hopkins,56+,Middle Eastern,13.0,88.7,Rejected
Brittany Ramos,26-35,Hispanic,11.1,80.3,Rejected
Amanda Pearson,46-55,Hispanic,11.5,95.3,Accepted
Shannon Gonzales,18-25,East Asian,4.2,74.7,Rejected
Dylan Woods,26-35,Hispanic,3.7,84.5,Rejected
Melissa Hurley,26-35,East Asian,16.4,97.9,Accepted
Deanna Smith,18-25,East Asian,14.6,73.7,Rejected
Michael Jacobs,36-45,Middle Eastern,16.5,74.0,Rejected
Teresa Cooper,26-35,African American,4.3,79.6,Rejected
Kyle Smith,18-25,Middle Eastern,11.1,65.4,Rejected
Brenda Silva,18-25,Hispanic,9.8,68.6,Rejected
Jeremy Romero,56+,Middle Eastern,7.0,76.0,Rejected
Mark Stephenson,36-45,Caucasian,4.0,85.2,Accepted
Natasha Oliver,36-45,East Asian,6.8,96.3,Accepted
Victor Daniels,26-35,South Asian,10.6,83.2,Accepted
Kelly Ward,56+,East Asian,18.5,87.8,Accepted
Cody Goodwin,56+,Caucasian,5.5,87.9,Accepted
Brian Hancock,18-25,East Asian,15.0,78.3,Rejected
Christina Benson,26-35,East Asian,3.6,80.2,Accepted
Lisa Winters,26-35,South Asian,2.6,92.9,Accepted
David Mcgee,26-35,Caucasian,15.8,97.7,Accepted
Candice Jefferson,26-35,Middle Eastern,7.6,94.5,Accepted
Michael Murray,18-25,Hispanic,3.5,75.5,Rejected
Jeffrey Garza,46-55,South Asian,3.9,73.1,Rejected
Paul Haynes,56+,Caucasian,5.4,84.2,Accepted
Johnny Mckenzie,46-55,Caucasian,7.7,66.2,Rejected
Anne Walters,46-55,East Asian,10.8,70.5,Rejected
Travis Gray,56+,Caucasian,19.8,87.5,Accepted
Elizabeth Lopez,36-45,Middle Eastern,14.8,78.8,Rejected
Christopher Jones,36-45,Caucasian,4.0,83.5,Accepted
Monica Edwards,26-35,East Asian,6.5,81.6,Accepted
Pedro Long,56+,Hispanic,6.2,65.5,Rejected
Mark Richardson,46-55,Hispanic,7.4,65.2,Rejected
Jonathan Marshall,18-25,Middle Eastern,16.3,73.0,Rejected
Carlos Johnson,18-25,South Asian,15.2,67.9,Rejected
Brian Jackson,56+,African American,19.5,74.8,Rejected
Kelly Gutierrez,18-25,East Asian,14.9,93.7,Accepted
Michael Cole,36-45,Caucasian,7.0,71.5,Rejected
William Hill,18-25,African American,13.4,82.2,Rejected
Nicholas Richardson,18-25,Middle Eastern,11.8,68.5,Rejected
Andrew Lutz,46-55,African American,4.6,74.1,Rejected
Drew Wilson,36-45,East Asian,12.5,73.5,Rejected
James Phelps,18-25,Caucasian,18.6,76.3,Rejected
Jessica Bonilla,56+,East Asian,5.7,91.1,Accepted
Julia Figueroa,46-55,Hispanic,10.9,86.1,Rejected
Darryl Shaffer,56+,Hispanic,16.0,90.5,Rejected
Briana King,18-25,South Asian,8.9,68.1,Rejected
Joshua Cole,36-45,South Asian,5.0,83.7,Accepted
Alexis Hall,36-45,Caucasian,16.4,85.6,Accepted
Rebecca Graves,56+,Hispanic,12.7,81.0,Rejected
Johnathan Wilson,46-55,Hispanic,18.4,74.9,Rejected
Gerald Bass,36-45,Middle Eastern,14.8,98.5,Accepted
Linda Mckenzie,46-55,Middle Eastern,17.7,92.3,Accepted
Natalie Smith,26-35,African American,6.0,83.8,Rejected
Beth Pollard,26-35,Middle Eastern,16.0,92.1,Accepted
Melinda Vaughn,18-25,South Asian,18.3,67.2,Rejected
Lori Goodman,18-25,Middle Eastern,8.2,85.2,Rejected
Laura Pope,36-45,Middle Eastern,19.9,80.6,Rejected
Jennifer Santos,36-45,Hispanic,16.4,84.7,Rejected
Brandy Douglas,56+,Middle Eastern,9.9,80.3,Rejected
Tammy Mitchell,46-55,Caucasian,19.2,96.3,Accepted
Jay Fox,26-35,South Asian,12.0,83.4,Accepted
Alan Lee,18-25,African American,3.6,91.7,Accepted
Shawn Friedman,26-35,Middle Eastern,15.9,93.6,Accepted
Jennifer Pope,56+,East Asian,5.1,86.2,Accepted
Steven Lopez,18-25,South Asian,10.0,69.3,Rejected
Amy Johnson,18-25,Caucasian,7.8,87.0,Accepted
Amy Sharp,18-25,South Asian,7.0,89.2,Accepted
Andrew Smith,26-35,Middle Eastern,11.1,97.3,Accepted
Jennifer Chang,26-35,Caucasian,4.0,67.2,Rejected
Michelle Brown,18-25,African American,1.8,70.0,Rejected
Leah Mooney,18-25,South Asian,10.7,88.2,Accepted
Sandra Townsend,36-45,African American,10.0,95.8,Accepted
Ruth Taylor,26-35,Hispanic,7.0,76.7,Rejected
Christopher Jenkins,56+,South Asian,15.1,89.4,Accepted
Alexis Brown,18-25,Middle Eastern,18.5,71.3,Rejected
David Fitzgerald,56+,African American,4.3,98.1,Accepted
Thomas Wu,46-55,Hispanic,2.2,74.5,Rejected
Christopher Jackson,36-45,East Asian,17.2,71.5,Rejected
Jennifer Brown,56+,South Asian,6.3,92.0,Accepted
Jeffrey Oconnor,46-55,South Asian,17.8,85.7,Accepted
Dawn Atkins,46-55,East Asian,15.0,66.0,Rejected
Alexis Harris,56+,South Asian,6.7,69.1,Rejected
Tyler Lester,46-55,South Asian,15.0,65.4,Rejected
Zachary Cook,26-35,Middle Eastern,2.0,85.9,Rejected
Jeffrey Martin,18-25,East Asian,19.0,83.3,Accepted
Michelle Garcia,46-55,Middle Eastern,2.7,74.2,Rejected
Amanda Fitzgerald,46-55,Hispanic,15.3,68.6,Rejected
Todd Jones,36-45,Hispanic,14.0,66.7,Rejected
Robert Meyer,56+,East Asian,5.7,66.5,Rejected
Tami Hayden,18-25,Hispanic,18.2,68.2,Rejected
Lucas Williamson,36-45,Hispanic,7.9,89.8,Accepted
Courtney Baxter DDS,18-25,East Asian,2.5,90.8,Accepted
Dana Diaz,26-35,South Asian,10.8,88.0,Accepted
Dylan Clark,26-35,East Asian,9.7,79.7,Rejected
Claudia Hall,56+,Hispanic,5.3,79.0,Rejected
Jennifer Gonzalez,18-25,Hispanic,14.8,69.0,Rejected
Jenna Reed,18-25,South Asian,16.7,74.5,Rejected
Sandra Ramirez,26-35,Hispanic,6.6,79.3,Rejected
Megan Anderson,46-55,African American,2.2,74.4,Rejected
Steven Bennett,26-35,Caucasian,11.5,70.8,Rejected
Anthony Hughes,46-55,Hispanic,10.5,84.1,Rejected
Justin Howard,36-45,African American,4.1,81.9,Rejected
Lindsey Ruiz,18-25,Caucasian,6.7,73.6,Rejected
David Roth,18-25,Middle Eastern,15.0,81.1,Rejected
Michelle Lowe,18-25,East Asian,2.6,70.3,Rejected
Christopher Adams,36-45,Middle Eastern,9.7,73.3,Rejected
Katherine Jennings,56+,Middle Eastern,17.9,77.2,Rejected
Brandon Mcdonald,36-45,South Asian,13.8,89.7,Accepted
Mallory Cherry,46-55,South Asian,16.6,73.9,Rejected
Courtney Cooper,36-45,Hispanic,1.4,85.9,Rejected
Mr. Nicholas Cox,36-45,East Asian,19.5,87.7,Accepted
Mariah Deleon,26-35,East Asian,7.8,68.6,Rejected
Zachary Gomez,26-35,Hispanic,7.2,89.5,Accepted
Richard Gallagher,26-35,African American,19.5,68.1,Rejected
Deborah Ward,26-35,Caucasian,19.8,65.8,Rejected
Benjamin Kemp,36-45,Middle Eastern,16.8,97.6,Accepted
Dustin Hall,18-25,South Asian,2.0,74.8,Rejected
Tyrone Walls,56+,Caucasian,10.5,77.2,Rejected
Melissa Curtis,36-45,Hispanic,4.0,77.7,Rejected
Mr. Gerald Smith,18-25,Middle Eastern,19.4,66.4,Rejected
Dr. Emma Wells PhD,36-45,South Asian,15.5,77.9,Rejected
Jeremy Barry,46-55,East Asian,14.0,76.7,Rejected
David Hickman,26-35,Middle Eastern,7.0,76.3,Rejected
Jordan Herrera,18-25,South Asian,4.9,71.9,Rejected
Philip Stanton,26-35,East Asian,7.8,86.2,Accepted
Steven Preston,18-25,African American,6.2,78.0,Rejected
Robert Buckley,46-55,African American,14.8,79.9,Rejected
Angela Torres,56+,Middle Eastern,8.8,74.1,Rejected
Carlos Griffith,18-25,East Asian,8.3,81.5,Accepted
Margaret Davis,26-35,Hispanic,14.0,85.0,Rejected
Leonard Alvarez,18-25,East Asian,2.7,66.8,Rejected
Maria Wright,36-45,African American,8.3,73.9,Rejected
Christopher Glenn,26-35,Middle Eastern,16.1,85.0,Rejected
Mark King,46-55,South Asian,5.9,78.5,Rejected
Marc Reed,26-35,Caucasian,18.5,87.3,Accepted
Chad Rojas,26-35,Hispanic,6.9,85.9,Rejected
Mary Riley,56+,African American,10.9,65.6,Rejected
Leslie Andrews,46-55,African American,4.5,67.9,Rejected
Denise Shelton,56+,African American,2.4,67.0,Rejected
Mary Meza,18-25,African American,9.0,68.7,Rejected
Kimberly Dunlap,26-35,Caucasian,10.1,91.1,Accepted
Tammie Mathews,56+,Hispanic,11.7,92.4,Accepted
John Phillips,46-55,African American,7.3,75.1,Rejected
John Smith,56+,African American,5.7,70.4,Rejected
Kimberly Glover,26-35,Hispanic,1.7,93.1,Accepted
Rodney Brown,36-45,East Asian,1.0,71.5,Rejected
Virginia Underwood,26-35,Hispanic,12.4,83.4,Rejected
Alicia Wilson,26-35,Middle Eastern,10.9,75.7,Rejected
Veronica Johns,36-45,African American,17.1,65.4,Rejected
Ellen Dean,36-45,Middle Eastern,1.8,96.2,Accepted
Susan Fletcher,46-55,East Asian,11.4,96.7,Accepted
Heidi Johnson,18-25,Hispanic,5.9,79.2,Rejected
Shelly Nelson,18-25,East Asian,3.7,85.7,Accepted
Jessica Alexander,36-45,Middle Eastern,13.5,82.8,Rejected
Andrew Klein,46-55,Hispanic,12.4,82.3,Rejected
Kevin Brown,36-45,Hispanic,2.3,95.3,Accepted
Matthew Kelley,46-55,Middle Eastern,11.0,75.0,Rejected
Jordan Paul,26-35,Hispanic,1.1,86.0,Rejected
Shannon Ellison,36-45,East Asian,3.7,88.4,Accepted
Matthew Gonzalez,18-25,Hispanic,6.6,95.5,Accepted
Samantha Rojas,36-45,Middle Eastern,18.2,69.4,Rejected
Cristian Johnson,36-45,African American,10.7,74.0,Rejected
Cheryl Rich,56+,Middle Eastern,5.3,76.0,Rejected
Karen Roberts,36-45,Hispanic,5.3,98.7,Accepted
Pam Davis,46-55,Middle Eastern,19.0,71.8,Rejected
Kristie Smith,18-25,Hispanic,4.2,65.1,Rejected
Robert Camacho,26-35,South Asian,3.5,65.4,Rejected
Emily Madden,56+,South Asian,4.6,67.8,Rejected
Tyler Walters,26-35,South Asian,10.3,90.3,Accepted
Jasmine White,18-25,Hispanic,18.6,80.1,Rejected
Jacqueline Rodriguez,46-55,Caucasian,16.9,96.5,Accepted
Matthew Davies,18-25,Hispanic,2.3,69.2,Rejected
Jean Mcintyre,36-45,Caucasian,13.3,65.8,Rejected
Andrew Mcdaniel,46-55,Caucasian,2.5,69.8,Rejected
Walter Dixon,36-45,East Asian,1.7,95.4,Accepted
Robert Jordan,56+,African American,14.8,70.1,Rejected
Alicia Smith,26-35,Middle Eastern,10.0,89.8,Accepted
Charles Hernandez,46-55,Caucasian,9.2,83.9,Accepted
Ronald Hunter,56+,African American,19.0,74.4,Rejected
Ronald Campbell,36-45,Caucasian,18.5,77.3,Rejected
Sarah Williamson,56+,East Asian,2.4,96.0,Accepted
Troy Miller,18-25,East Asian,1.4,79.6,Rejected
Elizabeth Pierce,46-55,Caucasian,4.4,87.3,Accepted
Ryan Smith,56+,Middle Eastern,17.2,72.5,Rejected
Ashley Walsh,26-35,Caucasian,14.1,85.9,Accepted
Dale Hughes,18-25,East Asian,5.8,73.2,Rejected
Michelle Garcia,18-25,South Asian,5.2,91.5,Accepted
Ana Miller,46-55,Caucasian,17.6,68.7,Rejected
Craig Payne,56+,Caucasian,5.9,95.6,Accepted
Jeffrey Simpson,46-55,Hispanic,8.0,77.2,Rejected
Mary Torres,46-55,African American,1.5,97.7,Accepted
Donna Moore,46-55,South Asian,19.0,69.4,Rejected
Matthew Ward,36-45,South Asian,18.2,83.8,Accepted
Don Meyer,56+,Hispanic,5.4,97.9,Accepted
Jessica Cruz,36-45,African American,10.1,85.0,Rejected
Jacob Mccarty,18-25,African American,3.3,70.0,Rejected
David Martin,26-35,Hispanic,12.5,66.4,Rejected
Todd Harvey,18-25,East Asian,11.0,73.5,Rejected
Jose Andrews,18-25,South Asian,9.6,98.1,Accepted
Mark Smith,26-35,African American,2.1,95.0,Accepted
Debbie Smith,56+,South Asian,5.2,86.9,Accepted
Leah Cunningham,46-55,African American,1.7,97.2,Accepted
Kerri Rogers,26-35,Hispanic,18.2,82.6,Rejected
Andrea Wright,56+,South Asian,8.0,71.8,Rejected
Gina Estes,26-35,South Asian,7.5,69.3,Rejected
Wesley Savage,18-25,South Asian,9.7,83.2,Accepted
Adam Griffin,18-25,African American,7.4,74.7,Rejected
Lisa Pierce,26-35,African American,10.3,72.8,Rejected
Amanda Brooks,46-55,Hispanic,8.8,80.3,Rejected
John Brown,18-25,Caucasian,5.5,89.8,Accepted
Robert Johnson,26-35,East Asian,11.2,97.0,Accepted
Kristen Salazar,26-35,South Asian,4.1,70.6,Rejected
Trevor Smith,36-45,East Asian,7.5,93.4,Accepted
Shelby Miller,46-55,African American,11.7,72.0,Rejected
April Johnson,46-55,South Asian,10.8,94.5,Accepted
Jocelyn Greer,26-35,Middle Eastern,12.7,98.9,Accepted
Erica Banks,18-25,Caucasian,15.7,90.1,Accepted
Clayton Davis,56+,Hispanic,14.6,79.4,Rejected
Patrick Lawrence,36-45,East Asian,10.4,65.2,Rejected
Andrea Harris,36-45,South Asian,10.4,96.4,Accepted
Vanessa Miller,46-55,East Asian,12.3,82.0,Rejected
Kenneth Rojas,46-55,South Asian,18.1,89.1,Accepted
Daniel Gonzales Jr.,26-35,Hispanic,13.3,66.4,Rejected
Jessica Armstrong,18-25,African American,2.1,75.2,Rejected
Angela Hayden,46-55,African American,19.7,66.5,Rejected
Brenda Best,26-35,African American,2.5,75.1,Rejected
Amanda Villa,56+,Caucasian,15.8,98.7,Accepted
David Jones,26-35,African American,7.7,74.9,Rejected
Heather Pena,26-35,East Asian,6.3,91.2,Accepted
Richard Wang,36-45,East Asian,5.2,97.3,Accepted
Emily Nicholson,56+,Hispanic,8.4,82.8,Rejected
Sergio Wong,26-35,Hispanic,4.4,78.7,Rejected
Donald Jenkins,18-25,South Asian,12.3,69.2,Rejected
Mrs. Elizabeth Williams MD,36-45,African American,9.9,75.8,Rejected
Megan Flores,46-55,Middle Eastern,12.0,95.0,Accepted
Angela Lee,36-45,South Asian,6.4,86.7,Accepted
Jessica Johnson,46-55,Middle Eastern,17.6,73.8,Rejected
Craig Davis,36-45,Middle Eastern,8.8,83.6,Rejected
Desiree Carpenter,46-55,African American,5.9,74.6,Rejected
Bianca Lewis,18-25,East Asian,13.3,75.6,Rejected
Deborah Cole,26-35,South Asian,13.7,91.7,Accepted
Shelley Mosley,46-55,Caucasian,17.3,82.5,Rejected
Lori King,46-55,Middle Eastern,16.4,78.3,Rejected
Stephanie Compton,36-45,Middle Eastern,8.7,85.4,Rejected
Benjamin Lopez,26-35,East Asian,16.3,95.1,Accepted
Tiffany Brandt,46-55,South Asian,1.9,69.9,Rejected
Kimberly Davis,36-45,Caucasian,12.8,94.9,Accepted
Mrs. Nicole Lee,36-45,African American,5.2,82.7,Rejected
Alexis Douglas,26-35,Middle Eastern,8.8,73.6,Rejected
Paul Warren,56+,Hispanic,7.7,90.9,Rejected
Nicholas Robinson,36-45,Middle Eastern,15.9,69.2,Rejected
Robin Nelson,36-45,East Asian,8.8,71.1,Rejected
Steven Benitez,18-25,South Asian,6.8,91.4,Accepted
Gregory Schmidt,36-45,Middle Eastern,1.2,77.7,Rejected
Zachary Malone,46-55,Hispanic,16.5,91.6,Accepted
James Foster,36-45,Hispanic,9.9,92.5,Accepted
Daniel Murphy,46-55,Hispanic,7.3,72.0,Rejected
Phyllis Freeman,46-55,East Asian,7.9,74.9,Rejected
Kyle Bowen,18-25,South Asian,15.3,66.1,Rejected
Danielle Allen,26-35,Caucasian,4.9,82.6,Accepted
Stephanie Smith,26-35,South Asian,6.1,81.6,Accepted
John Munoz,36-45,Hispanic,12.9,92.3,Accepted
Deborah Estrada,26-35,Hispanic,14.1,85.2,Rejected
Vickie Ramirez,46-55,African American,17.6,90.1,Rejected
Elizabeth Reynolds,56+,Middle Eastern,19.2,69.6,Rejected
Antonio Wells,56+,East Asian,14.9,85.8,Accepted
Corey Warren,18-25,Caucasian,10.1,74.0,Rejected
Andrew Anderson,46-55,Caucasian,16.9,89.1,Accepted
Debra Hill,36-45,African American,16.7,88.6,Accepted
Brian Gonzalez,18-25,Middle Eastern,16.3,75.0,Rejected
Jeremiah Ferguson,18-25,East Asian,17.0,89.5,Accepted
Edward Anderson,18-25,East Asian,3.1,80.5,Accepted
Mary Williams,46-55,Hispanic,10.4,80.5,Rejected
Brenda Fritz,56+,Hispanic,19.4,98.0,Accepted
Cheryl Mills,56+,Middle Eastern,13.6,77.4,Rejected
Cory Roman,36-45,East Asian,1.8,73.0,Rejected
Kim Rogers,56+,Middle Eastern,8.8,67.0,Rejected
Michael Kemp,18-25,African American,16.8,95.4,Accepted
Maria Booth,36-45,South Asian,1.4,65.9,Rejected
Anna Clarke,18-25,Caucasian,10.3,97.1,Accepted
Isaac Stout DDS,26-35,Caucasian,3.9,81.4,Accepted
Erika Garcia,46-55,Caucasian,2.5,97.6,Accepted
Linda Reynolds,26-35,Caucasian,17.7,82.8,Accepted
Jesus Clark,56+,Middle Eastern,15.7,96.2,Accepted
Anna Adkins,36-45,Hispanic,15.4,67.7,Rejected
Tina Butler,56+,East Asian,3.3,73.2,Rejected
Tyler Ortiz,56+,East Asian,2.1,97.2,Accepted
Steven Kelly,36-45,African American,8.7,98.8,Accepted
Brenda Rodriguez,18-25,South Asian,8.7,75.5,Rejected
Kevin Bryant,56+,Hispanic,1.6,75.3,Rejected
Kenneth Gonzalez,56+,Hispanic,2.9,77.9,Rejected
Kyle Key,26-35,Caucasian,8.4,93.0,Accepted
Stephen Valencia,36-45,Hispanic,9.3,72.6,Rejected
Richard Wright,18-25,Hispanic,1.6,92.5,Accepted
Caroline Harding,46-55,Middle Eastern,9.3,98.1,Accepted
Caitlin Lambert,26-35,Caucasian,20.0,66.3,Rejected
Jeremy Douglas,26-35,Caucasian,12.9,65.0,Rejected
Kathleen Dunn,26-35,Hispanic,15.4,97.9,Accepted
Nicholas Williams,56+,Caucasian,8.5,70.5,Rejected
Randy Benson,36-45,South Asian,16.0,84.6,Accepted
Calvin White,18-25,Caucasian,10.7,83.0,Accepted
Amber Miller,56+,Middle Eastern,12.3,98.6,Accepted
Alyssa Farrell,36-45,Hispanic,13.5,65.0,Rejected
Stacey Anderson,36-45,South Asian,16.2,73.4,Rejected
Michael Smith,26-35,East Asian,12.0,73.1,Rejected
Tiffany Mcdowell,26-35,Caucasian,1.4,70.8,Rejected
Patricia Manning,46-55,Middle Eastern,5.6,79.2,Rejected
Michael Oliver,18-25,East Asian,5.0,75.8,Rejected
Ryan Foley,18-25,Middle Eastern,8.9,65.2,Rejected
Mike Forbes,18-25,Middle Eastern,17.8,85.9,Rejected
Sean Dudley,56+,Caucasian,19.5,67.5,Rejected
Shawn Francis,36-45,Caucasian,4.3,98.7,Accepted
Adam Hayes,26-35,Caucasian,4.1,84.9,Accepted
Brandon Johnson,18-25,Middle Eastern,8.7,75.8,Rejected
Jackson Keller,36-45,South Asian,1.1,84.2,Accepted
Jennifer Floyd,56+,African American,13.8,88.7,Rejected
Aaron Watkins,36-45,African American,18.7,93.4,Accepted
Laura Cox,56+,Caucasian,18.9,77.9,Rejected
Katherine Ward,26-35,East Asian,11.4,79.6,Rejected
Ellen Franklin,18-25,Middle Eastern,19.9,98.8,Accepted
Breanna Edwards,56+,South Asian,4.6,74.4,Rejected
Tanya Turner,18-25,African American,1.7,66.7,Rejected
Nicole Page,36-45,Hispanic,18.5,66.1,Rejected
Matthew Armstrong,36-45,African American,11.8,97.4,Accepted
Kathleen Hall,26-35,South Asian,2.8,69.0,Rejected
Valerie Underwood,46-55,South Asian,11.9,72.9,Rejected
Susan Robinson,56+,Middle Eastern,4.4,65.1,Rejected
Elizabeth Hudson,26-35,African American,6.0,75.5,Rejected
James Jennings,18-25,African American,18.7,94.7,Accepted
Patrick Martin,56+,African American,4.9,80.6,Rejected
Paul Pierce,26-35,Middle Eastern,4.5,82.4,Rejected
Alison Ray,56+,African American,19.8,91.1,Accepted
Jennifer Garcia,56+,African American,15.5,83.1,Rejected
Donald Williams,36-45,East Asian,7.8,68.0,Rejected
Janet Harris,26-35,Caucasian,13.2,94.9,Accepted
Stacey Burke,36-45,South Asian,5.1,94.4,Accepted
Matthew Nichols,56+,South Asian,17.0,91.9,Accepted
William Hamilton,18-25,Hispanic,9.5,71.2,Rejected
Kyle Garrett,18-25,Hispanic,12.8,76.4,Rejected
Diana Fisher,46-55,Caucasian,14.3,87.7,Accepted
Gary Smith,18-25,Middle Eastern,3.9,96.1,Accepted
Kaylee Moody,18-25,East Asian,18.3,82.5,Accepted
Aaron Castro,26-35,East Asian,8.4,85.9,Accepted
Rebecca Williams,26-35,African American,5.4,79.2,Rejected
Jacqueline Fuentes,26-35,Middle Eastern,11.3,90.1,Accepted
Richard Phillips,46-55,Hispanic,4.7,67.5,Rejected
Matthew Day,56+,African American,11.5,73.1,Rejected
Tiffany Moore,36-45,Hispanic,14.8,72.3,Rejected
Robert Williams,46-55,South Asian,16.7,98.2,Accepted
Angelica Morris,18-25,South Asian,7.5,77.4,Rejected
Stacey Choi,18-25,African American,10.9,87.3,Rejected
Nathan Long,46-55,East Asian,10.3,81.2,Rejected
Angela Shelton,36-45,South Asian,17.8,98.5,Accepted
Karla Russell,36-45,African American,9.5,73.8,Rejected
Sabrina Reed,26-35,African American,3.0,68.1,Rejected
Victoria Cardenas,56+,South Asian,10.4,80.3,Rejected
John Gonzalez,26-35,Middle Eastern,19.5,73.8,Rejected
Sean Adams,36-45,South Asian,2.1,70.4,Rejected
Desiree Hawkins,46-55,Middle Eastern,13.9,70.4,Rejected
Shannon Powell,56+,East Asian,2.6,84.9,Accepted
Heather Fox,56+,Hispanic,5.9,65.8,Rejected
Teresa Miller,36-45,East Asian,5.6,88.5,Accepted
Nicole Mcmillan,36-45,South Asian,7.6,80.3,Accepted
Johnny Green,26-35,South Asian,2.1,66.5,Rejected
Amber Lawson,36-45,Middle Eastern,7.8,65.4,Rejected
Mr. Alejandro Robertson,26-35,Middle Eastern,18.6,67.1,Rejected
Daniel Roberts,18-25,Hispanic,5.8,93.8,Accepted
Brad Anderson,18-25,South Asian,4.8,89.9,Accepted
Debra Ramirez,26-35,East Asian,16.2,75.4,Rejected
Michelle Owen,18-25,Middle Eastern,8.8,70.5,Rejected
Joseph Frank,46-55,Caucasian,14.8,67.6,Rejected
Bradley Morales,26-35,South Asian,7.4,91.3,Accepted
Emily Campos,26-35,Hispanic,8.5,81.9,Rejected
Robert Carlson,56+,Hispanic,7.9,93.9,Accepted
Natalie Roy MD,36-45,African American,5.0,92.5,Accepted
Wanda Lozano,18-25,Hispanic,13.9,74.4,Rejected
Danny Yoder,36-45,Caucasian,13.5,83.1,Accepted
Dr. Miranda Thompson,26-35,East Asian,17.5,88.0,Accepted
Shawn Smith,36-45,African American,7.4,75.6,Rejected
Lisa Mendez,56+,Caucasian,2.7,70.5,Rejected
Kimberly Manning,18-25,Caucasian,6.5,97.0,Accepted
Joy Williams,56+,South Asian,10.3,71.6,Rejected
Elizabeth Jones,36-45,Middle Eastern,10.3,95.6,Accepted
Patricia Kirby,56+,South Asian,16.7,96.1,Accepted
Nicholas Miller,46-55,East Asian,4.2,98.7,Accepted
Drew Davidson,46-55,Caucasian,10.5,70.2,Rejected
David Cole,26-35,Hispanic,13.2,66.1,Rejected
David Reed,46-55,Middle Eastern,12.7,76.7,Rejected
Christopher Solis,18-25,South Asian,15.1,69.5,Rejected
Cheryl Blair,36-45,Middle Eastern,15.4,77.1,Rejected
Tara King,46-55,Hispanic,3.6,91.0,Accepted
Stephanie Farley,36-45,East Asian,7.3,96.9,Accepted
Roy Lopez,36-45,South Asian,18.6,97.0,Accepted
Samuel Parker,46-55,East Asian,14.0,71.5,Rejected
Michael Hernandez,36-45,South Asian,15.3,84.4,Accepted
David Bush,36-45,Hispanic,12.3,96.6,Accepted
Samantha Ward,46-55,Hispanic,18.3,90.7,Rejected
Rebecca Brown,56+,Caucasian,9.4,85.6,Accepted
Laura Davies,18-25,Caucasian,19.5,68.2,Rejected
Jessica Holland,18-25,African American,7.5,97.0,Accepted
Carol Tapia,18-25,African American,12.6,90.3,Accepted
Laura Shields,36-45,Hispanic,12.0,93.7,Accepted
David Flores,36-45,Hispanic,10.9,78.6,Rejected
Christopher Moore,26-35,Hispanic,15.9,79.5,Rejected
Alexandria Powell,36-45,Hispanic,11.6,75.9,Rejected
Nicole Smith,18-25,African American,15.8,85.7,Rejected
Pamela Martin,18-25,South Asian,9.5,95.6,Accepted
Mary Jackson,36-45,Hispanic,8.6,90.4,Accepted
Kayla Stewart,26-35,Middle Eastern,6.7,77.8,Rejected
Matthew Pacheco,56+,Middle Eastern,12.0,89.8,Rejected
Rodney Jones,46-55,South Asian,16.0,80.7,Rejected
Elizabeth Cole,36-45,Caucasian,19.0,94.5,Accepted
Maria Reid,36-45,East Asian,1.5,95.3,Accepted
Melissa Kim,18-25,East Asian,17.8,78.5,Rejected
Jared Valencia,46-55,Caucasian,16.3,98.2,Accepted
Lauren Peterson,36-45,East Asian,8.6,76.6,Rejected
Tammy Rivas,18-25,Middle Eastern,5.3,71.8,Rejected
Jordan Rosales,26-35,Hispanic,18.8,73.0,Rejected
Donna Hernandez,26-35,Caucasian,11.8,80.7,Accepted
Paula Scott,46-55,Middle Eastern,12.7,85.5,Rejected
Diane Stewart,46-55,East Asian,6.4,67.4,Rejected
Aaron Frank,56+,Middle Eastern,16.4,79.4,Rejected
Kristin Cochran,56+,South Asian,11.0,88.5,Accepted
Kenneth Hurst,26-35,South Asian,12.0,95.8,Accepted
Christina George,46-55,African American,7.2,71.6,Rejected
Anthony Kim,46-55,Middle Eastern,2.0,84.9,Rejected
Jessica Torres,36-45,East Asian,9.7,88.5,Accepted
Lori Ellis,36-45,Hispanic,15.7,75.6,Rejected
Kimberly Jones,18-25,Hispanic,14.5,98.2,Accepted
David Adams,46-55,Middle Eastern,9.7,85.6,Rejected
Elizabeth Lam,56+,African American,10.3,91.7,Accepted
Darryl Taylor,46-55,Middle Eastern,7.6,83.2,Rejected
Amanda Clements,26-35,Caucasian,4.6,81.3,Accepted
Gina Smith,36-45,South Asian,13.5,84.0,Accepted
Andrew Palmer,36-45,South Asian,17.4,68.2,Rejected
Kayla Thompson,26-35,African American,16.3,77.6,Rejected
Edward Page,36-45,East Asian,2.8,97.1,Accepted
Jeremy Patel,18-25,East Asian,6.0,86.2,Accepted
David Reeves,26-35,African American,14.5,67.4,Rejected
Tyler Villarreal,26-35,Caucasian,13.4,72.9,Rejected
Michele Saunders,26-35,Hispanic,16.4,90.7,Accepted
Brian Smith,36-45,Middle Eastern,12.7,72.1,Rejected
Kimberly Horn,36-45,Hispanic,7.5,87.7,Rejected
David Rivera,56+,Middle Eastern,17.3,86.2,Rejected
Nicole Woodward,46-55,Hispanic,8.9,71.9,Rejected
Michele Griffin,26-35,Middle Eastern,8.7,70.9,Rejected
Douglas Smith,36-45,East Asian,6.2,76.1,Rejected
Lisa Davenport,56+,East Asian,4.3,67.4,Rejected
Sarah Wood,36-45,South Asian,15.9,68.7,Rejected
Peter Leach,26-35,East Asian,7.9,90.5,Accepted
Mary Clark,18-25,African American,17.2,85.4,Rejected
Brandon Beasley,56+,Caucasian,7.5,67.7,Rejected
John Bass,36-45,Hispanic,11.7,66.4,Rejected
Derek Miller,18-25,Caucasian,11.2,92.5,Accepted
James Williams,18-25,Hispanic,12.0,71.0,Rejected
Joseph Haynes,56+,East Asian,7.4,85.9,Accepted
Rebecca Miller,18-25,East Asian,13.1,79.2,Rejected
Kathleen Cole,56+,Middle Eastern,15.1,94.9,Accepted
Robert Scott,18-25,Caucasian,13.7,96.0,Accepted
Adam Pace,26-35,Caucasian,5.7,80.2,Accepted
Craig Abbott,56+,Caucasian,16.4,74.1,Rejected
Keith Lopez,56+,South Asian,5.2,71.3,Rejected
Gregory Banks,26-35,African American,16.6,79.8,Rejected
Jason Snyder,46-55,Middle Eastern,6.1,94.9,Accepted
Nicole Bolton,18-25,Hispanic,8.8,87.6,Rejected
Jessica Martin,18-25,Hispanic,1.8,69.2,Rejected
Joseph Davis,36-45,South Asian,17.8,74.4,Rejected
Kristin Townsend,56+,Caucasian,2.8,90.7,Accepted
Zachary Kirby,46-55,South Asian,3.9,91.8,Accepted
Peter Larsen,18-25,Hispanic,15.7,95.3,Accepted
Daniel Allen,26-35,Middle Eastern,11.9,74.1,Rejected
Theresa Smith,46-55,Hispanic,16.1,79.6,Rejected
David Wheeler,26-35,Caucasian,19.7,69.6,Rejected
Elizabeth Anderson,18-25,African American,19.9,69.6,Rejected
Jerry Khan,18-25,East Asian,2.5,69.2,Rejected
Jose Smith,26-35,South Asian,1.4,70.1,Rejected
Michael Hendricks,18-25,Middle Eastern,9.4,84.7,Rejected
Mary Rogers,46-55,Hispanic,15.6,83.2,Rejected
Robert Owens,18-25,South Asian,16.5,86.7,Accepted
Jeffery Taylor,56+,East Asian,7.2,66.2,Rejected
Kathy Williams,26-35,Middle Eastern,13.1,85.8,Rejected
Gary Chaney,36-45,South Asian,16.4,81.7,Accepted
Anthony Ruiz,56+,Middle Eastern,2.9,80.3,Rejected
Patrick Ortiz,46-55,Hispanic,14.4,86.1,Rejected
Samantha Webster,56+,South Asian,9.1,97.1,Accepted
Diane Walker,56+,African American,9.9,71.4,Rejected
Joseph Sanchez,36-45,African American,4.3,89.3,Accepted
Stephanie Lyons,18-25,East Asian,8.8,90.9,Accepted
Christina Campbell,46-55,Middle Eastern,8.2,91.6,Accepted
Nancy Jackson MD,18-25,Caucasian,17.0,87.2,Accepted
Thomas Peters,56+,Caucasian,4.0,85.6,Accepted
Jennifer Martinez,46-55,Hispanic,4.1,75.2,Rejected
Denise Morgan,26-35,Hispanic,16.5,71.1,Rejected
Mark Watts,18-25,African American,19.1,90.2,Accepted
Leslie Miller,18-25,South Asian,3.4,92.0,Accepted
Jonathan Hernandez,36-45,East Asian,13.7,95.8,Accepted
Katie Aguilar,36-45,African American,17.7,88.4,Accepted
Stephanie Watkins,56+,Hispanic,2.4,98.3,Accepted
Jeffery Reid,18-25,Hispanic,11.3,90.1,Accepted
Jennifer Cunningham,56+,East Asian,10.2,93.9,Accepted
Justin Parks,56+,Caucasian,11.9,98.4,Accepted
Katherine Pearson,36-45,African American,4.8,67.6,Rejected
Traci Bradley,56+,Hispanic,4.0,87.9,Rejected
Carol Lopez,36-45,African American,6.9,71.9,Rejected
Michael Middleton,26-35,African American,3.2,85.9,Rejected
Michael Schneider,36-45,South Asian,2.9,96.2,Accepted
Joseph Nelson,18-25,South Asian,10.8,91.3,Accepted
Karen Paul,18-25,Hispanic,17.0,80.3,Rejected
Cindy Guerrero,56+,African American,1.5,88.7,Rejected
Catherine Little,36-45,African American,9.7,68.3,Rejected
Tammy Whitaker,36-45,Caucasian,4.9,78.6,Rejected
Brian Mckinney,56+,African American,12.7,87.5,Rejected
Christopher Jones,46-55,East Asian,10.9,83.8,Accepted
Hannah Gonzalez,18-25,African American,7.4,77.6,Rejected
Mary Baker,26-35,African American,4.8,89.2,Accepted
Lawrence Watson,36-45,East Asian,15.0,68.8,Rejected
Kevin Patterson,46-55,African American,15.9,90.5,Rejected
Tiffany Mathews,46-55,Hispanic,5.3,94.8,Accepted
Charles West,56+,East Asian,11.2,65.6,Rejected
Vincent Miller,46-55,East Asian,10.8,82.5,Rejected
Ryan Lee,36-45,South Asian,15.1,84.7,Accepted
Melanie Johnson,56+,African American,11.7,79.2,Rejected
Sally Mitchell,18-25,African American,19.5,90.6,Accepted
Sarah Stewart,26-35,Hispanic,1.9,73.2,Rejected
Paul Hernandez,26-35,Middle Eastern,9.7,74.0,Rejected
Heather Pineda,18-25,South Asian,19.9,84.4,Accepted
Ruth Sanders,36-45,Middle Eastern,12.0,76.5,Rejected
Christina Roberts,46-55,Caucasian,16.3,89.3,Accepted
Natalie Simon,46-55,Middle Eastern,15.3,87.2,Rejected
Madison Butler,46-55,South Asian,8.5,79.6,Rejected
Dr. Michael Lindsey,56+,Middle Eastern,11.7,84.3,Rejected
Elizabeth Sloan,36-45,Middle Eastern,9.1,93.8,Accepted
Kim Arellano,46-55,East Asian,11.3,70.3,Rejected
Carla Morgan,26-35,East Asian,7.2,89.8,Accepted
Jennifer Gonzalez,26-35,Hispanic,8.7,85.4,Rejected
Raymond Rangel,46-55,South Asian,15.3,71.7,Rejected
Tara Myers,36-45,African American,2.8,83.8,Rejected
Ann Robinson,26-35,Hispanic,19.2,79.3,Rejected
Thomas Frederick,36-45,Hispanic,18.5,66.8,Rejected
Cynthia Black,36-45,African American,1.3,82.9,Rejected
Teresa Allen,46-55,African American,11.9,73.6,Rejected
Dr. Cindy Lester MD,36-45,East Asian,1.0,81.9,Accepted
Deborah Roberts,56+,Middle Eastern,7.2,86.1,Rejected
Nicholas Marsh,26-35,South Asian,7.3,67.1,Rejected
Dylan Orr,56+,Hispanic,18.6,94.2,Accepted
Rachel Nguyen,56+,Hispanic,9.2,97.8,Accepted
John Smith,36-45,Middle Eastern,19.6,75.2,Rejected
Brian Miller,46-55,South Asian,9.9,87.7,Accepted
Christopher Peterson,56+,Hispanic,9.4,95.0,Accepted
Mrs. Shawna Mclean,36-45,South Asian,10.3,95.6,Accepted
Jordan Reed,26-35,African American,14.4,85.3,Rejected
Benjamin Price,18-25,Middle Eastern,13.3,87.0,Rejected
Matthew Mcguire,46-55,Middle Eastern,9.4,79.0,Rejected
Elizabeth Hicks,56+,Middle Eastern,9.0,98.0,Accepted
James Houston,46-55,Caucasian,18.8,71.5,Rejected
Michael Nguyen,36-45,Caucasian,12.6,86.8,Accepted
Mark Allen,18-25,Middle Eastern,11.3,83.9,Rejected
Angela Warren,18-25,East Asian,9.2,96.2,Accepted
Barbara Oliver,46-55,East Asian,15.2,87.0,Accepted
Nicholas Harvey,18-25,Middle Eastern,7.8,92.2,Accepted
Lisa Johnson,56+,East Asian,5.8,67.0,Rejected
Eileen Jordan,36-45,South Asian,18.7,96.5,Accepted
Levi Cook,36-45,Caucasian,2.9,98.4,Accepted
Jessica Johnston,26-35,African American,6.8,80.3,Rejected
Judith Garza,56+,African American,13.8,80.9,Rejected
Michael Wood,36-45,East Asian,13.1,80.9,Accepted
Kristy Young,26-35,South Asian,2.5,80.7,Accepted
Natalie Kelly,46-55,Hispanic,12.8,81.1,Rejected
Jeremy Martinez,56+,Hispanic,9.0,67.5,Rejected
Robert Hale,18-25,Caucasian,11.4,73.7,Rejected
Robert Little,56+,Middle Eastern,19.1,67.9,Rejected
Timothy Robinson,36-45,Caucasian,9.7,82.0,Accepted
Charles Hamilton,46-55,South Asian,13.3,82.8,Rejected
Courtney Little,26-35,East Asian,14.5,73.6,Rejected
Christina Thomas,56+,Hispanic,9.8,95.2,Accepted
Donald Stewart,46-55,Middle Eastern,12.3,79.5,Rejected
Ruben Mitchell,46-55,Middle Eastern,6.8,77.7,Rejected
Heather Stein,26-35,South Asian,5.0,79.6,Rejected
Randall Smith,56+,Caucasian,14.2,72.5,Rejected
Daniel Lam,26-35,South Asian,3.8,73.5,Rejected
David Mendoza,26-35,Hispanic,1.5,65.5,Rejected
Jessica Bass,26-35,Caucasian,18.2,71.8,Rejected
Sue Figueroa,36-45,South Asian,3.0,72.4,Rejected
Christopher Combs,46-55,Hispanic,19.7,66.4,Rejected
Troy Thomas,36-45,South Asian,4.2,95.7,Accepted
Karen Allen,36-45,Middle Eastern,17.1,72.3,Rejected
Todd Graham MD,46-55,East Asian,2.5,97.0,Accepted
Michael Robinson,46-55,East Asian,2.9,92.4,Accepted
Mark Rose,26-35,Hispanic,17.2,76.4,Rejected
Karen Daniel,18-25,African American,4.7,75.7,Rejected
Cheryl Irwin,36-45,Hispanic,2.3,91.4,Accepted
Christopher Peterson,26-35,Middle Eastern,3.7,91.8,Accepted
Tommy Adams,18-25,African American,7.7,67.6,Rejected
Sheryl Hill,18-25,East Asian,4.8,75.0,Rejected
Teresa Young,26-35,South Asian,5.6,86.9,Accepted
Caroline Ward,18-25,East Asian,14.6,82.5,Accepted
Noah Gomez,36-45,African American,8.8,92.8,Accepted
Brandon Hernandez,56+,African American,16.4,94.3,Accepted
Arthur Kim,26-35,Caucasian,12.3,90.1,Accepted
Jeremy Hernandez,36-45,Hispanic,11.1,69.1,Rejected
Lisa Kaufman,56+,South Asian,14.2,71.4,Rejected
Christina Allen,26-35,Middle Eastern,18.5,93.1,Accepted
Kathryn Ellis,56+,South Asian,3.8,70.8,Rejected
Amy Stephens,46-55,Caucasian,2.5,87.5,Accepted
Lisa Winters,56+,Caucasian,8.1,82.0,Rejected
Helen Chavez,26-35,Caucasian,7.2,85.9,Accepted
John Hughes,46-55,African American,3.4,82.4,Rejected
Micheal Clark,26-35,East Asian,3.1,87.1,Accepted
Chelsea Tucker,36-45,Middle Eastern,18.7,86.5,Rejected
Maria Goodwin,46-55,East Asian,7.1,79.7,Rejected
Margaret King MD,46-55,Middle Eastern,14.6,94.4,Accepted
Bradley Barajas,46-55,Hispanic,13.1,93.0,Accepted
Manuel Griffin,18-25,Hispanic,8.8,80.1,Rejected
Cody Sanchez,46-55,African American,7.3,93.7,Accepted
Paul Brown,56+,Caucasian,13.9,80.8,Rejected
Adam Smith,56+,African American,16.8,83.2,Rejected
Heather Murphy,18-25,Caucasian,3.5,88.3,Accepted
Michael Murphy,26-35,African American,4.8,94.2,Accepted
Corey Bell,18-25,African American,9.4,93.0,Accepted
Steven Simon,36-45,South Asian,8.5,71.6,Rejected
William Lowe,18-25,Middle Eastern,6.3,84.6,Rejected
Joanna Moore,18-25,African American,12.6,77.2,Rejected
Sarah Martinez,18-25,Hispanic,19.6,85.4,Rejected
Holly Garcia,36-45,Middle Eastern,17.5,90.8,Accepted
Felicia Cabrera,36-45,Middle Eastern,13.1,66.8,Rejected
Michael Calderon,36-45,Middle Eastern,17.3,94.4,Accepted
Douglas Johnson,18-25,East Asian,8.7,81.3,Accepted
Megan Harris,46-55,East Asian,7.7,66.8,Rejected
Alexander Chapman DVM,18-25,African American,18.2,72.8,Rejected
Monica Lee,18-25,East Asian,16.8,97.5,Accepted
Lauren Allen,46-55,African American,14.4,79.4,Rejected
Janet Kelly,56+,South Asian,11.2,89.8,Accepted
Steven Kim,46-55,Middle Eastern,14.3,94.4,Accepted
Carolyn Bishop,26-35,Middle Eastern,10.0,85.2,Rejected
Gregory Rivera,36-45,African American,14.2,87.3,Rejected
Scott Carter,36-45,Caucasian,17.0,85.9,Accepted
Joshua Smith,26-35,South Asian,19.8,71.4,Rejected
Sheri Peters,46-55,South Asian,4.5,92.0,Accepted
David Underwood,36-45,Hispanic,11.5,80.3,Rejected
Patrick Brown,26-35,African American,14.4,83.3,Rejected
Alexis Figueroa,46-55,African American,1.6,96.7,Accepted
Jeremy Rodriguez,56+,South Asian,9.4,94.2,Accepted
Megan Evans,56+,South Asian,1.9,84.6,Accepted
James Brown,56+,Hispanic,14.6,88.6,Rejected
Barbara Williams,26-35,Middle Eastern,19.7,94.0,Accepted
Kim Rasmussen,26-35,Hispanic,8.7,79.4,Rejected
Robert Brown,46-55,South Asian,11.5,79.3,Rejected
Laura Santiago,46-55,African American,5.1,86.5,Rejected
David Garrett,36-45,Middle Eastern,9.0,66.4,Rejected
William Kirby,18-25,Middle Eastern,2.3,71.0,Rejected
Amber Dominguez,26-35,South Asian,8.5,82.2,Accepted
Nicholas Green,26-35,African American,11.3,96.9,Accepted
Richard Miller,18-25,East Asian,3.3,77.4,Rejected
Ashley Myers,18-25,Middle Eastern,18.8,86.9,Rejected
Joshua Green,18-25,South Asian,15.6,85.7,Accepted
Stephanie Durham,56+,African American,1.6,87.7,Rejected
David Odom,56+,African American,15.8,65.1,Rejected
Theresa Brewer,56+,Hispanic,4.0,85.6,Rejected
Denise Ochoa,36-45,Caucasian,10.7,83.1,Accepted
Mark Miller,36-45,Hispanic,4.4,67.4,Rejected
Brittany Pennington,36-45,Middle Eastern,14.1,92.6,Accepted
John Ramsey,18-25,Middle Eastern,7.1,72.9,Rejected
Megan Torres,26-35,South Asian,12.7,81.7,Accepted
Kimberly Miranda,18-25,Middle Eastern,4.1,75.0,Rejected
Casey Kelley,26-35,Middle Eastern,14.3,76.5,Rejected
Alexandra Williams,46-55,Middle Eastern,19.7,91.1,Accepted
Justin Sanders,26-35,Hispanic,17.9,68.5,Rejected
Yvonne Hawkins,46-55,Caucasian,16.6,83.5,Accepted
Tonya Ellis,36-45,Middle Eastern,16.7,69.9,Rejected
Jason Barrett,46-55,Caucasian,20.0,86.8,Accepted
Maxwell Williams,36-45,South Asian,5.9,76.8,Rejected
Jay Smith,26-35,Middle Eastern,15.8,71.5,Rejected
Mark Short,18-25,East Asian,17.3,81.4,Accepted
Jeffrey Craig,46-55,African American,3.4,88.0,Rejected
Charles Velez,36-45,East Asian,7.7,72.7,Rejected
Mariah Smith,56+,East Asian,13.4,87.5,Accepted
Brandon Jones,46-55,South Asian,14.8,68.5,Rejected
Sabrina Benitez,46-55,Hispanic,3.8,95.0,Accepted
Keith Lee,56+,Caucasian,15.8,79.6,Rejected
Michelle Sampson,18-25,Hispanic,11.9,80.1,Rejected
Lisa Williams,36-45,African American,11.0,94.7,Accepted
Stephen Duke,56+,Caucasian,13.9,69.7,Rejected
Elizabeth Barnett,18-25,South Asian,3.9,78.3,Rejected
Robert Haney,36-45,Middle Eastern,13.9,89.1,Accepted
Denise Williams,46-55,Caucasian,12.6,70.6,Rejected
Linda Jacobs,36-45,East Asian,11.9,88.9,Accepted
Teresa Garcia,26-35,Caucasian,16.7,75.5,Rejected
Kayla Sellers,36-45,Middle Eastern,14.9,97.3,Accepted
Beth Pearson,56+,African American,13.4,89.0,Rejected
Mr. Anthony Evans,36-45,East Asian,19.3,72.9,Rejected
Brian Knight,56+,South Asian,19.5,68.5,Rejected
Francisco Torres,18-25,East Asian,1.8,87.3,Accepted
Thomas Hudson,26-35,South Asian,19.4,66.1,Rejected
Dave Henson,46-55,Middle Eastern,14.9,73.5,Rejected
Michael Wright,46-55,African American,12.4,76.7,Rejected
Alexander Simon,26-35,Middle Eastern,5.8,87.8,Rejected
Bradley Atkinson,18-25,South Asian,15.6,80.2,Accepted
Mary Frazier,18-25,East Asian,16.3,70.4,Rejected
Robin Wade,46-55,African American,8.9,82.5,Rejected
Anthony Pineda,46-55,Caucasian,3.9,80.1,Rejected
Danny Lynn,36-45,Caucasian,11.4,81.0,Accepted
Steven Gregory,56+,Middle Eastern,17.0,79.6,Rejected
Mrs. Rebecca Moore,26-35,African American,7.5,96.0,Accepted
Courtney Adams,36-45,South Asian,1.8,80.7,Accepted
Megan Jones,36-45,Caucasian,17.1,84.3,Accepted
Melissa Stevens,46-55,African American,16.3,70.9,Rejected
Richard Thompson,18-25,East Asian,15.2,95.7,Accepted
Jennifer Phillips,46-55,Hispanic,7.4,81.2,Rejected
Maria Walker,26-35,East Asian,15.0,79.3,Rejected
Jennifer Howell,18-25,Middle Eastern,5.9,92.4,Accepted
Jordan Gaines,18-25,Hispanic,17.5,92.9,Accepted
Kenneth Garcia,26-35,East Asian,7.1,92.9,Accepted
Christopher Carrillo,36-45,Caucasian,7.5,85.0,Accepted
Angela Taylor,36-45,Hispanic,12.0,77.4,Rejected
Anthony Hall,46-55,African American,16.2,78.1,Rejected
Lori Mclaughlin MD,46-55,Hispanic,11.0,89.8,Rejected
Larry Campbell,26-35,South Asian,6.6,93.9,Accepted
Eric Hoover,18-25,Hispanic,15.4,86.7,Rejected
Christopher Moyer,36-45,Middle Eastern,4.1,91.7,Accepted
Nicholas Marsh,56+,South Asian,19.2,77.9,Rejected
Brittany Davis,26-35,East Asian,19.5,69.0,Rejected
James Martin,46-55,African American,17.1,66.3,Rejected
Kathryn Johnson,56+,African American,11.1,73.0,Rejected
Hunter Fuentes,18-25,Caucasian,8.6,75.5,Rejected
Robert Williams,56+,Caucasian,2.5,78.0,Rejected
Elizabeth Clark,56+,Middle Eastern,19.4,73.5,Rejected
Tiffany Zavala,26-35,African American,10.6,92.1,Accepted
Lindsey Burgess,56+,East Asian,19.6,71.7,Rejected
Travis Anderson,56+,East Asian,9.9,81.2,Rejected
Daniel Kim,26-35,South Asian,15.9,71.4,Rejected
Melanie Christian,56+,African American,4.3,98.7,Accepted
Diane Williams,56+,African American,19.5,68.4,Rejected
Hayley Davis,56+,South Asian,10.1,67.3,Rejected
Timothy Adkins,18-25,Caucasian,17.0,65.0,Rejected
Lauren Gibson,56+,Middle Eastern,4.1,96.9,Accepted
Daniel Rivers,56+,Caucasian,5.6,66.8,Rejected
Karina Hull,18-25,Hispanic,8.5,70.6,Rejected
Gary Terry,56+,Caucasian,1.7,86.9,Accepted
Tyler Smith,46-55,Hispanic,11.5,96.2,Accepted
Tammy Richard,18-25,Middle Eastern,19.1,87.1,Rejected
Emma Mcdaniel,56+,South Asian,9.5,83.0,Accepted
Autumn Lopez,36-45,Middle Eastern,18.0,93.8,Accepted
Danielle Holland,46-55,South Asian,19.6,68.2,Rejected
Crystal Baxter,18-25,East Asian,6.6,93.3,Accepted
Shannon Malone,56+,Hispanic,5.2,86.0,Rejected
Justin Mckenzie,46-55,South Asian,1.1,67.6,Rejected
Alyssa Price,46-55,East Asian,16.1,85.6,Accepted
Stephanie Weaver,46-55,South Asian,15.5,98.3,Accepted
Mark Morgan,26-35,Caucasian,6.8,84.5,Accepted
Wesley Sullivan,18-25,Middle Eastern,6.1,82.5,Rejected
Samantha Jones,18-25,East Asian,3.3,82.9,Accepted
Michael Coleman,36-45,Hispanic,4.0,89.0,Accepted
Jessica Wang,36-45,South Asian,3.4,97.1,Accepted
Melanie Newman,18-25,Caucasian,7.5,86.5,Accepted
Luke Sanchez,56+,Caucasian,13.0,83.4,Accepted
Olivia Bell,36-45,African American,1.9,76.3,Rejected
Alicia Henderson,46-55,African American,9.0,87.6,Rejected
Amy Jones,26-35,Hispanic,9.6,93.3,Accepted
Brittany Ponce,36-45,South Asian,18.8,66.1,Rejected
Theresa Johnston,36-45,Middle Eastern,8.0,66.0,Rejected
Paul Brown,26-35,East Asian,12.0,71.4,Rejected
Mark Smith,18-25,African American,7.6,76.7,Rejected
Elizabeth Little,46-55,South Asian,15.1,81.9,Rejected
Jon Lambert,56+,East Asian,1.8,82.2,Rejected
Dr. Tara Combs,18-25,Hispanic,14.5,69.1,Rejected
Regina Robinson,56+,African American,13.8,86.3,Rejected
Darren Terry,56+,Caucasian,7.2,98.0,Accepted
Matthew Hall,46-55,African American,1.1,80.5,Rejected
Michaela Salinas,36-45,Caucasian,5.4,94.5,Accepted
Gregory Nunez,56+,African American,3.0,97.8,Accepted
Evan Moore,18-25,African American,3.7,96.4,Accepted
Natasha Campbell,18-25,African American,18.1,97.5,Accepted
Chad Johnson,56+,South Asian,1.6,80.7,Rejected
Ana Butler,18-25,Middle Eastern,12.2,95.8,Accepted
Michelle Sparks,56+,East Asian,16.5,75.5,Rejected
Carolyn Jacobs,46-55,African American,3.3,97.3,Accepted
David Contreras,18-25,Middle Eastern,5.7,92.0,Accepted
Kristin Freeman,46-55,South Asian,4.6,87.7,Accepted
Jimmy Branch,36-45,South Asian,6.6,92.6,Accepted
Seth Cooper,18-25,East Asian,14.4,86.1,Accepted
Theresa Washington,26-35,African American,7.0,87.3,Rejected
Cassidy Mckenzie,26-35,Caucasian,9.4,94.4,Accepted
Raymond Lewis,46-55,Middle Eastern,11.5,76.3,Rejected
Darryl Freeman,56+,African American,13.1,79.4,Rejected
Joshua Davies,46-55,Middle Eastern,18.3,68.1,Rejected
Ms. Kayla Taylor,36-45,East Asian,1.3,87.2,Accepted
Nicole Chapman,18-25,South Asian,11.3,97.6,Accepted
Jeff Porter,46-55,Middle Eastern,6.7,82.8,Rejected
Jaime Sharp,18-25,South Asian,7.7,94.2,Accepted
Aaron Kelly,26-35,Hispanic,12.0,98.4,Accepted
Mrs. Janet Santiago MD,26-35,Caucasian,6.8,92.1,Accepted
Colin Hunt,46-55,East Asian,1.1,88.8,Accepted
Taylor Rivas,46-55,Caucasian,15.8,83.6,Accepted
Emily Wu,36-45,Middle Eastern,13.4,96.6,Accepted
John Gregory Jr.,36-45,African American,4.9,87.2,Rejected
Michael Watts,56+,South Asian,10.3,71.2,Rejected
Denise Woods,26-35,East Asian,19.2,78.5,Rejected
Angela Ruiz,46-55,Caucasian,11.8,88.6,Accepted
Rita Perkins,46-55,East Asian,8.7,88.2,Accepted
Jessica Lee,26-35,Caucasian,15.5,89.8,Accepted
Janet Fox,46-55,Hispanic,11.7,72.6,Rejected
Leah Dunn,18-25,South Asian,15.7,94.2,Accepted
Carl Trujillo,36-45,African American,5.3,74.4,Rejected
Steven Porter,56+,South Asian,4.9,70.0,Rejected
Kristen Martin,26-35,Caucasian,1.9,74.5,Rejected
Nancy Walton,46-55,African American,2.4,88.4,Rejected
Nicholas Patel,46-55,East Asian,17.0,82.1,Rejected
Pamela Ali,26-35,Caucasian,12.2,94.6,Accepted
Jesse Mcdowell,26-35,Middle Eastern,19.5,67.9,Rejected
Taylor Conner,36-45,Caucasian,5.2,91.7,Accepted
Matthew Watson,26-35,East Asian,16.4,90.1,Accepted
Lauren Reyes,46-55,African American,11.3,93.4,Accepted
Sandy Williams,18-25,Caucasian,17.0,91.7,Accepted
Jason Porter,36-45,Caucasian,16.1,97.7,Accepted
Colin Kelly,26-35,Caucasian,2.7,89.9,Accepted
Anthony Walker,36-45,African American,12.9,98.9,Accepted
Brian Baker,46-55,Caucasian,12.7,91.7,Accepted
Jamie Harmon,18-25,Middle Eastern,2.9,84.6,Rejected
Christopher Bean,36-45,South Asian,10.5,75.3,Rejected
Benjamin Graham,18-25,Caucasian,4.2,93.8,Accepted
Kimberly Washington,56+,Middle Eastern,13.1,95.9,Accepted
Lisa Phillips,56+,South Asian,14.5,82.4,Rejected
Kimberly Morgan,26-35,East Asian,11.1,78.5,Rejected
Keith Smith,46-55,East Asian,15.2,78.3,Rejected
Shawn Edwards,18-25,South Asian,10.0,96.7,Accepted
Cassandra Chavez,36-45,Caucasian,6.1,82.6,Accepted
Andrew Jennings,36-45,East Asian,2.4,68.9,Rejected
April Perez,26-35,South Asian,14.2,97.0,Accepted
Edward Brewer,18-25,East Asian,3.0,75.5,Rejected
Rhonda Hernandez,18-25,Caucasian,1.9,71.6,Rejected
Lindsey Ward,18-25,South Asian,4.4,69.1,Rejected
Franklin Mercado,26-35,African American,9.4,78.9,Rejected
William Dixon,56+,African American,14.4,92.2,Accepted
Austin Stephens,18-25,African American,7.3,81.6,Rejected
Mr. Eric Le,26-35,Hispanic,6.8,82.6,Rejected
Tonya White,56+,Middle Eastern,7.4,73.3,Rejected
Gail Taylor,36-45,South Asian,13.7,82.5,Accepted
Edgar Lin,36-45,Middle Eastern,9.8,97.1,Accepted
Colin Hanson,36-45,Middle Eastern,15.4,81.5,Rejected
Thomas Powers,18-25,Hispanic,6.5,98.1,Accepted
Susan Gallagher,18-25,East Asian,15.7,66.8,Rejected
Joanna Lamb,46-55,Hispanic,19.6,83.8,Rejected
Kevin Leblanc,18-25,Hispanic,6.8,79.0,Rejected
Darrell Hays,46-55,South Asian,6.1,74.7,Rejected
Jasmine Hall,36-45,Middle Eastern,17.0,69.2,Rejected
Tyler Green DVM,46-55,African American,15.2,75.5,Rejected
Dave Higgins,26-35,South Asian,1.1,74.2,Rejected
Daniel Ross,36-45,South Asian,13.5,77.2,Rejected
Phyllis Castillo,36-45,Caucasian,15.6,83.7,Accepted
Kevin Davis,18-25,African American,2.3,96.3,Accepted
Nicole Elliott,36-45,East Asian,17.5,65.2,Rejected
Alexandria Christensen,56+,South Asian,6.0,82.1,Rejected
Douglas Martinez,46-55,Caucasian,18.7,65.0,Rejected
Rebecca Smith,36-45,South Asian,17.1,95.3,Accepted
Michael Huffman,56+,Hispanic,3.2,73.5,Rejected
Ashley Montgomery,18-25,Caucasian,19.6,84.4,Accepted
Andrew Hernandez,56+,South Asian,8.8,74.6,Rejected
Heidi Sparks,36-45,Hispanic,9.4,84.3,Rejected
Alexander Perez,56+,South Asian,5.3,82.7,Rejected
Amanda Wagner,18-25,East Asian,10.1,75.3,Rejected
Maureen Dickerson,26-35,South Asian,5.6,72.6,Rejected
Tiffany Valenzuela,36-45,South Asian,4.0,93.2,Accepted
Valerie Montgomery,46-55,Caucasian,10.7,95.3,Accepted
Jason Hinton,46-55,South Asian,5.8,71.6,Rejected
James Becker,36-45,Caucasian,9.4,90.8,Accepted
Ryan Hall,56+,Caucasian,9.7,72.5,Rejected
Bill Brock,18-25,Middle Eastern,10.9,86.2,Rejected
Antonio Hernandez,18-25,Caucasian,4.2,91.0,Accepted
Morgan Blevins,46-55,East Asian,16.1,97.6,Accepted
David Hamilton,56+,East Asian,11.4,88.3,Accepted
Jennifer Byrd,56+,Caucasian,2.6,70.7,Rejected
Daniel Carter,18-25,African American,6.0,95.7,Accepted
Kimberly Mathis,56+,Middle Eastern,19.6,73.6,Rejected
Nicole Becker,26-35,Caucasian,3.3,66.8,Rejected
Joanna Zimmerman,46-55,Middle Eastern,5.8,93.6,Accepted
Misty Carter,56+,East Asian,15.8,73.7,Rejected
Adrian Pittman,36-45,Hispanic,8.1,70.5,Rejected
Nicholas Frye MD,56+,Middle Eastern,8.1,75.5,Rejected
Albert Shepard,26-35,East Asian,7.1,97.2,Accepted
Gary Martinez,18-25,African American,10.8,98.1,Accepted
Jennifer Romero,36-45,East Asian,8.0,66.1,Rejected
Laura Taylor,18-25,Hispanic,9.9,85.8,Rejected
Jonathan Elliott,18-25,Caucasian,10.8,95.1,Accepted
Daniel Ellis,56+,African American,2.4,65.3,Rejected
Timothy Zhang,36-45,Middle Eastern,11.4,87.7,Rejected
Lisa Hughes,18-25,Middle Eastern,3.6,85.1,Rejected
Katherine Alexander,46-55,Hispanic,10.1,76.7,Rejected
Alec Lozano,36-45,Hispanic,6.0,86.1,Rejected
Amanda Wright,36-45,Caucasian,7.2,94.7,Accepted
David Willis,18-25,Caucasian,1.8,69.2,Rejected
Christopher Robertson,56+,South Asian,3.2,79.8,Rejected
Emily Erickson,26-35,Middle Eastern,11.1,71.6,Rejected
Samuel West,26-35,East Asian,4.8,72.7,Rejected
Roy Ellis,18-25,African American,16.3,70.1,Rejected
Haley Mcdowell,56+,East Asian,7.5,79.8,Rejected
Shane Hanson,36-45,Caucasian,1.5,77.3,Rejected
Rachel Vance,18-25,South Asian,13.6,80.6,Accepted
Brandon Dalton,26-35,Caucasian,18.1,77.2,Rejected
Jennifer Barnes,36-45,African American,16.6,93.4,Accepted
Megan Roberts,36-45,Middle Eastern,13.1,69.5,Rejected
Jeffrey Bailey,56+,Caucasian,8.5,98.4,Accepted
Jimmy Vasquez,26-35,Hispanic,4.7,81.7,Rejected
Kevin Schaefer,18-25,Middle Eastern,6.8,73.2,Rejected
Candice Rodriguez,36-45,Hispanic,12.1,93.5,Accepted
Cody Mcmillan,18-25,East Asian,9.0,89.0,Accepted
Thomas Thompson,46-55,South Asian,3.7,91.8,Accepted
Andrea Pierce,36-45,Caucasian,7.3,87.7,Accepted
Joshua Scott,36-45,Caucasian,16.5,97.8,Accepted
Grace Oneal,18-25,Caucasian,4.7,78.5,Rejected
Steven Gonzales,26-35,South Asian,11.5,87.2,Accepted
Kevin Harris,26-35,Hispanic,10.4,81.8,Rejected
Jermaine Barron,18-25,Caucasian,10.8,68.9,Rejected
Julie Garcia,26-35,Hispanic,3.4,84.3,Rejected
Miguel Middleton,46-55,Middle Eastern,7.6,85.4,Rejected
Diana Ortiz,18-25,Caucasian,13.0,71.0,Rejected
Alyssa Tran,56+,Hispanic,6.9,94.6,Accepted
Christopher Becker,36-45,South Asian,11.6,82.2,Accepted
Diana Walker,36-45,Hispanic,18.0,96.3,Accepted
Paul Stevenson,56+,African American,13.2,75.1,Rejected
Ricky Williams,18-25,East Asian,9.8,98.5,Accepted
Courtney Garcia,46-55,South Asian,18.5,69.5,Rejected
Scott Phillips,36-45,African American,18.7,73.3,Rejected
Brianna Orr,26-35,Hispanic,16.9,96.9,Accepted
Julie Fernandez,26-35,Caucasian,10.0,79.7,Rejected
Dana Santiago,56+,Caucasian,1.2,91.6,Accepted
Julie Wheeler,46-55,African American,6.2,85.3,Rejected
Cheryl Chen,56+,South Asian,18.5,67.7,Rejected
Dustin Malone,56+,Caucasian,3.9,98.9,Accepted
Jason Wade,36-45,Middle Eastern,14.7,87.3,Rejected
Paul Thomas,46-55,African American,11.3,73.2,Rejected
Brittany Sanchez,26-35,South Asian,9.8,86.4,Accepted
Nicole Sims,18-25,East Asian,17.4,71.4,Rejected
Anthony Ellis,36-45,South Asian,11.1,90.4,Accepted
Lori Rice,36-45,South Asian,6.8,82.9,Accepted
Kimberly Riggs,36-45,Middle Eastern,5.9,71.8,Rejected
Robert Wilkerson,26-35,Caucasian,11.0,96.0,Accepted
Kevin Jones,46-55,Caucasian,7.0,97.1,Accepted
Carrie Johnson,18-25,Caucasian,3.9,80.2,Accepted
Ashley Monroe,36-45,South Asian,7.2,67.8,Rejected
Yolanda Rios PhD,18-25,Caucasian,19.8,93.0,Accepted
Thomas Rodriguez,36-45,Caucasian,8.9,72.2,Rejected
Bryan Mack,46-55,African American,6.7,86.7,Rejected
Stephen Guerrero,26-35,East Asian,1.1,93.4,Accepted
Jeffrey Jordan,46-55,Caucasian,4.0,66.6,Rejected
Christina Yates,36-45,South Asian,1.5,80.0,Accepted
Bonnie Gilbert,18-25,Caucasian,7.9,98.0,Accepted
Marvin Rivera,56+,East Asian,12.2,93.4,Accepted
Alison Allison,36-45,Caucasian,15.0,74.5,Rejected
Ryan Keller,18-25,South Asian,14.2,67.7,Rejected
Christopher Juarez,56+,Caucasian,16.0,94.2,Accepted
Dr. Christine Braun,26-35,Caucasian,10.2,77.2,Rejected
Gloria Lee,18-25,East Asian,10.2,69.1,Rejected
Lynn King,18-25,Middle Eastern,12.9,79.4,Rejected
Paige White,26-35,East Asian,9.2,82.5,Accepted
Laura Mitchell,36-45,East Asian,3.5,74.8,Rejected
Wesley Dean,36-45,South Asian,19.2,89.6,Accepted
Jennifer Gray DDS,46-55,South Asian,2.6,69.8,Rejected
Keith Wiggins,26-35,Middle Eastern,14.8,70.2,Rejected
Thomas Burton,18-25,African American,7.2,75.2,Rejected
Terri Carr,56+,Hispanic,18.3,71.0,Rejected
Tammy White,46-55,African American,9.5,68.0,Rejected
Robert Lewis,18-25,Hispanic,9.2,85.2,Rejected
Michelle Hernandez,36-45,Hispanic,12.8,70.3,Rejected
Suzanne Robles,26-35,African American,11.9,95.7,Accepted
Jacob Cameron,56+,South Asian,8.6,80.9,Rejected
Rebekah Green,26-35,Middle Eastern,8.5,85.7,Rejected
Megan Clayton,26-35,East Asian,15.9,94.5,Accepted
Eric Ellis,56+,African American,1.6,65.7,Rejected
Janet Bailey,18-25,Caucasian,3.6,96.9,Accepted
Nathan Rogers,46-55,Hispanic,12.3,76.0,Rejected
Bradley Mendoza,56+,Hispanic,16.9,66.1,Rejected
Shawn Salinas,18-25,East Asian,16.2,96.5,Accepted
Heather Rosales,56+,Hispanic,13.9,91.2,Accepted
Daniel Lucas,26-35,Middle Eastern,18.0,92.7,Accepted
Tyler Ryan,18-25,South Asian,11.6,72.7,Rejected
Paul Rodgers,26-35,African American,12.0,84.5,Rejected
Kevin Perkins,18-25,East Asian,19.8,94.7,Accepted
Latoya Berg,18-25,African American,5.1,78.5,Rejected
Shannon Tucker,26-35,South Asian,16.0,90.8,Accepted
Sherri Steele,36-45,Caucasian,1.3,71.3,Rejected
Jeffrey Golden,26-35,East Asian,3.8,95.6,Accepted
Brandon Santiago,18-25,East Asian,7.6,87.7,Accepted
Robert Huffman,56+,East Asian,18.8,86.7,Accepted
Rebecca Lopez,26-35,East Asian,17.1,90.9,Accepted
Candace Case,36-45,South Asian,16.8,91.0,Accepted
Veronica Erickson,56+,African American,18.0,95.4,Accepted
Angela Miller,46-55,African American,4.8,81.7,Rejected
Lindsey Mullen,18-25,East Asian,12.3,78.3,Rejected
Scott Cruz,56+,Caucasian,7.7,82.7,Rejected
Christy Waters,26-35,African American,18.8,89.2,Accepted
Christopher Robinson,56+,Middle Eastern,17.7,91.7,Accepted
Holly Johnson,36-45,South Asian,3.0,73.1,Rejected
Jerry Rogers DDS,26-35,African American,11.5,85.7,Rejected
Amy Foster,26-35,African American,5.8,84.2,Rejected
Jodi Leonard,26-35,African American,4.3,91.7,Accepted
Patricia Thompson,26-35,Hispanic,2.7,92.8,Accepted
Mrs. Angela Thompson,18-25,Caucasian,2.4,85.2,Accepted
Amanda Joseph,56+,African American,11.3,71.5,Rejected
Angela Dawson,36-45,South Asian,1.0,91.2,Accepted
Angela Mullins,36-45,South Asian,8.0,70.5,Rejected
Nicholas Harrison,18-25,East Asian,12.9,96.9,Accepted
Colin Graves,46-55,South Asian,3.2,73.3,Rejected
Cynthia Smith,56+,African American,11.2,66.5,Rejected
Rachel Clark,36-45,Caucasian,15.8,94.4,Accepted
Jamie Spence,56+,Middle Eastern,6.1,71.1,Rejected
Michael Briggs,18-25,Caucasian,8.1,85.2,Accepted
Melissa Stewart,26-35,African American,2.6,77.3,Rejected
Eric Mejia,36-45,Hispanic,16.6,85.0,Rejected
Patrick Lambert,36-45,African American,13.7,72.6,Rejected
Frank Gibson,18-25,Hispanic,12.5,94.4,Accepted
Henry Perry,46-55,Hispanic,3.9,83.3,Rejected
Daniel Neal,36-45,Hispanic,11.3,74.2,Rejected
Margaret Johnson,56+,Middle Eastern,5.5,69.6,Rejected
Daniel Snyder,46-55,Middle Eastern,7.3,96.3,Accepted
Lisa Rice,36-45,African American,5.9,74.9,Rejected
Eric Page,56+,Hispanic,18.0,93.7,Accepted
Stephen Carson,36-45,East Asian,8.7,90.0,Accepted
Arthur Sampson,26-35,Middle Eastern,7.0,70.7,Rejected
Tracy Weber,18-25,East Asian,6.6,76.1,Rejected
Elizabeth Smith,56+,East Asian,6.5,78.1,Rejected
Stephanie Brown DVM,18-25,East Asian,10.7,95.7,Accepted
Wanda Moreno,26-35,Hispanic,1.4,95.6,Accepted
Joe Santos,56+,Middle Eastern,13.9,91.2,Accepted
Bruce Boyer,56+,Middle Eastern,5.9,86.6,Rejected
Brett Gibson,26-35,Middle Eastern,12.3,90.3,Accepted
Donna Prince,18-25,Middle Eastern,15.7,92.0,Accepted
Nicole Jenkins,18-25,Middle Eastern,15.2,65.3,Rejected
John Cooper,26-35,Caucasian,15.6,83.0,Accepted
Taylor Benitez,46-55,Caucasian,2.4,96.2,Accepted
Erin Jackson,36-45,South Asian,6.7,87.4,Accepted
Patricia Washington,18-25,South Asian,11.7,98.0,Accepted
Melissa Rojas,56+,African American,13.7,81.8,Rejected
Julie Mckee,46-55,Hispanic,9.5,75.3,Rejected
Rebecca Santiago,56+,Hispanic,19.6,87.4,Rejected
Duane Marquez,26-35,Caucasian,17.3,74.2,Rejected
Daniel Lawson,46-55,East Asian,3.0,88.8,Accepted
Michelle Schmidt,26-35,Caucasian,15.8,76.9,Rejected
Christopher Dean,46-55,East Asian,18.1,95.5,Accepted
Shannon Adams,56+,East Asian,12.0,91.9,Accepted
Jillian Aguirre,18-25,Caucasian,1.8,80.5,Accepted
Nancy Holland,56+,South Asian,1.8,95.1,Accepted
Linda Hill,56+,Hispanic,19.5,71.9,Rejected
Tiffany Lee,18-25,Caucasian,9.1,67.6,Rejected
David Gray,56+,African American,12.1,75.4,Rejected
Edward Jones,46-55,Hispanic,17.9,95.1,Accepted
Michael Bailey,18-25,Middle Eastern,9.9,86.6,Rejected
Kristine Hopkins,46-55,East Asian,14.9,85.0,Accepted
Tyler Brady,46-55,Hispanic,5.0,70.6,Rejected
Samantha Thompson,18-25,Hispanic,15.2,78.9,Rejected
Diane Zamora,36-45,African American,17.4,73.3,Rejected
Kristin Woods,36-45,South Asian,2.0,72.7,Rejected
Catherine Leon,46-55,Hispanic,2.7,68.8,Rejected
Julia Edwards,56+,Caucasian,5.4,67.2,Rejected
Kayla Baker,18-25,African American,16.0,89.5,Accepted
Kevin Miller,36-45,African American,7.1,92.0,Accepted
Dawn Harvey,26-35,Caucasian,3.8,65.4,Rejected
Nicholas Bolton,36-45,South Asian,19.8,84.1,Accepted
Nicholas Williams,36-45,East Asian,16.3,89.2,Accepted
Laura Cain,18-25,Hispanic,16.0,72.8,Rejected
Kenneth Young,18-25,African American,19.9,97.5,Accepted
Dawn Lozano,46-55,Caucasian,10.0,67.1,Rejected
Mark Richards,26-35,Caucasian,17.7,73.4,Rejected
Anthony Singleton,56+,African American,15.9,88.1,Rejected
Rebecca Rojas,18-25,Middle Eastern,7.8,81.3,Rejected
William Kelley,18-25,African American,7.2,97.9,Accepted
Mark Henderson,56+,African American,9.9,65.2,Rejected
Katelyn Brown,36-45,East Asian,12.2,73.5,Rejected
Thomas Parker,26-35,Hispanic,11.2,88.0,Accepted
Gabriel Potts,36-45,Middle Eastern,11.7,73.4,Rejected
Kristie Griffin,46-55,Caucasian,13.0,74.2,Rejected
Kenneth Hanson MD,18-25,Hispanic,19.3,95.3,Accepted
Megan Maldonado,56+,East Asian,1.2,95.3,Accepted
Timothy Obrien,18-25,Middle Eastern,9.3,72.1,Rejected
Jessica Jensen,26-35,Middle Eastern,19.4,88.6,Accepted
Carol Pace,36-45,Middle Eastern,17.6,83.4,Rejected
Austin Herrera,56+,East Asian,5.9,84.8,Accepted
Audrey Pruitt,36-45,African American,15.7,68.8,Rejected
Lauren Lowe,26-35,African American,17.3,97.3,Accepted
Christopher Jones,26-35,South Asian,18.9,68.3,Rejected
Trevor Lewis,36-45,East Asian,9.9,90.0,Accepted
Jordan Hale,18-25,African American,9.0,96.3,Accepted
Jennifer Tran,18-25,South Asian,13.9,66.8,Rejected
Michael King,26-35,East Asian,4.6,72.3,Rejected
Patricia Dickson,26-35,African American,16.8,92.1,Accepted
Cheryl Norton,26-35,East Asian,1.9,87.1,Accepted
Carolyn Yates,46-55,Caucasian,11.6,85.3,Accepted
Amanda Kerr,46-55,Caucasian,4.4,69.2,Rejected
Andrew Ramirez,18-25,African American,8.5,93.7,Accepted
Joseph Bailey,18-25,Middle Eastern,6.6,88.7,Accepted
Mary Torres,56+,Middle Eastern,18.4,81.4,Rejected
Brittany Morris,36-45,Middle Eastern,19.5,91.7,Accepted
Mary Anderson,36-45,African American,13.2,85.0,Rejected
Lauren Campbell,18-25,East Asian,17.0,93.8,Accepted
Shari Porter,18-25,Hispanic,12.5,82.4,Rejected
Jaime Mejia,26-35,East Asian,3.0,74.7,Rejected
Alisha Jacobs,56+,Hispanic,16.1,74.7,Rejected
Carol Weber,26-35,African American,17.3,81.1,Rejected
Rebecca Patterson,26-35,East Asian,13.4,96.8,Accepted
Katrina Gentry,56+,Middle Eastern,6.1,77.6,Rejected
Tanya Schultz,46-55,African American,19.3,74.5,Rejected
Adriana Jones,56+,Middle Eastern,13.5,91.4,Accepted
Michael Blake,36-45,South Asian,17.9,80.0,Accepted
Michael Sullivan,26-35,Hispanic,19.5,91.9,Accepted
Amanda James,18-25,Hispanic,6.2,90.0,Accepted
Sharon Edwards,18-25,East Asian,19.8,85.7,Accepted
Valerie Simon,46-55,Hispanic,14.4,69.3,Rejected
Timothy Ruiz,46-55,African American,7.7,85.7,Rejected
Erica Black,46-55,East Asian,19.9,67.3,Rejected
David Page,56+,East Asian,3.4,90.0,Accepted
John Price,26-35,East Asian,17.3,94.3,Accepted
Lindsey Taylor,36-45,Caucasian,5.7,75.6,Rejected
David Snyder,56+,Middle Eastern,8.6,77.0,Rejected
Rebecca Wallace,56+,Caucasian,5.1,89.7,Accepted
Ronald Lawson,26-35,East Asian,7.5,68.0,Rejected
Terri Brown,18-25,South Asian,5.3,80.6,Accepted
Harold Ramos,18-25,South Asian,16.8,98.5,Accepted
William Stevens,56+,Middle Eastern,16.0,72.8,Rejected
Kyle Klein,36-45,South Asian,10.5,90.1,Accepted
Sandra Garcia,26-35,Caucasian,16.8,71.3,Rejected
Matthew Thompson,26-35,Hispanic,4.8,68.6,Rejected
Tiffany Brady,26-35,Middle Eastern,9.9,85.5,Rejected
Larry Johnston,26-35,African American,5.2,78.1,Rejected
James Johnson,36-45,African American,11.3,72.8,Rejected
Lisa Ibarra,56+,Hispanic,4.7,66.0,Rejected
Dr. Kyle Brooks DDS,36-45,Middle Eastern,15.3,75.5,Rejected
Kathleen Castro,56+,South Asian,5.0,70.9,Rejected
Margaret Hill,26-35,Hispanic,5.4,78.9,Rejected
Jordan Hicks,18-25,African American,16.2,66.4,Rejected
Justin Lynch,46-55,African American,1.3,89.3,Rejected
Shannon Bradley,56+,Hispanic,14.8,71.7,Rejected
Corey Perez,46-55,African American,6.3,90.0,Rejected
Brianna Neal,46-55,Middle Eastern,11.5,77.3,Rejected
Jeffrey Khan,26-35,Caucasian,6.2,66.3,Rejected
Kathryn Garcia,36-45,Middle Eastern,4.8,78.0,Rejected
Amy Allen,56+,Middle Eastern,10.9,69.0,Rejected
Gabrielle Collins,18-25,African American,11.2,80.3,Rejected
Melissa Cardenas,36-45,Hispanic,19.4,96.4,Accepted
Casey Patterson,46-55,African American,10.1,68.6,Rejected
William Jennings,18-25,South Asian,11.0,92.9,Accepted
Kristina Bridges,46-55,Caucasian,15.4,86.8,Accepted
Destiny Allen,46-55,African American,4.9,69.0,Rejected
Michael Foster,36-45,East Asian,9.4,83.5,Accepted
Valerie Lopez MD,56+,Middle Eastern,7.3,77.4,Rejected
Derek Russell,18-25,South Asian,19.4,97.0,Accepted
Curtis Martin,26-35,South Asian,8.0,98.7,Accepted
Jonathan Holland,56+,African American,6.6,72.0,Rejected
Justin Jenkins,56+,Caucasian,14.0,75.9,Rejected
Tracy Young,36-45,Middle Eastern,15.5,66.8,Rejected
Christopher Hurley,26-35,Middle Eastern,19.0,93.5,Accepted
James Riley,18-25,South Asian,5.3,81.2,Accepted
Joel Larsen,26-35,Middle Eastern,15.9,90.7,Accepted
Sarah Carter,36-45,African American,9.4,78.4,Rejected
Yolanda Hoffman,18-25,South Asian,9.0,80.5,Accepted
Mark Michael,46-55,Middle Eastern,18.0,68.2,Rejected
Lisa Moore,36-45,South Asian,13.5,91.5,Accepted
Samuel Delgado,56+,African American,13.3,89.1,Rejected
Noah Alvarez,56+,African American,12.5,71.5,Rejected
Rodney Jenkins,18-25,South Asian,15.8,90.3,Accepted
Jessica Roth,36-45,Middle Eastern,12.3,70.3,Rejected
Whitney Hawkins,46-55,Hispanic,16.3,81.4,Rejected
Jonathan Thomas,26-35,Middle Eastern,6.2,69.6,Rejected
Kevin Crawford,56+,Middle Eastern,9.1,97.0,Accepted
Casey Martin,36-45,Middle Eastern,13.3,81.0,Rejected
Ryan Hooper,56+,East Asian,7.6,84.1,Accepted
Jay Walker,36-45,South Asian,7.8,82.2,Accepted
Jose Wilson,36-45,Middle Eastern,4.0,93.1,Accepted
David Daniel,18-25,African American,19.5,93.8,Accepted
Chad Ramirez,26-35,African American,3.9,97.3,Accepted
Karen English,26-35,Hispanic,13.6,84.8,Rejected
Rebecca Buchanan,36-45,African American,8.9,94.7,Accepted
Kimberly Perry DDS,46-55,Middle Eastern,7.6,92.6,Accepted
Megan Pitts,36-45,South Asian,18.1,93.0,Accepted
Cindy Robinson,56+,Middle Eastern,8.7,89.8,Rejected
Charles Ramirez,18-25,Caucasian,9.9,98.7,Accepted
Gerald Anderson,18-25,Hispanic,13.6,88.2,Accepted
Felicia Payne,18-25,African American,7.1,80.0,Rejected
Whitney Andrade,56+,Hispanic,9.7,77.8,Rejected
Nichole Garcia,46-55,African American,1.8,86.0,Rejected
Caleb Conrad,56+,Hispanic,13.2,83.3,Rejected
Dr. Christina Young,46-55,Caucasian,3.1,82.8,Rejected
Ashley Ramos,56+,South Asian,4.4,81.6,Rejected
Charles Marshall,36-45,Middle Eastern,15.4,82.0,Rejected
Andrew Wallace,56+,East Asian,16.2,82.7,Rejected
Ryan Austin,46-55,Hispanic,10.9,86.6,Rejected
Christina Foster,46-55,Hispanic,6.6,65.5,Rejected
Michelle Williams,56+,Middle Eastern,14.5,78.4,Rejected
Gary Cooper,18-25,African American,12.5,83.5,Rejected
Steven Camacho,46-55,African American,11.9,80.6,Rejected
William Miller,18-25,Hispanic,17.9,81.3,Rejected
Richard Thompson,26-35,Hispanic,5.8,81.3,Rejected
Courtney Torres,56+,Middle Eastern,9.1,67.7,Rejected
Andrew Robbins,46-55,Middle Eastern,15.8,67.4,Rejected
Wendy Mueller,18-25,South Asian,8.0,66.5,Rejected
Megan Harrison,36-45,South Asian,10.6,85.0,Accepted
Nancy Parker,56+,African American,4.9,90.7,Rejected
Caleb Ferguson,56+,Caucasian,17.6,77.8,Rejected
Alex Mcguire,36-45,South Asian,1.4,85.7,Accepted
Christina Ortiz,56+,Caucasian,14.1,89.1,Accepted
Robert Hansen DVM,46-55,Middle Eastern,16.6,77.7,Rejected
Monica Vance,56+,South Asian,17.8,89.5,Accepted
Kendra Brock,26-35,South Asian,16.8,91.2,Accepted
Evelyn Andrews,18-25,African American,15.2,67.6,Rejected
Christopher Harper,56+,Hispanic,11.0,86.7,Rejected
John Jennings,18-25,Caucasian,2.2,65.8,Rejected
Christine Werner,36-45,Caucasian,2.7,69.4,Rejected
Brett Santana,36-45,Middle Eastern,12.0,83.6,Rejected
Joan Cox,26-35,African American,4.9,85.6,Rejected
Janet Bush,56+,Hispanic,20.0,68.9,Rejected
Javier Jones,18-25,East Asian,18.7,78.7,Rejected
Michelle Taylor MD,36-45,Caucasian,11.6,65.4,Rejected
Michael Perkins,18-25,South Asian,12.1,95.8,Accepted
Karen Woodard,56+,East Asian,14.8,88.8,Accepted
Robert Miller,56+,Middle Eastern,2.1,98.7,Accepted
Teresa Fox,26-35,African American,5.0,91.7,Accepted
Natalie Taylor,18-25,East Asian,9.3,93.6,Accepted
Nancy Martin,36-45,South Asian,16.5,89.2,Accepted
Ian Green,26-35,African American,8.2,66.0,Rejected
Christine Benitez,36-45,East Asian,8.4,89.4,Accepted
Kelly Moore,36-45,East Asian,19.7,79.7,Rejected
James Rios,46-55,African American,10.0,83.9,Rejected
Thomas Mcdaniel,36-45,Caucasian,10.8,87.4,Accepted
Jill Harper,18-25,Middle Eastern,8.3,94.2,Accepted
Corey Hall,56+,African American,13.0,95.7,Accepted
Tammy Williams,46-55,Caucasian,5.6,72.9,Rejected
Julia Gomez,26-35,South Asian,18.5,84.9,Accepted
Justin Williams,36-45,Caucasian,17.7,94.5,Accepted
Dennis Wagner,36-45,Hispanic,19.7,87.4,Rejected
Michael Schmidt,26-35,Middle Eastern,11.2,90.1,Accepted
Christopher Warren,46-55,African American,6.8,92.4,Accepted
Kevin Thomas,26-35,East Asian,9.4,88.1,Accepted
Jose Bradford,18-25,African American,17.3,73.4,Rejected
Michael Brown,56+,Caucasian,4.8,98.0,Accepted
Karen Hicks,18-25,Hispanic,7.9,75.1,Rejected
Terri Collins,36-45,African American,15.2,69.5,Rejected
Ralph Anderson,46-55,Middle Eastern,16.9,71.5,Rejected
Michael Alvarez,18-25,Middle Eastern,18.7,85.0,Rejected
Jonathan Anderson,56+,Caucasian,4.8,88.7,Accepted
Robert Rodriguez,26-35,South Asian,12.1,67.4,Rejected
Julie Anthony,36-45,East Asian,4.8,78.7,Rejected
Mary Nguyen,56+,South Asian,6.8,75.3,Rejected
Helen Koch,26-35,South Asian,9.5,68.5,Rejected
Denise Fowler,26-35,South Asian,12.5,84.3,Accepted
Jennifer Newton,36-45,Middle Eastern,7.0,95.9,Accepted
Jamie Hale,36-45,South Asian,12.3,94.4,Accepted
Kelsey Powers,26-35,Caucasian,1.8,96.5,Accepted
Angel Bennett,18-25,African American,9.0,65.6,Rejected
Randy Kim,56+,South Asian,14.2,66.5,Rejected
Tiffany Black,36-45,East Asian,18.0,80.9,Accepted
Frank Carpenter,56+,African American,13.1,71.4,Rejected
Casey Scott,46-55,Hispanic,2.0,79.4,Rejected
Amy Patel,56+,East Asian,4.8,90.4,Accepted
Kayla Preston,46-55,Caucasian,9.0,92.9,Accepted
Michael Daniel,36-45,African American,9.8,88.6,Accepted
Veronica Grimes,36-45,Middle Eastern,1.1,77.8,Rejected
Leah Brown,18-25,East Asian,10.8,87.1,Accepted
Lynn Mcfarland,26-35,Hispanic,10.4,69.6,Rejected
Michael Thompson,36-45,South Asian,12.1,77.3,Rejected
Stephanie King,18-25,South Asian,9.7,89.5,Accepted
Dr. Robert Salas,36-45,South Asian,8.3,91.8,Accepted
Sonya Williams,26-35,Middle Eastern,4.5,95.2,Accepted
Anthony Chandler,26-35,Hispanic,14.2,73.8,Rejected
Amanda Johnson DDS,18-25,East Asian,6.0,97.5,Accepted
Laura Johnson,26-35,Hispanic,8.1,94.3,Accepted
Luis Doyle,18-25,Hispanic,2.9,72.0,Rejected
Cynthia Estrada,56+,Middle Eastern,18.1,84.3,Rejected
Wendy Evans,46-55,African American,7.4,70.4,Rejected
Thomas Hess,46-55,South Asian,15.2,82.6,Rejected
Craig Roman,46-55,South Asian,11.6,69.4,Rejected
Brandon Phillips,26-35,East Asian,16.0,77.9,Rejected
James Fox,46-55,Hispanic,12.4,71.3,Rejected
Julia Rose,26-35,East Asian,12.9,79.1,Rejected
John Mueller,18-25,South Asian,1.8,73.0,Rejected
Jean Copeland,26-35,Caucasian,17.4,99.0,Accepted
Anthony Rogers,26-35,Caucasian,8.9,90.8,Accepted
Shawn Myers,18-25,Hispanic,16.2,97.4,Accepted
Ms. Katrina Jackson,18-25,East Asian,11.6,88.1,Accepted
Tara Dennis,36-45,Hispanic,16.4,77.6,Rejected
Nicole Warner,18-25,Caucasian,18.2,93.5,Accepted
Jennifer Nielsen,46-55,Middle Eastern,8.2,66.5,Rejected
John Vasquez,56+,African American,9.5,72.3,Rejected
John Anderson,36-45,Hispanic,11.3,67.4,Rejected
Donald Johnston DVM,36-45,East Asian,18.6,74.5,Rejected
Kimberly Sanders,36-45,South Asian,1.7,92.2,Accepted
Clifford Martinez,46-55,South Asian,7.3,67.0,Rejected
Taylor Owens,36-45,Middle Eastern,8.1,83.6,Rejected
Matthew Miller,36-45,East Asian,16.6,68.5,Rejected
Mary Clarke,56+,East Asian,1.6,94.9,Accepted
Tabitha Lopez,56+,African American,12.3,70.0,Rejected
Kara Stevenson,26-35,South Asian,11.4,91.8,Accepted
Jerry Cox,26-35,East Asian,9.2,79.0,Rejected
Elizabeth Hodge,36-45,South Asian,4.2,88.8,Accepted
Maria Stanton,56+,Hispanic,3.4,86.1,Rejected
Jordan Vega,46-55,Caucasian,3.0,88.7,Accepted
Alfred Hughes,56+,East Asian,6.8,72.5,Rejected
Angela Patterson,36-45,Caucasian,5.2,71.0,Rejected
Joshua Bennett,26-35,African American,1.8,95.5,Accepted
Brett Hill,18-25,East Asian,13.3,91.1,Accepted
Shelly Henderson,36-45,Middle Eastern,7.4,68.0,Rejected
Alex Wright,26-35,Hispanic,3.0,66.0,Rejected
Lisa Johnson,36-45,East Asian,1.9,96.3,Accepted
Rebecca Stanley,36-45,African American,11.8,66.9,Rejected
Tyler Ware,36-45,African American,14.8,75.3,Rejected
Vanessa Nelson,36-45,Caucasian,19.7,66.2,Rejected
John Thornton,56+,Hispanic,19.5,86.8,Rejected
Phillip Madden,56+,South Asian,19.6,75.4,Rejected
William Johnson,18-25,East Asian,4.7,81.4,Accepted
John Woods,18-25,Middle Eastern,4.3,69.9,Rejected
Zachary Strickland,18-25,Caucasian,11.6,67.9,Rejected
Troy Graves,26-35,African American,9.5,94.6,Accepted
Matthew Wilson,18-25,South Asian,6.0,70.2,Rejected
Sandra Moore,18-25,Hispanic,7.6,65.3,Rejected
Jasmine Ramirez,46-55,South Asian,19.7,77.7,Rejected
Timothy Evans,18-25,African American,4.8,94.7,Accepted
Jessica Ross,36-45,African American,18.1,98.3,Accepted
Lee Jenkins,46-55,Caucasian,19.5,89.3,Accepted
Stephanie Lyons,26-35,African American,16.2,93.4,Accepted
Brenda Griffin,46-55,South Asian,1.9,81.5,Rejected
Michael Melton,26-35,African American,2.4,66.6,Rejected
Tiffany Gutierrez,56+,South Asian,8.8,66.8,Rejected
Brian White,46-55,South Asian,15.4,80.6,Rejected
Kevin Burke,46-55,South Asian,19.3,85.0,Accepted
Jessica Hood,46-55,East Asian,16.6,96.0,Accepted
William Boone,56+,South Asian,8.0,82.6,Rejected
Ian Figueroa,56+,South Asian,4.2,80.4,Rejected
Amanda Medina,18-25,African American,14.5,98.9,Accepted
Steve Wilson,56+,Caucasian,17.9,77.1,Rejected
Evan Browning,26-35,African American,2.7,85.8,Rejected
Matthew Johnson,46-55,Caucasian,10.4,93.0,Accepted
Patricia Malone,18-25,South Asian,14.5,69.4,Rejected
Jason Mcdonald,18-25,South Asian,12.5,69.0,Rejected
Michael Evans,26-35,Middle Eastern,15.9,96.3,Accepted
John Ross,26-35,Hispanic,16.8,90.1,Accepted
Sharon Bruce,18-25,South Asian,16.3,93.7,Accepted
Cory Hawkins,26-35,Hispanic,10.3,98.9,Accepted
Beth Bender,56+,South Asian,11.8,93.0,Accepted
David Munoz,26-35,Hispanic,7.5,98.9,Accepted
Lisa Copeland,46-55,South Asian,6.7,82.0,Rejected
Lisa Hammond,46-55,East Asian,9.4,67.3,Rejected
Timothy Walsh,46-55,African American,12.2,76.0,Rejected
Robert Martin,36-45,East Asian,11.4,84.5,Accepted
Laura Owens,26-35,Hispanic,15.5,88.4,Accepted
Jasmine Hill,18-25,African American,7.8,82.8,Rejected
Mrs. Annette Cordova,36-45,Middle Eastern,17.6,74.8,Rejected
Valerie Copeland,36-45,East Asian,12.4,94.2,Accepted
Michael Banks,56+,South Asian,1.2,81.9,Rejected
Zachary Jones,26-35,South Asian,15.4,91.5,Accepted
John Moore,46-55,Middle Eastern,5.5,80.7,Rejected
Jared Griffin,46-55,Hispanic,1.1,94.2,Accepted
Diane Davies,18-25,Hispanic,16.9,83.3,Rejected
Derek White,26-35,South Asian,15.4,71.5,Rejected
Julia Walton,18-25,Caucasian,12.9,98.4,Accepted
Jake Fisher,36-45,African American,8.6,82.7,Rejected
Mrs. Paige Townsend,18-25,Middle Eastern,10.6,78.0,Rejected
Daniel Freeman,56+,Caucasian,3.4,81.1,Rejected
Ronald Sanchez,26-35,Hispanic,5.8,82.0,Rejected
Cynthia Compton,56+,East Asian,19.0,73.3,Rejected
Miss Raven Jones,18-25,African American,8.4,68.3,Rejected
Shawn Cruz,18-25,East Asian,8.1,65.6,Rejected
Taylor Nelson,36-45,Middle Eastern,12.7,96.1,Accepted
Kenneth Yoder,46-55,South Asian,9.9,71.4,Rejected
Raymond Hardy,26-35,Caucasian,8.1,89.8,Accepted
Mitchell Sims,36-45,Caucasian,4.8,78.8,Rejected
Ashley Stafford,56+,Caucasian,11.4,83.7,Accepted
Dawn Brock,56+,Caucasian,1.9,79.5,Rejected
Jamie Rogers,26-35,Caucasian,16.3,91.4,Accepted
David Nicholson,36-45,Middle Eastern,16.4,79.7,Rejected
Anthony Norris,18-25,Caucasian,17.0,86.3,Accepted
Sylvia Watson,56+,Middle Eastern,16.6,69.6,Rejected
Kathryn Johnson,36-45,African American,17.2,92.2,Accepted
Kenneth Kelley,46-55,Caucasian,17.2,76.2,Rejected
Adam Marshall,36-45,East Asian,3.3,65.4,Rejected
Michelle Hopkins,26-35,Hispanic,5.4,73.0,Rejected
Lisa Clark,18-25,Hispanic,1.9,91.4,Accepted
Terri Medina,56+,Caucasian,16.3,92.4,Accepted
Mandy Mcfarland,46-55,African American,3.4,98.2,Accepted
Shannon Johnson,46-55,African American,19.5,93.3,Accepted
Amanda Kane,46-55,Caucasian,9.4,85.7,Accepted
Jodi Montes,36-45,South Asian,7.2,79.7,Rejected
Kathryn Novak DVM,46-55,East Asian,15.5,83.0,Accepted
Darrell Turner,18-25,Caucasian,15.6,70.3,Rejected
Laura Cox,36-45,East Asian,10.0,87.4,Accepted
Monica Smith,18-25,Caucasian,19.1,68.7,Rejected
John Avery,46-55,East Asian,8.2,65.8,Rejected
Kimberly Palmer,46-55,Middle Eastern,15.4,85.7,Rejected
Colleen Moore,56+,South Asian,14.7,81.9,Rejected
Megan Price,56+,East Asian,16.8,67.8,Rejected
Samantha Mckinney,18-25,African American,4.9,88.8,Accepted
Hunter Bell,26-35,African American,15.4,90.3,Accepted
Stacey Hood,46-55,East Asian,14.8,87.3,Accepted
Stephanie Smith,56+,Hispanic,15.3,71.6,Rejected
Jonathan Whitney Jr.,18-25,East Asian,15.1,94.3,Accepted
Diana Brown,26-35,South Asian,12.6,84.4,Accepted
William Morris,56+,South Asian,12.2,72.2,Rejected
Patricia Lane,26-35,South Asian,19.8,67.5,Rejected
Kevin Anthony,26-35,Caucasian,15.3,84.6,Accepted
William Macias,56+,Middle Eastern,1.5,71.5,Rejected
James Booth,26-35,South Asian,19.7,88.3,Accepted
Lisa Rowe,46-55,South Asian,14.9,87.3,Accepted
Lorraine Ramos,56+,Hispanic,19.9,67.4,Rejected
Sabrina Anderson,18-25,Middle Eastern,6.7,67.5,Rejected
James Lee,18-25,African American,14.5,87.4,Rejected
David Callahan,18-25,East Asian,6.0,69.2,Rejected
Jason Gregory,18-25,Caucasian,3.2,78.5,Rejected
Michael Swanson,36-45,Hispanic,6.7,86.9,Rejected
Leonard Juarez,18-25,Hispanic,3.2,69.8,Rejected
Diane Hill,26-35,South Asian,9.7,77.3,Rejected
Keith Rogers,36-45,Hispanic,2.6,93.0,Accepted
Shawn Manning,46-55,East Asian,1.5,97.3,Accepted
Richard Thompson,26-35,Middle Eastern,9.6,71.1,Rejected
Jose Raymond,18-25,Caucasian,6.3,94.7,Accepted
Michael Weeks,18-25,Middle Eastern,19.1,93.7,Accepted
Margaret Townsend,26-35,East Asian,15.9,77.4,Rejected
Angela Lester,56+,Middle Eastern,15.6,92.7,Accepted
Vickie Leach,18-25,African American,19.8,94.7,Accepted
Cathy Diaz,46-55,Middle Eastern,6.9,73.4,Rejected
James Gomez,36-45,East Asian,9.8,96.8,Accepted
Diana Lee,18-25,East Asian,15.3,96.6,Accepted
Daniel Wagner,46-55,Middle Eastern,19.0,76.9,Rejected
Martha Marsh,18-25,East Asian,5.9,80.8,Accepted
James Thomas,26-35,Middle Eastern,5.3,81.4,Rejected
Randy Lane,18-25,Hispanic,14.1,77.8,Rejected
Thomas May,18-25,African American,3.0,71.9,Rejected
Sarah Joseph,56+,South Asian,7.5,98.6,Accepted
Edward Barnes,36-45,East Asian,15.5,88.5,Accepted
Norma Hart,18-25,South Asian,15.5,73.4,Rejected
Kenneth Johnson,18-25,Hispanic,1.6,98.3,Accepted
Christian Camacho,26-35,Hispanic,7.4,70.2,Rejected
Teresa Lee,26-35,African American,15.3,78.0,Rejected
Melissa Dominguez,18-25,Caucasian,2.4,76.8,Rejected
James Mcmahon,36-45,African American,16.2,76.5,Rejected
Eduardo Mccormick,46-55,South Asian,2.7,73.7,Rejected
Gabriela Gonzalez,36-45,African American,16.6,93.4,Accepted
Jason Burns,18-25,Caucasian,7.2,90.3,Accepted
Robert Pratt,18-25,South Asian,13.5,81.0,Accepted
Stacey House,46-55,Middle Eastern,4.3,76.0,Rejected
Sarah Rosales,26-35,East Asian,13.4,79.9,Rejected
Samuel Shannon,18-25,African American,11.6,77.9,Rejected
Stacey Singleton,26-35,African American,14.5,70.4,Rejected
Sharon Smith,18-25,Middle Eastern,7.0,78.4,Rejected
Scott Roman,26-35,East Asian,15.2,75.7,Rejected
Patrick Burgess,46-55,South Asian,13.9,78.6,Rejected
Tracie Sweeney,18-25,Hispanic,12.8,95.5,Accepted
Wendy Peterson,18-25,South Asian,19.9,86.5,Accepted
Patty Anderson,26-35,Middle Eastern,16.3,65.5,Rejected
Bryan Edwards,56+,African American,3.6,92.4,Accepted
Ryan Peterson,46-55,East Asian,2.5,85.9,Accepted
Dustin Garcia,56+,Middle Eastern,5.6,96.5,Accepted
Amanda Lee,46-55,Middle Eastern,16.6,93.8,Accepted
David Villa,36-45,Hispanic,16.0,94.5,Accepted
Mark Shaw,26-35,South Asian,14.5,78.8,Rejected
Bryan Dunn,46-55,African American,10.0,87.3,Rejected
Monica Campos,56+,Caucasian,11.2,90.0,Accepted
Jane Randall,26-35,Middle Eastern,7.4,87.3,Rejected
Chelsea Harris,36-45,Caucasian,4.9,83.3,Accepted
Elizabeth Cunningham,46-55,Middle Eastern,1.4,71.0,Rejected
Omar Adams,46-55,African American,5.4,97.2,Accepted
Carolyn Elliott,18-25,East Asian,13.5,80.1,Accepted
Paul Williams,56+,African American,7.5,68.0,Rejected
Timothy Simmons,26-35,African American,19.6,98.1,Accepted
Benjamin Gibson,26-35,East Asian,16.8,92.1,Accepted
Misty Jones,56+,African American,1.3,70.8,Rejected
Joseph Sampson,26-35,African American,10.9,89.1,Accepted
Michael Nguyen,18-25,Hispanic,18.9,85.7,Rejected
Jacob Howell,56+,Caucasian,3.3,89.1,Accepted
John Williams,46-55,East Asian,14.4,97.2,Accepted
Kathy Lewis,56+,South Asian,15.3,78.9,Rejected
Dawn Jones,36-45,Caucasian,16.6,91.3,Accepted
Andrea Anderson,36-45,African American,8.9,70.4,Rejected
Erik Shaw,26-35,African American,12.9,91.4,Accepted
Terri Mccall,26-35,East Asian,6.4,70.5,Rejected
Richard Parker,56+,South Asian,18.6,88.3,Accepted
Dana Smith,36-45,South Asian,13.4,70.1,Rejected
Anna Chavez,26-35,African American,6.8,67.1,Rejected
Devin Fox,26-35,African American,16.7,69.7,Rejected
Sara Fowler,46-55,Caucasian,1.9,94.8,Accepted
Courtney Jackson,26-35,Hispanic,13.3,88.5,Accepted
Gary Grant,18-25,African American,5.6,98.0,Accepted
Adam Miller,18-25,South Asian,13.5,81.5,Accepted
Jacob Robinson,46-55,South Asian,2.7,65.3,Rejected
Derrick Sandoval,26-35,Middle Eastern,3.5,71.9,Rejected
Amanda Reyes,46-55,Hispanic,19.2,98.2,Accepted
Cassandra Bryant,56+,Middle Eastern,12.3,86.8,Rejected
Jeffrey Cruz,46-55,African American,5.3,96.1,Accepted
Zachary Hawkins,36-45,East Asian,12.2,70.3,Rejected
Andrew Thompson,46-55,Hispanic,17.3,96.0,Accepted
Alexander Patel,18-25,Middle Eastern,19.2,87.7,Rejected
James Anderson,36-45,South Asian,19.7,98.2,Accepted
Charles Davila,36-45,South Asian,17.3,96.8,Accepted
Erin Hoffman,56+,South Asian,7.5,82.7,Rejected
Gregory Adams,26-35,Middle Eastern,16.4,78.3,Rejected
Amy Morrison,36-45,East Asian,8.4,82.8,Accepted
Carolyn Wilkinson,56+,Hispanic,2.3,81.3,Rejected
Geoffrey Walker,56+,South Asian,2.3,83.0,Accepted
Juan Williams,26-35,Middle Eastern,13.6,95.0,Accepted
Angela Ruiz,36-45,Hispanic,1.7,75.3,Rejected
Mia Crawford,18-25,East Asian,6.0,66.1,Rejected
Christopher Bautista,18-25,African American,10.7,86.2,Rejected
Cody Patterson,26-35,South Asian,6.3,70.7,Rejected
Kim Vaughn,18-25,Middle Eastern,2.1,82.9,Rejected
Emily Poole,46-55,Hispanic,13.6,86.9,Rejected
Michael Smith,18-25,Middle Eastern,3.1,98.4,Accepted
Christina Walker,18-25,Middle Eastern,6.2,90.9,Accepted
Heidi Montgomery,18-25,Hispanic,19.7,75.9,Rejected
Kayla Cordova,26-35,South Asian,8.5,82.8,Accepted
Nicolas Brandt,56+,Hispanic,4.0,94.7,Accepted
Laura Barker,56+,South Asian,16.4,69.3,Rejected
Amy Christensen,46-55,East Asian,1.3,69.6,Rejected
Julie Smith,36-45,Caucasian,18.9,87.3,Accepted
Michael Johnson,36-45,African American,1.1,78.7,Rejected
Tammie Hamilton,26-35,African American,10.2,76.1,Rejected
Kayla Richards,18-25,African American,4.7,78.5,Rejected
Michael Washington,56+,African American,10.3,88.2,Rejected
Clinton Fox,36-45,African American,15.9,65.1,Rejected
Timothy Medina,26-35,East Asian,9.7,66.4,Rejected
James Roth,56+,African American,2.0,89.6,Rejected
Jeffrey Price,26-35,South Asian,6.7,88.5,Accepted
Amy Barrett,36-45,South Asian,15.3,78.8,Rejected
Craig Franklin,46-55,Middle Eastern,18.6,72.4,Rejected
Jessica Davis,18-25,East Asian,17.7,98.6,Accepted
Mariah Hancock,46-55,African American,19.8,85.4,Rejected
Derrick Harper,26-35,Hispanic,10.7,69.6,Rejected
Dr. Dorothy Gonzalez,18-25,Middle Eastern,1.0,65.8,Rejected
Kevin Watson,36-45,Hispanic,8.3,96.4,Accepted
Fred Patterson,46-55,Middle Eastern,1.6,76.5,Rejected
Lauren Garcia,18-25,South Asian,1.5,94.9,Accepted
Kim Kirk,26-35,African American,17.6,71.5,Rejected
Sonya Ramos,36-45,Caucasian,8.6,69.4,Rejected
Angela Haney,18-25,Hispanic,8.0,83.4,Rejected
David Walker,56+,South Asian,8.7,78.1,Rejected
Samuel Best,46-55,African American,10.0,77.9,Rejected
Amanda Zimmerman,36-45,African American,6.1,79.3,Rejected
Patrick Burke,56+,African American,15.2,73.5,Rejected
Gina Sullivan,36-45,African American,4.9,65.6,Rejected
Shawn Andrews,46-55,South Asian,2.4,77.9,Rejected
Kathleen Robinson,26-35,African American,7.6,86.5,Rejected
Jeremy Cole DVM,26-35,East Asian,17.4,67.3,Rejected
Jaime Alvarez,18-25,East Asian,16.0,92.2,Accepted
Pamela Rice,46-55,East Asian,11.5,81.8,Rejected
Alexandra Rowland,36-45,South Asian,11.4,67.3,Rejected
John Donovan,36-45,Hispanic,8.6,81.9,Rejected
Taylor Thompson,26-35,Hispanic,10.9,89.1,Accepted
Tyler Petersen,18-25,African American,12.3,82.2,Rejected
Christina Medina,36-45,African American,9.6,79.6,Rejected
Thomas Kerr,56+,South Asian,5.1,74.1,Rejected
Kelli Gomez,46-55,South Asian,8.9,72.7,Rejected
Pamela Lewis,26-35,East Asian,14.0,93.0,Accepted
James Guzman,46-55,Middle Eastern,9.9,72.1,Rejected
Nicole Leon,36-45,Caucasian,18.5,82.2,Accepted
Stacey Williams,18-25,African American,19.0,94.1,Accepted
Christopher Wolf,18-25,Caucasian,6.2,80.2,Accepted
Monica Reynolds,56+,South Asian,6.0,90.8,Accepted
Rhonda George,56+,Hispanic,18.1,72.9,Rejected
Linda Miller,56+,Caucasian,9.2,74.4,Rejected
Cheryl Griffith,56+,Caucasian,20.0,94.7,Accepted
Monica Gibson,18-25,African American,3.0,70.1,Rejected
Darlene Rodriguez MD,56+,East Asian,1.9,84.5,Accepted
Kenneth Hahn,18-25,East Asian,4.8,79.6,Rejected
Keith Day,18-25,Hispanic,9.6,80.2,Rejected
Angela Garcia,46-55,East Asian,4.8,82.7,Rejected
Kathryn Jackson,56+,East Asian,3.3,83.7,Accepted
Teresa Parker,56+,African American,8.7,75.9,Rejected
Gail Santos,26-35,South Asian,7.9,96.9,Accepted
Adrienne Alexander,56+,Caucasian,5.4,71.9,Rejected
Leslie Atkins,56+,Hispanic,8.4,71.9,Rejected
Christy Harris,36-45,Middle Eastern,9.2,82.6,Rejected
Jeremiah Hart,18-25,Caucasian,13.5,92.6,Accepted
Maria Russell,36-45,South Asian,9.1,95.4,Accepted
Laurie Escobar,56+,South Asian,4.2,72.2,Rejected
Wanda Sellers,46-55,Middle Eastern,20.0,79.4,Rejected
Kathy Page,56+,East Asian,8.8,79.6,Rejected
Brandon Reed,56+,South Asian,19.0,87.2,Accepted
Nicholas Hanson,56+,African American,13.8,85.2,Rejected
Edward King,36-45,African American,11.1,83.0,Rejected
Mark Smith,18-25,Caucasian,14.5,99.0,Accepted
Ryan Parker,36-45,Middle Eastern,10.8,67.8,Rejected
Ryan Hart,36-45,South Asian,15.8,70.5,Rejected
Raymond Hayes,36-45,Caucasian,11.2,71.5,Rejected
Gregory Smith,36-45,Caucasian,7.0,93.2,Accepted
Brandon Hernandez,26-35,Caucasian,9.8,82.7,Accepted
Mrs. Lisa Cook,56+,Caucasian,3.0,96.1,Accepted
Samuel Decker,56+,East Asian,2.0,77.3,Rejected
Sarah Bruce,18-25,Middle Eastern,2.3,69.0,Rejected
Johnny Martinez,26-35,African American,18.7,74.8,Rejected
David Alvarado,18-25,Hispanic,16.7,70.4,Rejected
Debbie Torres,46-55,South Asian,13.2,82.0,Rejected
Joe Hunt,36-45,Hispanic,18.2,79.1,Rejected
Janet Perez,26-35,Caucasian,3.9,78.1,Rejected
Evan Cole,46-55,African American,10.5,88.7,Rejected
Laura Stevens,56+,East Asian,17.7,66.8,Rejected
Amanda Garcia,36-45,African American,7.9,89.7,Accepted
Elizabeth Scott,18-25,South Asian,19.3,74.4,Rejected
Krista Boone,26-35,Caucasian,1.1,97.8,Accepted
Carrie Lopez,46-55,Caucasian,17.0,69.1,Rejected
Robert Jones,46-55,South Asian,4.7,80.7,Rejected
Mr. David Edwards,36-45,Middle Eastern,12.5,90.2,Accepted
Ann Ward,18-25,Hispanic,7.7,74.7,Rejected
Christine White,56+,Hispanic,14.5,93.2,Accepted
Jason Herring,56+,South Asian,19.0,65.9,Rejected
Stephanie Herrera,56+,Hispanic,5.9,96.2,Accepted
Shelley Martin,36-45,Hispanic,15.7,66.8,Rejected
Jennifer Hudson,46-55,African American,3.2,82.8,Rejected
Ann Wallace,46-55,East Asian,9.6,75.3,Rejected
Sarah Fitzgerald,46-55,African American,7.7,66.7,Rejected
Nicole Whitaker,46-55,Middle Eastern,18.9,82.8,Rejected
Jennifer Gonzalez,26-35,East Asian,17.4,77.8,Rejected
Dustin Combs,46-55,Middle Eastern,13.9,88.1,Rejected
Jenny Torres,18-25,African American,1.1,96.8,Accepted
Sarah Guerra,46-55,African American,13.2,94.4,Accepted
Karen Casey,46-55,South Asian,19.2,69.0,Rejected
Jennifer Smith,18-25,Hispanic,3.8,71.7,Rejected
Misty Jackson,56+,South Asian,17.2,94.9,Accepted
Hannah Rosales,18-25,Caucasian,10.2,77.7,Rejected
John Kramer,26-35,Middle Eastern,7.9,76.9,Rejected
Angie Brown,26-35,Caucasian,13.8,89.9,Accepted
Brian Henson,56+,South Asian,18.2,87.0,Accepted
David Mccormick,26-35,African American,5.1,88.5,Accepted
Jennifer Johnson,36-45,African American,12.1,96.6,Accepted
Sarah Johnson,46-55,African American,8.6,95.8,Accepted
Mary Wilson,36-45,African American,5.7,87.6,Rejected
Sarah Reed,56+,East Asian,1.3,85.3,Accepted
Mary Payne,36-45,South Asian,15.1,89.7,Accepted
Matthew Pitts,36-45,Middle Eastern,8.6,78.2,Rejected
Christine Wallace,36-45,Caucasian,1.4,87.6,Accepted
Brianna Diaz,18-25,African American,12.9,70.2,Rejected
Anthony White,18-25,Middle Eastern,17.2,67.1,Rejected
Annette Scott,46-55,East Asian,15.9,69.4,Rejected
Ralph Barnes,36-45,Hispanic,12.1,74.4,Rejected
John Andrade,46-55,African American,8.1,83.9,Rejected
Richard Vang,18-25,East Asian,2.1,92.9,Accepted
Angela Ryan,56+,Caucasian,15.5,71.2,Rejected
Cindy Mercer,26-35,African American,19.6,92.5,Accepted
Timothy Robbins,46-55,Caucasian,15.9,81.3,Rejected
James Smith,36-45,South Asian,8.9,85.2,Accepted
Benjamin Lara,26-35,Middle Eastern,9.3,94.1,Accepted
Clayton Harrison,18-25,African American,17.6,84.0,Rejected
Kyle Howard,56+,African American,5.4,94.9,Accepted
Mr. Edwin Miller,36-45,Middle Eastern,5.0,77.4,Rejected
Charles Tran,46-55,East Asian,3.7,84.1,Accepted
Julia Brown,18-25,East Asian,12.5,72.6,Rejected
Kelly Evans,18-25,Middle Eastern,14.9,93.5,Accepted
Annette Jones,56+,African American,19.3,96.3,Accepted
Megan May,18-25,Middle Eastern,1.9,82.0,Rejected
Lance Williams,36-45,South Asian,4.7,78.1,Rejected
Melanie Murray,26-35,Middle Eastern,5.7,82.2,Rejected
Robert Casey,46-55,South Asian,4.0,72.1,Rejected
Gerald Zhang,26-35,South Asian,16.0,89.8,Accepted
Jennifer Santana,36-45,Caucasian,15.3,95.2,Accepted
Anthony Griffith,56+,East Asian,9.7,80.0,Rejected
Candice Greer,36-45,Middle Eastern,16.5,70.7,Rejected
Heather Bolton,46-55,Middle Eastern,7.6,66.4,Rejected
Mr. George Elliott Jr.,46-55,Hispanic,4.0,77.0,Rejected
Melissa Pugh,26-35,Caucasian,13.6,67.0,Rejected
Heather Zamora,56+,South Asian,5.2,80.1,Rejected
Shawn Wilson,26-35,Hispanic,10.0,72.0,Rejected
Christopher Smith,46-55,South Asian,3.0,78.8,Rejected
Timothy Bennett,46-55,South Asian,13.1,95.3,Accepted
Elizabeth Mcneil,46-55,South Asian,5.0,92.6,Accepted
Lindsey Davis,36-45,South Asian,19.5,88.4,Accepted
Nicholas Weiss,26-35,South Asian,7.6,66.1,Rejected
Briana Hernandez,46-55,South Asian,15.9,75.1,Rejected
Daniel Huang,56+,African American,8.2,65.7,Rejected
Shannon Palmer,26-35,South Asian,11.4,98.0,Accepted
Jessica Bowen,18-25,Caucasian,19.7,79.8,Rejected
Rebecca Shaw,26-35,South Asian,7.4,79.8,Rejected
Doris Davis,26-35,African American,10.1,97.7,Accepted
James Nunez MD,56+,Middle Eastern,13.9,68.8,Rejected
Ashley Daniels,26-35,Hispanic,1.5,94.0,Accepted
Linda Perry,56+,Caucasian,18.1,66.3,Rejected
Daniel Miller,26-35,East Asian,10.8,91.6,Accepted
Donald Ross,56+,South Asian,17.1,87.1,Accepted
Leah Stone,56+,African American,2.8,79.4,Rejected
Paula Saunders,18-25,South Asian,10.7,93.8,Accepted
Kimberly Roth,36-45,South Asian,7.3,68.7,Rejected
Christopher Barrera MD,18-25,Middle Eastern,19.8,74.5,Rejected
Christian Turner,26-35,East Asian,4.1,78.0,Rejected
Carl Aguilar,18-25,African American,6.2,74.3,Rejected
Caleb Clark,36-45,Hispanic,19.6,93.8,Accepted
Janet Wade,46-55,South Asian,15.5,71.5,Rejected
Jennifer Graham,26-35,South Asian,2.0,73.7,Rejected
Christopher Mcfarland,26-35,East Asian,11.7,96.6,Accepted
Jessica Chung,46-55,Caucasian,3.0,96.5,Accepted
John Braun,46-55,Middle Eastern,4.4,90.9,Rejected
Jason Anderson,36-45,South Asian,14.3,76.7,Rejected
Daniel Roberts,36-45,Caucasian,12.0,75.1,Rejected
Melanie Bennett,18-25,Hispanic,1.9,71.2,Rejected
Phillip Banks,46-55,Caucasian,11.8,70.7,Rejected
Desiree Padilla,26-35,Hispanic,18.1,90.9,Accepted
Jennifer Williams,56+,South Asian,5.5,75.8,Rejected
Stacy Zamora,18-25,Middle Eastern,15.3,68.5,Rejected
Tara Hunter,56+,Caucasian,6.8,95.1,Accepted
Michael Green,26-35,African American,4.0,68.3,Rejected
Katrina Smith,46-55,Hispanic,10.9,90.1,Rejected
Thomas Malone,26-35,African American,18.8,94.5,Accepted
Courtney Daniel,56+,Caucasian,17.2,70.0,Rejected
Nancy Tran,18-25,African American,15.5,68.1,Rejected
Thomas Sutton,46-55,South Asian,11.1,75.4,Rejected
Brenda Ellis,18-25,Middle Eastern,17.2,88.0,Accepted
Jeffrey Morales,46-55,African American,1.4,70.0,Rejected
Elizabeth Haynes,46-55,Middle Eastern,8.7,69.0,Rejected
Michael Mitchell,36-45,Hispanic,16.4,79.4,Rejected
Sarah Prince,18-25,Middle Eastern,8.9,65.8,Rejected
Karen Travis,26-35,East Asian,4.8,96.7,Accepted
Andrew Mckay,18-25,South Asian,15.9,72.5,Rejected
John Jordan,36-45,South Asian,19.1,98.2,Accepted
Linda Joyce,26-35,Middle Eastern,6.9,73.3,Rejected
Chelsea Mcdonald,46-55,Middle Eastern,6.8,84.9,Rejected
Dr. Ashley Vaughn,56+,South Asian,17.2,91.0,Accepted
Joseph Keith,36-45,East Asian,5.9,93.8,Accepted
Danielle Gonzalez,46-55,Hispanic,13.2,92.5,Accepted
Laurie Tapia,18-25,East Asian,6.3,77.3,Rejected
Rebecca Russo,36-45,East Asian,16.3,74.3,Rejected
Sandra Villanueva,26-35,Caucasian,3.5,76.0,Rejected
Rita Matthews,36-45,East Asian,6.6,91.5,Accepted
Cathy Santiago,46-55,African American,5.4,85.1,Rejected
Larry Pearson,18-25,Hispanic,5.3,87.9,Rejected
Joshua Nunez,18-25,Caucasian,1.8,69.2,Rejected
Maria Mitchell,36-45,African American,19.0,77.1,Rejected
Dwayne Lane,56+,Hispanic,17.4,95.0,Accepted
Richard Sanchez,18-25,Caucasian,16.0,65.6,Rejected
Linda Miranda,18-25,Middle Eastern,19.6,80.6,Rejected
Gina Moses,46-55,East Asian,3.2,69.2,Rejected
Mr. Samuel Reyes,18-25,South Asian,1.8,87.4,Accepted
Paul Nguyen,36-45,East Asian,11.7,77.3,Rejected
Kellie Rowland,18-25,Caucasian,12.3,87.2,Accepted
Preston Esparza,56+,Caucasian,8.9,78.1,Rejected
Richard Fisher,36-45,Hispanic,13.8,67.1,Rejected
Tracy Miller,36-45,African American,4.8,81.3,Rejected
Michael Singleton,46-55,Middle Eastern,1.6,95.7,Accepted
Emily Foster,36-45,African American,19.3,87.1,Rejected
Michelle Kelley,46-55,African American,19.9,88.4,Rejected
Stephen Murray,26-35,East Asian,4.7,89.4,Accepted
Rebecca Lawrence,18-25,East Asian,7.2,74.9,Rejected
Randy Parker,26-35,African American,1.2,68.7,Rejected
Angela Hartman,26-35,South Asian,19.2,73.8,Rejected
Jennifer Davis,36-45,South Asian,11.6,76.3,Rejected
Veronica Vasquez,36-45,Middle Eastern,10.9,82.5,Rejected
Joe Sanford,18-25,South Asian,9.6,89.6,Accepted
Lindsey Rice,56+,Caucasian,4.7,78.9,Rejected
Melanie Green,26-35,African American,3.1,94.0,Accepted
David Hoover,46-55,African American,6.7,88.6,Rejected
Ryan Weber,26-35,Hispanic,4.6,79.9,Rejected
Stacy Fischer,56+,Caucasian,2.2,65.2,Rejected
Jordan Elliott,46-55,Middle Eastern,15.4,75.7,Rejected
Jeff Lynch,36-45,Hispanic,13.3,86.9,Rejected
Jason Woodward,18-25,Caucasian,2.8,89.5,Accepted
Joshua Greene,36-45,East Asian,6.3,95.8,Accepted
Regina King,36-45,Caucasian,16.4,74.2,Rejected
Mary Moyer,46-55,East Asian,2.7,84.6,Accepted
Amber Chung,36-45,South Asian,18.0,79.1,Rejected
Joseph Ryan,36-45,Hispanic,10.1,83.7,Rejected
David Washington,46-55,Caucasian,14.7,97.8,Accepted
Timothy Blair,26-35,East Asian,18.8,73.5,Rejected
Stephanie Jones,46-55,East Asian,6.1,86.3,Accepted
Kristina Walker,56+,African American,2.4,95.7,Accepted
Marie Campbell,18-25,South Asian,9.2,78.3,Rejected
Michael Martinez,46-55,South Asian,16.6,66.7,Rejected
Amy Smith,56+,Hispanic,19.4,77.4,Rejected
Sally Mills,26-35,South Asian,14.5,87.6,Accepted
Michael Montes,36-45,Caucasian,8.7,84.4,Accepted
Albert Noble,26-35,South Asian,3.9,82.7,Accepted
Christina Ortiz,18-25,Caucasian,7.0,98.3,Accepted
Erica Andrews,26-35,South Asian,8.3,67.0,Rejected
Adriana Christensen,26-35,African American,15.8,97.0,Accepted
Michelle Taylor,36-45,Hispanic,14.9,65.7,Rejected
Kyle Rose,18-25,Caucasian,16.8,65.3,Rejected
Debbie Torres,18-25,East Asian,6.5,85.4,Accepted
Carol Payne,18-25,Hispanic,3.0,98.3,Accepted
Sharon Horn,36-45,Middle Eastern,8.3,65.6,Rejected
Julia Hood,56+,South Asian,14.2,73.0,Rejected
Diane Blevins DVM,46-55,Hispanic,6.0,76.6,Rejected
Derek Bridges,36-45,Caucasian,11.4,66.4,Rejected
Michelle Lewis,56+,South Asian,18.7,77.6,Rejected
James Williams,36-45,South Asian,15.3,73.6,Rejected
Melissa Brown,46-55,East Asian,6.6,94.6,Accepted
Julie Hart,46-55,Caucasian,2.4,83.7,Accepted
Amanda Singleton,26-35,South Asian,19.2,82.8,Accepted
Danielle Casey,46-55,East Asian,18.1,65.7,Rejected
Donald Adkins,46-55,East Asian,13.6,92.5,Accepted
Shannon Jacobs,36-45,South Asian,3.6,93.0,Accepted
Christopher Barnett,18-25,African American,1.1,68.7,Rejected
Debra Smith,46-55,East Asian,2.1,83.1,Accepted
Daniel Nelson,56+,Middle Eastern,4.2,83.2,Rejected
Colin Rodriguez,56+,African American,8.7,70.2,Rejected
Olivia Parker,36-45,Hispanic,4.9,74.5,Rejected
Margaret Daniels,26-35,African American,9.2,86.7,Rejected
Richard May,18-25,African American,15.8,88.5,Accepted
Mark Zavala,46-55,East Asian,7.4,95.3,Accepted
Dr. Ricky King,18-25,Caucasian,6.4,76.5,Rejected
Andrew Lopez,46-55,Hispanic,13.5,75.8,Rejected
Caroline Reed,18-25,African American,11.5,76.1,Rejected
Jennifer Smith,36-45,African American,9.6,93.0,Accepted
Michael Francis,56+,Middle Eastern,4.1,92.9,Accepted
Richard Taylor,18-25,South Asian,13.5,89.1,Accepted
Daniel Joseph,46-55,Middle Eastern,17.6,72.8,Rejected
Dwayne Shelton,18-25,African American,1.2,76.8,Rejected
Ashley Rose,18-25,Middle Eastern,11.1,75.3,Rejected
Angela Aguirre,56+,South Asian,10.2,68.2,Rejected
Joy Walters,26-35,East Asian,12.9,66.1,Rejected
Jason Johnson,18-25,Middle Eastern,15.9,73.5,Rejected
Laura Li,56+,Middle Eastern,9.0,65.9,Rejected
Julie James,36-45,African American,18.3,72.9,Rejected
Michael Swanson,36-45,Hispanic,2.8,95.1,Accepted
Mr. Daniel Thompson,56+,East Asian,17.5,66.7,Rejected
Maurice Santana,18-25,African American,9.8,68.4,Rejected
Melinda Bowman,26-35,Caucasian,14.9,77.0,Rejected
Mark Sanchez,36-45,South Asian,9.2,68.8,Rejected
Robert Hooper,18-25,African American,4.2,79.0,Rejected
Amanda Campbell,36-45,Caucasian,7.8,74.8,Rejected
Anna Johnson,56+,South Asian,17.9,71.9,Rejected
Rhonda Cox,26-35,Middle Eastern,16.0,78.5,Rejected
Daniel Robertson,36-45,African American,5.4,75.3,Rejected
Mr. Jeffrey Contreras,26-35,Middle Eastern,7.7,95.1,Accepted
Kelly Oneill,46-55,Caucasian,11.6,72.3,Rejected
Melissa Pitts,36-45,South Asian,10.4,88.7,Accepted
Todd Preston,46-55,Caucasian,15.5,65.0,Rejected
Kaitlyn Lopez,18-25,Middle Eastern,14.6,72.3,Rejected
Melvin Petty,26-35,Hispanic,11.8,65.4,Rejected
Erik Frost,26-35,East Asian,7.5,84.3,Accepted
Gregory Perkins,56+,Middle Eastern,3.8,76.6,Rejected
Steven Christian,26-35,Caucasian,12.9,69.6,Rejected
Jennifer Stephens,18-25,South Asian,18.1,80.1,Accepted
Charles Brown,36-45,East Asian,11.4,96.6,Accepted
Kelly Rojas,26-35,African American,19.3,81.8,Rejected
Diana Washington,18-25,South Asian,17.6,69.8,Rejected
Bradley Andrews,26-35,South Asian,9.7,78.0,Rejected
Mr. Paul Miller,56+,Hispanic,13.9,95.9,Accepted
Jocelyn Jones,36-45,Caucasian,5.6,96.9,Accepted
Joan Nelson,26-35,East Asian,2.4,95.0,Accepted
Cassidy Nichols,36-45,East Asian,16.6,67.3,Rejected
Christopher Collins MD,18-25,African American,14.2,88.0,Accepted
Ian Morrow,36-45,Hispanic,7.7,96.9,Accepted
Joseph Mckinney,36-45,African American,15.9,70.2,Rejected
Kelly Graham,18-25,East Asian,18.8,88.9,Accepted
Joseph Mclean,46-55,African American,6.0,74.0,Rejected
Stephanie Rivera,26-35,African American,5.6,65.2,Rejected
Ian Stevens,46-55,Hispanic,9.9,79.8,Rejected
Rachael Berry,36-45,Caucasian,13.9,79.8,Rejected
Lisa Williams,46-55,South Asian,15.5,79.4,Rejected
Peggy Meadows,56+,African American,9.2,77.3,Rejected
Austin Gaines,36-45,Hispanic,13.1,71.1,Rejected
William Trevino,26-35,Caucasian,10.8,91.3,Accepted
Brad Garrison,18-25,Hispanic,4.5,91.5,Accepted
Frank Young,18-25,African American,6.5,93.6,Accepted
Tracey Williams,56+,South Asian,13.2,94.7,Accepted
Dylan Johnson,36-45,Hispanic,15.9,84.8,Rejected
Kevin Watson,26-35,Hispanic,18.3,66.6,Rejected
Anna Parker,26-35,African American,4.9,73.9,Rejected
Michael Snyder,36-45,South Asian,17.4,91.5,Accepted
Lisa Price,46-55,African American,6.0,86.4,Rejected
Yvette Williams,36-45,Middle Eastern,6.6,77.1,Rejected
Bradley Barker,18-25,Middle Eastern,2.1,74.5,Rejected
Dana Walker,56+,Middle Eastern,7.8,70.3,Rejected
Michael Phillips,46-55,African American,7.3,66.3,Rejected
Alexandra Fowler,26-35,South Asian,19.3,74.2,Rejected
Thomas Klein,26-35,East Asian,11.8,70.1,Rejected
Ashley Miller,46-55,Caucasian,9.0,73.6,Rejected
James Haley,56+,African American,2.2,66.8,Rejected
Nathan Smith,26-35,East Asian,11.3,78.9,Rejected
Michelle Taylor,36-45,African American,2.2,68.7,Rejected
Beverly Ross,18-25,Caucasian,18.3,73.5,Rejected
Julie Moody,36-45,Caucasian,13.1,86.5,Accepted
Michael Wheeler,46-55,South Asian,8.4,81.2,Rejected
Holly Byrd,26-35,East Asian,2.3,65.4,Rejected
Jessica Barnes,56+,East Asian,12.6,82.9,Rejected
Tammy Evans,36-45,East Asian,18.6,97.6,Accepted
Dawn Butler,56+,South Asian,3.9,71.9,Rejected
Connie Scott,36-45,Caucasian,2.3,71.6,Rejected
Kelly Peters,56+,Caucasian,4.2,67.9,Rejected
Marcus Johnson,18-25,Hispanic,1.7,69.1,Rejected
Catherine Shepherd,26-35,East Asian,10.4,95.5,Accepted
Daniel Sharp,46-55,Middle Eastern,18.7,91.1,Accepted
Kara Sanders,36-45,Middle Eastern,6.4,73.3,Rejected
Jacob Berry,36-45,African American,13.0,93.5,Accepted
Rodney Rivas,26-35,Caucasian,5.5,77.6,Rejected
Christine Manning,56+,Hispanic,18.0,83.6,Rejected
Anne Merritt,46-55,Middle Eastern,8.7,96.5,Accepted
Christine Turner,46-55,Caucasian,17.8,91.1,Accepted
Charlene Walker,36-45,East Asian,5.4,66.8,Rejected
Madison Nelson,56+,Hispanic,12.2,89.1,Rejected
Jeffrey Decker,46-55,Hispanic,18.5,69.1,Rejected
Peter Lyons,18-25,East Asian,2.7,90.0,Accepted
Robert Washington,56+,East Asian,19.2,97.8,Accepted
Austin Meza,46-55,Caucasian,14.7,92.4,Accepted
Ethan Ross,18-25,East Asian,15.8,79.0,Rejected
Brian Walker,36-45,East Asian,18.0,67.6,Rejected
Marc Ball,56+,South Asian,11.6,85.1,Accepted
April Fischer,26-35,Caucasian,5.5,68.6,Rejected
Billy Ward,26-35,African American,18.6,73.0,Rejected
Theresa Mann,36-45,African American,4.9,76.4,Rejected
Jacqueline Parker,36-45,Hispanic,2.2,76.6,Rejected
Scott Weaver,18-25,Hispanic,4.2,79.5,Rejected
John Brown,56+,South Asian,11.5,76.6,Rejected
Lisa Montgomery,56+,Middle Eastern,18.5,88.2,Rejected
Anne Richardson,36-45,South Asian,7.3,93.6,Accepted
Kaylee Gutierrez,46-55,Hispanic,1.8,83.0,Rejected
Randy Perez,56+,Hispanic,14.7,85.4,Rejected
Ethan Lee,46-55,Caucasian,6.2,83.8,Accepted
Jessica Richardson,46-55,South Asian,7.3,79.6,Rejected
Sara Stewart,36-45,Hispanic,11.8,84.6,Rejected
Cristina Herman,56+,East Asian,18.0,98.9,Accepted
David Mosley,46-55,East Asian,4.0,67.3,Rejected
Paul Butler,26-35,Middle Eastern,11.7,75.5,Rejected
Thomas Cobb,36-45,Middle Eastern,4.9,76.4,Rejected
Lori Fisher,26-35,Middle Eastern,13.6,65.8,Rejected
Monica Martin,56+,African American,17.0,90.8,Rejected
Kayla Young,46-55,Middle Eastern,15.4,81.7,Rejected
Javier Reed,36-45,Caucasian,18.0,79.0,Rejected
Lisa Martinez,46-55,South Asian,10.9,83.7,Accepted
Justin Ray,56+,East Asian,1.7,78.6,Rejected
Sandra Roberts,18-25,Middle Eastern,7.6,66.4,Rejected
Cynthia Evans,26-35,Middle Eastern,11.4,75.7,Rejected
David Lee,26-35,African American,15.6,96.5,Accepted
Theresa Moran,26-35,East Asian,1.2,71.5,Rejected
Benjamin Norman,46-55,Caucasian,14.6,72.3,Rejected
Natasha Watson,18-25,Caucasian,19.8,72.5,Rejected
Martin Allen,26-35,South Asian,8.3,72.1,Rejected
Sonia Green,18-25,South Asian,17.5,83.4,Accepted
Nicholas Butler,36-45,Middle Eastern,6.0,89.5,Accepted
Jennifer Sampson,46-55,African American,6.0,89.9,Rejected
Lindsay Eaton,36-45,South Asian,8.9,88.7,Accepted
Jeffrey Barr,26-35,East Asian,15.6,79.0,Rejected
Cody Hull,46-55,African American,1.6,67.1,Rejected
Henry Hall,56+,South Asian,15.5,66.2,Rejected
Kimberly Cole,56+,East Asian,4.2,87.1,Accepted
Cheryl Stewart,56+,Hispanic,6.5,89.7,Rejected
Stephanie Burton,18-25,African American,19.8,81.7,Rejected
Wesley Foster,36-45,East Asian,13.7,86.5,Accepted
Paul Andrews,26-35,Hispanic,1.3,96.5,Accepted
Mary Cook,26-35,Hispanic,9.1,94.7,Accepted
Virginia Short,26-35,Caucasian,8.9,88.9,Accepted
Vincent Kane,56+,African American,9.7,66.5,Rejected
Julie Mcgrath,36-45,Middle Eastern,2.7,97.8,Accepted
Jennifer Henson,26-35,South Asian,1.0,67.9,Rejected
Erin Mclaughlin,56+,East Asian,17.4,77.9,Rejected
Jennifer Lopez,46-55,Middle Eastern,8.6,86.5,Rejected
Stephanie Dyer,46-55,East Asian,16.2,71.6,Rejected
Mark Bennett,18-25,Caucasian,13.6,84.6,Accepted
Laura Murphy,18-25,Caucasian,16.2,73.2,Rejected
Michael Mckenzie,26-35,Middle Eastern,7.6,87.3,Rejected
Jose Guerra,18-25,South Asian,13.2,65.1,Rejected
Krystal Marshall,18-25,Caucasian,2.1,98.4,Accepted
Michael Williams,46-55,African American,10.1,79.1,Rejected
Jonathan Rose,56+,African American,1.4,96.0,Accepted
Susan Austin,18-25,East Asian,2.7,87.7,Accepted
Caitlin Dominguez,18-25,East Asian,11.9,87.2,Accepted
Anthony Mathews,46-55,Hispanic,9.1,95.0,Accepted
Sarah Livingston,36-45,South Asian,6.5,76.7,Rejected
Christian Garcia,18-25,South Asian,13.0,85.4,Accepted
Joel Martin,18-25,African American,8.5,83.6,Rejected
Jeremiah Larson PhD,18-25,African American,5.5,82.5,Rejected
Stephanie Lyons,46-55,African American,7.6,69.8,Rejected
Natalie Williams,36-45,African American,18.1,85.0,Rejected
Robert Everett MD,56+,African American,14.6,68.6,Rejected
Jonathan Weiss,56+,East Asian,2.0,78.9,Rejected
Jesse Thomas,46-55,East Asian,2.7,70.0,Rejected
Carl Mcmahon,36-45,Hispanic,10.6,72.5,Rejected
Jason Calderon,18-25,South Asian,3.2,67.5,Rejected
Matthew Ho,26-35,East Asian,6.1,89.6,Accepted
Jenna Berg,46-55,Caucasian,4.7,81.1,Rejected
William Mcgee,46-55,Caucasian,5.9,77.2,Rejected
Richard Black,36-45,African American,18.6,78.9,Rejected
Elizabeth Garcia,46-55,African American,19.1,77.6,Rejected
James Conway,46-55,South Asian,18.5,72.6,Rejected
Casey Nelson MD,36-45,South Asian,7.6,95.0,Accepted
Kristina Adams,26-35,African American,10.1,82.1,Rejected
Jennifer Velez,36-45,East Asian,7.6,77.4,Rejected
Richard Johnson,36-45,South Asian,16.4,79.4,Rejected
Robert Sanders,46-55,Hispanic,15.8,85.6,Rejected
Eric Haynes,18-25,Hispanic,3.8,84.0,Rejected
Denise Jones,46-55,African American,12.9,68.5,Rejected
Dr. Rebecca Wong,26-35,Caucasian,2.1,97.5,Accepted
Tara Ayala,56+,African American,7.1,70.9,Rejected
Brittany Andrews,36-45,Hispanic,18.1,90.0,Accepted
Monica Mitchell,36-45,African American,18.5,91.8,Accepted
Aaron Hernandez,56+,East Asian,16.9,97.5,Accepted
Sonya Young,56+,East Asian,4.6,82.2,Rejected
William Patel,56+,South Asian,13.1,82.4,Rejected
Katrina Thomas,36-45,South Asian,8.2,65.8,Rejected
Brenda Cummings,36-45,South Asian,10.7,73.5,Rejected
Kristen Nicholson,36-45,Hispanic,7.7,75.7,Rejected
Jennifer Hall,18-25,Caucasian,12.2,77.8,Rejected
Belinda Johnson,56+,South Asian,7.6,68.9,Rejected
Jasmine Peterson,18-25,South Asian,3.1,72.2,Rejected
Anna Johnson,56+,African American,2.6,88.9,Rejected
Amy Taylor,18-25,Middle Eastern,10.2,74.1,Rejected
Shannon Johnson,36-45,Middle Eastern,8.4,66.7,Rejected
Vincent Thompson,56+,Caucasian,1.1,93.7,Accepted
Caroline Anderson,46-55,East Asian,13.9,84.8,Accepted
Brian Gross,26-35,Caucasian,1.9,69.5,Rejected
Elizabeth Perry,18-25,South Asian,10.9,96.3,Accepted
Pamela Adams,46-55,Caucasian,11.8,91.5,Accepted
Joseph Wilson,56+,East Asian,7.2,82.0,Rejected
Adrian Davis,26-35,Caucasian,5.3,90.7,Accepted
Joseph Hall,36-45,South Asian,10.4,93.9,Accepted
Sharon Carlson,18-25,Hispanic,2.5,76.0,Rejected
Ellen Mccarty,46-55,Caucasian,18.0,89.4,Accepted
Patrick Ruiz,46-55,African American,3.0,92.8,Accepted
Michelle Hogan,36-45,East Asian,12.2,98.2,Accepted
Stephanie Miller,56+,African American,7.8,78.3,Rejected
Craig Walsh,36-45,Middle Eastern,4.1,95.9,Accepted
April Reed,46-55,Caucasian,16.4,80.8,Rejected
Sydney Hudson,26-35,Middle Eastern,11.1,88.9,Accepted
Mary Martin,26-35,East Asian,9.0,71.8,Rejected
Abigail Hull,18-25,Caucasian,17.8,76.4,Rejected
Kimberly Cook,36-45,Caucasian,1.1,85.0,Accepted
Sergio Flores,26-35,Caucasian,8.9,78.8,Rejected
Megan Weaver,56+,Middle Eastern,1.2,78.1,Rejected
Mason Carson,46-55,Middle Eastern,11.1,67.0,Rejected
Ashley Mueller,46-55,Caucasian,13.8,71.1,Rejected
Michelle Dodson,46-55,Middle Eastern,8.6,68.5,Rejected
Kelly Harris,26-35,South Asian,11.9,84.2,Accepted
Vickie Garcia,36-45,Hispanic,19.3,70.3,Rejected
Joanne Weiss,46-55,East Asian,17.6,84.4,Accepted
Alan Cohen,56+,Caucasian,19.6,83.9,Accepted
Joshua Simpson,56+,South Asian,11.2,98.5,Accepted
Brandy Smith,26-35,Hispanic,12.1,76.1,Rejected
Carla Navarro,26-35,Caucasian,16.9,96.3,Accepted
Jacqueline Sampson,18-25,South Asian,10.0,76.7,Rejected
David White,36-45,South Asian,11.7,65.9,Rejected
Stacy Stanton,26-35,Hispanic,18.2,84.9,Rejected
Cody Jimenez,46-55,African American,18.9,84.6,Rejected
Eric Davis,18-25,East Asian,15.5,75.8,Rejected
Dennis Lopez,46-55,South Asian,7.9,86.4,Accepted
Melissa Lucas,56+,Hispanic,2.1,97.9,Accepted
Stephanie Hampton,18-25,Middle Eastern,12.3,91.4,Accepted
Michael Wilson,56+,African American,1.7,90.8,Rejected
Miss Jennifer Cortez,36-45,East Asian,15.9,70.1,Rejected
Rhonda Diaz,36-45,Caucasian,14.8,98.8,Accepted
Alicia Espinoza,56+,South Asian,8.5,69.6,Rejected
Sean Sanders,26-35,East Asian,13.7,68.2,Rejected
Matthew Parker,46-55,South Asian,15.3,76.2,Rejected
Bradley Alvarez,46-55,Hispanic,1.5,71.2,Rejected
Taylor Becker,18-25,South Asian,1.6,81.5,Accepted
Debbie Wood,56+,African American,4.0,91.6,Accepted
Andrew Lucero,26-35,South Asian,9.4,75.6,Rejected
William Howell,26-35,South Asian,6.2,65.4,Rejected
Susan Guerrero,26-35,East Asian,19.0,89.2,Accepted
Patricia Acosta,36-45,East Asian,6.6,70.3,Rejected
Mark Reed,56+,East Asian,1.5,86.3,Accepted
Wendy Brock,18-25,South Asian,4.0,75.4,Rejected
Paige Nelson,46-55,African American,5.7,88.2,Rejected
Jacob Gallagher,46-55,East Asian,3.3,93.7,Accepted
Debra Beck,18-25,Middle Eastern,14.4,79.2,Rejected
Deborah Duncan,18-25,Hispanic,4.1,80.8,Rejected
Jasmine Horne,36-45,South Asian,16.9,97.0,Accepted
Christine Lowery,36-45,East Asian,11.3,68.0,Rejected
Andrew Sexton,36-45,South Asian,12.7,86.4,Accepted
Ashley Wheeler,26-35,Middle Eastern,8.0,78.6,Rejected
Gregory Mayo,56+,Middle Eastern,8.0,77.3,Rejected
Daniel Castro,18-25,South Asian,18.1,73.3,Rejected
Jordan Jones,18-25,South Asian,14.3,94.7,Accepted
Richard Rodriguez,26-35,Hispanic,7.0,78.0,Rejected
Mary Larson,46-55,South Asian,5.7,71.6,Rejected
Javier Nixon,56+,African American,8.3,79.7,Rejected
Richard Jones,56+,South Asian,6.6,67.8,Rejected
Phillip Frank,26-35,Hispanic,15.7,78.4,Rejected
Deanna Marquez,26-35,Hispanic,18.4,97.9,Accepted
Cesar Smith,36-45,South Asian,9.8,72.1,Rejected
Gerald Rodriguez,56+,Hispanic,16.0,77.7,Rejected
Mark Scott,26-35,Caucasian,8.3,79.4,Rejected
Erica Freeman,26-35,Middle Eastern,5.8,83.1,Rejected
Cynthia Evans,26-35,Middle Eastern,16.7,92.9,Accepted
Michael Harris,18-25,Middle Eastern,1.4,89.4,Accepted
Laurie Martinez,18-25,African American,5.2,72.2,Rejected
Breanna Jones,46-55,Hispanic,2.0,81.3,Rejected
Mrs. Amber Brady,56+,South Asian,5.3,81.4,Rejected
Jerry Nelson,26-35,Hispanic,14.3,90.6,Accepted
Jennifer Braun,26-35,Middle Eastern,13.9,72.7,Rejected
Jennifer Rogers,26-35,Hispanic,12.3,75.3,Rejected
Natalie Bruce,18-25,East Asian,5.0,96.7,Accepted
Angel Parker,36-45,East Asian,16.8,74.8,Rejected
Barbara Brown,18-25,Hispanic,12.7,94.6,Accepted
Diane Gonzalez,18-25,Caucasian,14.9,73.2,Rejected
Robin Jones,36-45,Middle Eastern,19.7,78.1,Rejected
Cindy Kim,56+,Middle Eastern,6.2,89.4,Rejected
Amanda Watson,36-45,Caucasian,13.3,71.9,Rejected
Jesse Sharp,36-45,South Asian,17.9,73.9,Rejected
Mark Glenn,56+,East Asian,15.0,82.8,Rejected
Caroline Harris,18-25,East Asian,14.8,71.9,Rejected
Thomas Newman,26-35,Hispanic,3.3,91.6,Accepted
Emily Herring,26-35,South Asian,4.8,78.1,Rejected
Tyler Briggs,26-35,African American,11.0,72.3,Rejected
Donna Marks,18-25,Caucasian,18.6,90.1,Accepted
Maria Andrade,56+,Caucasian,5.3,74.6,Rejected
John Brown,56+,Middle Eastern,6.0,93.7,Accepted
Laura Perez,56+,South Asian,3.1,86.7,Accepted
Micheal Jackson,36-45,African American,6.4,83.4,Rejected
Luis Smith,56+,South Asian,11.3,86.4,Accepted
Jimmy Bailey,26-35,African American,14.5,68.2,Rejected
Jeffrey Warren,18-25,Middle Eastern,12.7,96.5,Accepted
Joseph Richards,36-45,East Asian,15.6,85.8,Accepted
Jesse Dean,46-55,Hispanic,3.2,87.6,Rejected
Emma White,46-55,East Asian,9.1,95.8,Accepted
Jessica White,36-45,Caucasian,9.0,68.5,Rejected
Jacob Mcbride,36-45,African American,9.6,77.4,Rejected
Victoria Long,46-55,African American,3.7,87.0,Rejected
Cynthia Johnson,46-55,East Asian,9.3,90.3,Accepted
Erin Ortiz,26-35,South Asian,8.2,65.2,Rejected
Christine Simmons,36-45,East Asian,18.8,68.7,Rejected
Dominique Rivera,26-35,Hispanic,18.5,69.9,Rejected
Jennifer Johns,26-35,South Asian,8.6,91.8,Accepted
Lisa Larson,18-25,Hispanic,2.2,66.2,Rejected
Timothy Brown,26-35,Caucasian,10.2,91.5,Accepted
Sean Moon,36-45,Middle Eastern,15.4,65.0,Rejected
Ryan Johnson II,26-35,African American,6.6,88.1,Accepted
Phillip Rice,56+,Caucasian,9.4,96.5,Accepted
Paul Singh,56+,African American,12.9,95.4,Accepted
Lisa Rodriguez,18-25,Middle Eastern,19.9,81.7,Rejected
Anthony Lawrence,18-25,South Asian,16.6,72.7,Rejected
Jill Peters,36-45,Caucasian,6.4,87.5,Accepted
Shawn Jordan,26-35,South Asian,7.0,75.0,Rejected
Jane Huber,26-35,African American,15.7,87.6,Rejected
Tina Martinez,56+,Hispanic,7.1,91.5,Accepted
Erik Acosta,18-25,Hispanic,14.8,87.3,Rejected
Samantha Martinez,18-25,East Asian,2.0,98.7,Accepted
Brianna Spencer,26-35,East Asian,2.4,79.5,Rejected
Jennifer King,36-45,Caucasian,15.1,66.7,Rejected
Mike Wright,26-35,Hispanic,10.2,95.7,Accepted
David Heath,46-55,East Asian,14.1,94.8,Accepted
Katherine Roberson,56+,African American,4.0,74.7,Rejected
Holly Walsh,46-55,East Asian,13.2,72.1,Rejected
Daniel Wood,18-25,Caucasian,2.3,96.1,Accepted
Jeremiah Strickland,56+,South Asian,17.6,84.1,Accepted
Joshua Jones,46-55,African American,18.1,78.8,Rejected
Kelly Sandoval,36-45,Hispanic,9.2,66.2,Rejected
Victor Brown,26-35,African American,15.5,75.3,Rejected
Sharon Yang,26-35,Middle Eastern,18.7,75.2,Rejected
Daniel Moore,56+,Hispanic,10.8,86.7,Rejected
Zachary Mendoza,18-25,East Asian,1.7,74.1,Rejected
Anna Ramos,46-55,East Asian,2.8,82.0,Rejected
Megan Stewart,36-45,Caucasian,1.1,86.0,Accepted
William Bryan,26-35,East Asian,11.8,80.0,Accepted
Hailey Torres,46-55,Hispanic,18.4,80.0,Rejected
Joshua Carter,26-35,Caucasian,11.7,94.9,Accepted
Carla Miller,36-45,Hispanic,5.5,67.5,Rejected
James Erickson,56+,African American,15.7,71.7,Rejected
Jay Sims,36-45,South Asian,12.7,84.2,Accepted
Matthew Barker,26-35,Caucasian,15.9,84.3,Accepted
Erin Williams,26-35,African American,17.3,93.3,Accepted
Sarah Johnston,46-55,African American,14.2,82.3,Rejected
Marilyn Mckay,26-35,Middle Eastern,2.2,66.6,Rejected
Anthony Benson,56+,South Asian,5.9,78.7,Rejected
Andrew Gibson,46-55,Caucasian,3.5,66.9,Rejected
Julia Guerra,56+,African American,6.4,89.7,Rejected
Sonya Kelly,36-45,Middle Eastern,7.2,71.5,Rejected
James Ramirez,36-45,Caucasian,14.1,79.7,Rejected
Eric Dean,18-25,Middle Eastern,2.2,87.9,Rejected
Matthew Bailey Jr.,18-25,African American,15.6,98.1,Accepted
Deborah Spencer,46-55,Middle Eastern,18.2,79.5,Rejected
William Howell,18-25,South Asian,15.1,67.0,Rejected
Kenneth Beasley,18-25,South Asian,14.1,82.8,Accepted
Shawn Ward,18-25,South Asian,11.1,71.1,Rejected
Kyle Bell,26-35,East Asian,5.9,68.5,Rejected
Jennifer Leach,18-25,South Asian,6.5,71.4,Rejected
Daniel Wallace,26-35,Middle Eastern,19.1,89.3,Accepted
Bradley Wilson,46-55,Middle Eastern,1.0,75.6,Rejected
Christina White,46-55,African American,19.2,65.9,Rejected
Christina Thomas,36-45,South Asian,19.6,79.6,Rejected
Sydney Lindsey,46-55,Caucasian,18.6,82.5,Rejected
Amy Johnson,18-25,Middle Eastern,17.6,94.5,Accepted
Jennifer Chavez,36-45,African American,1.9,82.2,Rejected
Kathryn Johnson,36-45,African American,14.9,93.3,Accepted
Angela Martinez,46-55,East Asian,4.3,77.4,Rejected
Tyler Rice,18-25,Caucasian,18.7,69.5,Rejected
Ryan Mccormick,36-45,Caucasian,12.8,93.3,Accepted
Michael Green,18-25,African American,10.1,86.0,Rejected
Cheryl Hobbs,26-35,African American,13.8,98.2,Accepted
Michael Lara,56+,South Asian,12.6,90.8,Accepted
Richard Phillips,26-35,Caucasian,2.6,73.5,Rejected
William Miller,36-45,Caucasian,14.6,87.0,Accepted
Donald Dougherty,56+,Hispanic,12.7,88.6,Rejected
Tammy Klein,56+,Hispanic,16.5,67.0,Rejected
David Morse,46-55,African American,14.3,75.6,Rejected
James Freeman,46-55,East Asian,18.7,75.3,Rejected
Joe Blevins,18-25,Caucasian,10.3,94.2,Accepted
Luis Doyle,18-25,African American,14.3,81.8,Rejected
Mark Benitez,46-55,African American,13.4,68.7,Rejected
Gregory Turner,26-35,South Asian,11.5,66.7,Rejected
Randall Rivers,18-25,Caucasian,9.0,73.1,Rejected
Brian Acevedo,18-25,South Asian,15.2,81.5,Accepted
Eric Lopez,26-35,Hispanic,13.7,89.4,Accepted
John Miller,26-35,Caucasian,4.3,71.8,Rejected
Nicole Brown,56+,African American,5.3,73.7,Rejected
Nina Williams,56+,South Asian,15.9,66.5,Rejected
Andrew Taylor,36-45,Caucasian,12.6,75.4,Rejected
Veronica Andrews,36-45,African American,1.5,85.9,Rejected
Maria Shaffer,18-25,South Asian,13.6,91.3,Accepted
Ashley Swanson,26-35,South Asian,6.8,87.2,Accepted
Helen Clark,46-55,Caucasian,7.3,76.4,Rejected
John Wright,56+,Caucasian,8.2,95.5,Accepted
Noah Davis,46-55,Hispanic,17.7,77.7,Rejected
Douglas Mcgee,46-55,Middle Eastern,3.8,96.5,Accepted
Sandra Mendez,36-45,East Asian,18.7,78.7,Rejected
Rebekah James,26-35,East Asian,2.4,71.0,Rejected
David Sanchez,18-25,Hispanic,12.6,73.8,Rejected
Janet Beck,56+,Caucasian,11.7,83.0,Accepted
Lindsay Bartlett,26-35,Hispanic,10.5,81.5,Rejected
Marc Ibarra,56+,African American,18.5,88.1,Rejected
Jeffrey Carr,18-25,African American,3.8,68.1,Rejected
Mary Gonzalez,46-55,East Asian,1.7,82.2,Rejected
Steven Smith,56+,Hispanic,8.5,95.3,Accepted
Gail Bradley,18-25,African American,2.2,93.7,Accepted
Amber Diaz,56+,East Asian,10.6,88.2,Accepted
Sally Boone,18-25,South Asian,7.1,98.6,Accepted
Jean Morris,36-45,East Asian,2.4,92.8,Accepted
Lisa Mcbride,26-35,South Asian,8.5,70.1,Rejected
Jeffrey Winters,18-25,Caucasian,19.2,86.7,Accepted
Tammy Goodwin,36-45,Hispanic,15.8,91.9,Accepted
Patrick Russell,56+,East Asian,18.0,71.1,Rejected
Andrew Davis,18-25,Caucasian,10.9,77.4,Rejected
Matthew Trevino,46-55,Caucasian,14.5,98.2,Accepted
Isabella Cabrera,36-45,South Asian,10.8,78.0,Rejected
Walter Mcdonald,46-55,Caucasian,5.1,86.5,Accepted
Kimberly Brown,26-35,East Asian,13.2,74.2,Rejected
Jim Kline,18-25,African American,5.8,88.3,Accepted
Shelley Mitchell,46-55,African American,14.3,85.9,Rejected
Patricia Watts,36-45,African American,19.8,79.0,Rejected
Jacqueline West,46-55,Caucasian,12.1,83.7,Accepted
Miranda Downs,46-55,South Asian,17.5,71.3,Rejected
Denise Fisher,46-55,African American,2.0,84.4,Rejected
Mark Lee,36-45,Caucasian,7.0,73.2,Rejected
Richard Howell,56+,Caucasian,16.4,89.0,Accepted
Ashley Short,26-35,Caucasian,10.2,66.4,Rejected
Tyler Stewart,46-55,Hispanic,8.9,92.2,Accepted
Mary Wilson,46-55,African American,17.8,92.2,Accepted
Tammie Larsen,26-35,African American,7.1,87.6,Rejected
Misty Hall,26-35,Hispanic,13.1,85.6,Rejected
Kelly Dawson,56+,Middle Eastern,1.5,82.3,Rejected
Robert Green,26-35,South Asian,5.1,97.4,Accepted
Amber Munoz,36-45,Hispanic,18.4,96.4,Accepted
Robert Carlson,36-45,Caucasian,12.7,78.2,Rejected
Jonathan Cruz,36-45,Caucasian,18.8,90.8,Accepted
Samuel Roberson,26-35,African American,17.9,67.6,Rejected
Ashley Williams,18-25,African American,13.8,79.8,Rejected
Stephanie Robinson,18-25,South Asian,16.2,76.3,Rejected
Kyle Mathis,26-35,Caucasian,1.6,84.8,Accepted
Dr. Robert Ball,56+,Caucasian,8.3,97.6,Accepted
Daniel Stone,56+,East Asian,14.4,70.9,Rejected
Casey Murphy,56+,East Asian,5.0,84.8,Accepted
Katherine Gill,26-35,Caucasian,13.7,83.8,Accepted
Jeffery Smith,26-35,East Asian,15.6,70.8,Rejected
Melissa Lee,36-45,Hispanic,14.1,65.1,Rejected
David Jennings,36-45,African American,13.8,88.1,Accepted
William Mills,46-55,South Asian,11.2,90.4,Accepted
Rebecca May,46-55,South Asian,16.0,98.2,Accepted
Matthew Jefferson,46-55,Hispanic,5.8,74.8,Rejected
Sherry Thompson,46-55,Middle Eastern,11.9,70.3,Rejected
Julia Mathews,18-25,Hispanic,10.0,68.6,Rejected
Mary Ryan,56+,South Asian,17.7,81.3,Rejected
Krystal Murray,26-35,East Asian,17.5,82.6,Accepted
Tiffany English,46-55,Hispanic,8.1,77.3,Rejected
Sherri Carrillo,18-25,African American,4.9,71.5,Rejected
George Palmer,36-45,East Asian,5.7,98.4,Accepted
John Moore,26-35,East Asian,16.0,81.4,Accepted
Jacqueline Lopez,18-25,Middle Eastern,16.4,76.8,Rejected
Melissa Robinson,56+,Caucasian,19.8,80.2,Rejected
Mrs. Jennifer Sanchez,18-25,South Asian,15.4,95.4,Accepted
James Wells,18-25,East Asian,2.0,75.9,Rejected
Monica Hoffman,56+,East Asian,4.5,72.5,Rejected
Amanda Wilson,56+,Caucasian,18.9,81.2,Rejected
Daniel Velasquez,36-45,East Asian,5.0,67.8,Rejected
Shelley Gomez,26-35,African American,7.5,81.7,Rejected
Sarah Lee,18-25,South Asian,13.2,65.7,Rejected
Alyssa Collins,56+,Hispanic,3.2,94.8,Accepted
Sean Harding,26-35,African American,4.1,69.3,Rejected
Danielle Jones,26-35,Hispanic,8.5,90.7,Accepted
Gina Robertson,18-25,South Asian,10.6,81.6,Accepted
Timothy Gregory,56+,Caucasian,8.3,73.9,Rejected
Yvonne Garcia,36-45,African American,11.4,81.2,Rejected
John Aguilar,26-35,Hispanic,9.7,72.7,Rejected
Barry Blankenship,46-55,Middle Eastern,15.6,82.2,Rejected
Hayley Chase,36-45,Hispanic,5.9,65.8,Rejected
Ms. Melissa Vincent,18-25,African American,13.8,67.4,Rejected
Teresa Martinez,46-55,Hispanic,3.2,86.9,Rejected
Cameron Collins,36-45,Caucasian,2.0,81.1,Accepted
Reginald Johnson,26-35,East Asian,17.7,80.7,Accepted
Ian Austin,26-35,African American,16.9,86.6,Rejected
Emily Price,36-45,South Asian,18.9,75.2,Rejected
Beth Mann,18-25,East Asian,15.5,75.3,Rejected
Ronnie Miller,26-35,South Asian,11.6,97.8,Accepted
Jerome Nelson,26-35,South Asian,7.1,68.4,Rejected
Christina Smith,46-55,South Asian,7.9,70.8,Rejected
Nathan Lopez,18-25,African American,2.3,78.4,Rejected
Daniel Jordan,26-35,Caucasian,4.7,93.8,Accepted
Chase Lewis,18-25,South Asian,5.0,70.1,Rejected
Steven Jones,36-45,Caucasian,15.2,93.2,Accepted
Laurie Meyer,18-25,South Asian,12.1,69.2,Rejected
Larry Smith,18-25,South Asian,5.7,75.5,Rejected
Lawrence Adams PhD,36-45,South Asian,6.0,86.0,Accepted
Robert Valencia,46-55,Caucasian,17.5,94.6,Accepted
Tracy Chambers,46-55,Hispanic,18.9,94.6,Accepted
Maria Anderson,36-45,East Asian,1.0,88.9,Accepted
Amber Oconnor,36-45,Hispanic,6.5,81.5,Rejected
Jon Ryan,18-25,East Asian,3.6,79.4,Rejected
Andrew Marshall,56+,Middle Eastern,15.9,83.1,Rejected
James Silva,56+,East Asian,12.8,85.9,Accepted
Pamela Jackson,26-35,Middle Eastern,1.8,92.5,Accepted
Jason Stone,46-55,African American,12.1,80.0,Rejected
Patricia Sparks,26-35,Caucasian,2.7,87.3,Accepted
Sarah Ortiz,18-25,Hispanic,6.0,82.2,Rejected
Brandon Freeman,36-45,Hispanic,15.6,67.7,Rejected
Chelsea Jones,26-35,Hispanic,14.3,87.6,Rejected
Lisa Carter,36-45,Caucasian,19.4,96.8,Accepted
Stacy Thompson,26-35,Middle Eastern,9.9,85.1,Rejected
Terry Garcia,56+,East Asian,4.7,65.6,Rejected
William Medina,36-45,Caucasian,2.0,72.0,Rejected
Mrs. Michelle Neal MD,46-55,South Asian,11.1,85.4,Accepted
Melissa Livingston,46-55,South Asian,2.1,98.3,Accepted
Richard Morgan,36-45,Hispanic,2.3,82.0,Rejected
Steven Barrera,26-35,African American,1.9,85.4,Rejected
Kenneth Anderson,18-25,Caucasian,10.7,95.6,Accepted
Emily Buchanan,56+,Hispanic,7.3,96.7,Accepted
Jeremy Carroll,18-25,Caucasian,2.9,83.0,Accepted
Charlotte Moore,26-35,African American,11.9,93.4,Accepted
Charles Lee,18-25,Caucasian,13.9,95.2,Accepted
Erin Rogers,46-55,Middle Eastern,11.7,95.3,Accepted
Matthew Mcclain,26-35,Caucasian,6.6,77.6,Rejected
Mr. Mark Santos DDS,36-45,Caucasian,16.2,86.3,Accepted
Mrs. Cassandra Mitchell,26-35,East Asian,18.0,83.0,Accepted
Regina Aguilar,18-25,South Asian,5.9,98.2,Accepted
Jessica Williams,36-45,East Asian,10.6,75.9,Rejected
Amber Brown,18-25,Hispanic,5.5,84.3,Rejected
Michael Smith,26-35,African American,9.5,81.8,Rejected
Todd Randall,56+,Middle Eastern,15.6,95.1,Accepted
Joshua Santana,36-45,African American,16.8,65.8,Rejected
Tina Lee,26-35,Middle Eastern,16.6,76.2,Rejected
Michael Martinez,56+,Caucasian,1.2,72.6,Rejected
Ana Smith,36-45,African American,4.6,76.8,Rejected
Andrea Smith,36-45,South Asian,8.4,94.2,Accepted
Christina Leon,36-45,Caucasian,5.7,96.7,Accepted
Robert Taylor,36-45,Middle Eastern,15.5,84.8,Rejected
Vanessa Snyder,56+,Caucasian,14.5,75.1,Rejected
Keith Perez,26-35,East Asian,6.0,96.8,Accepted
Gregory Fisher,56+,African American,13.2,90.5,Rejected
Sarah Jones,26-35,Hispanic,2.3,76.9,Rejected
Ryan Hernandez,56+,South Asian,16.4,74.7,Rejected
Edward Hodges,26-35,African American,13.8,90.2,Accepted
Eric Montes,26-35,South Asian,4.5,90.0,Accepted
Jennifer Jones,46-55,Caucasian,9.7,78.4,Rejected
Christina Anderson,26-35,South Asian,8.9,78.8,Rejected
Anthony Barnett,36-45,East Asian,1.2,89.5,Accepted
Laura Campos,56+,Caucasian,19.0,72.7,Rejected
John Stein,56+,African American,1.9,73.0,Rejected
Randy Stewart,26-35,Hispanic,14.5,80.7,Rejected
Michelle Myers,18-25,Hispanic,9.7,84.3,Rejected
William Scott,56+,South Asian,16.4,97.7,Accepted
Guy Carr,18-25,Hispanic,16.3,94.0,Accepted
Juan Davis,46-55,Middle Eastern,10.7,92.7,Accepted
Kimberly Bean,26-35,Caucasian,12.2,98.9,Accepted
Peter Curtis,18-25,Caucasian,2.1,82.6,Accepted
Tina Hall,36-45,African American,2.0,84.4,Rejected
Elizabeth White DVM,56+,Caucasian,10.7,71.0,Rejected
Jessica Walsh,56+,Middle Eastern,19.9,72.2,Rejected
Anthony Collins,56+,African American,12.9,75.1,Rejected
Mr. Larry Rogers,46-55,Caucasian,12.8,80.4,Rejected
Megan Cortez,26-35,African American,3.8,96.4,Accepted
Daniel Brown,26-35,Caucasian,1.5,82.3,Accepted
Taylor Sims,26-35,East Asian,7.9,89.7,Accepted
Rodney Griffin,26-35,African American,10.0,97.6,Accepted
Linda Williams,36-45,South Asian,16.8,86.3,Accepted
Adam Hardy,56+,Middle Eastern,9.8,84.4,Rejected
Dennis Scott,36-45,South Asian,1.7,98.0,Accepted
Paul Curry,18-25,Middle Eastern,17.9,67.0,Rejected
Mr. Nicholas Clark MD,36-45,South Asian,2.4,77.9,Rejected
Marc Green,18-25,South Asian,13.4,85.5,Accepted
Brian Harris,46-55,East Asian,12.2,76.2,Rejected
Luis Cooper,56+,East Asian,19.8,90.7,Accepted
Michael Gomez,56+,Caucasian,5.5,78.3,Rejected
Ryan Williams,46-55,Middle Eastern,10.0,73.6,Rejected
James Cordova,36-45,African American,14.3,84.8,Rejected
Brian Larson,46-55,Hispanic,10.9,69.3,Rejected
Melinda Thomas,46-55,Middle Eastern,17.1,84.5,Rejected
Brandon Solomon,56+,Hispanic,6.8,78.6,Rejected
Janet Smith,26-35,Caucasian,14.4,92.0,Accepted
Carlos Reed,36-45,South Asian,7.5,77.2,Rejected
Ronnie Skinner,46-55,South Asian,19.3,78.3,Rejected
Timothy Morales,56+,Caucasian,13.7,97.4,Accepted
Erika Fernandez,36-45,East Asian,4.7,78.9,Rejected
Paula Jones,46-55,Middle Eastern,11.3,78.3,Rejected
Thomas Marks,18-25,South Asian,5.6,84.6,Accepted
Charles Moore,26-35,Middle Eastern,19.2,85.2,Rejected
Michael Wilson,56+,East Asian,3.4,88.6,Accepted
James Stanley,36-45,Hispanic,15.6,86.9,Rejected
Glenn Green,26-35,South Asian,7.4,96.3,Accepted
Derek Dyer,36-45,East Asian,5.0,67.0,Rejected
Dwayne Hall,18-25,Caucasian,7.3,97.5,Accepted
April Harris,18-25,South Asian,13.6,83.2,Accepted
Roger Larson,36-45,Hispanic,4.7,85.7,Rejected
Christine Garcia,46-55,African American,1.9,88.2,Rejected
Caitlin Clark,18-25,African American,12.5,89.0,Accepted
Christopher Hunt,18-25,African American,2.8,85.5,Rejected
Taylor Garcia,56+,Caucasian,3.9,94.3,Accepted
Sheryl Sloan,36-45,Hispanic,2.2,69.4,Rejected
Alexis Miller,46-55,Middle Eastern,5.7,73.8,Rejected
Diana Munoz,36-45,African American,18.0,90.0,Accepted
Kimberly Stevenson,56+,East Asian,1.5,87.3,Accepted
Belinda Lee,46-55,East Asian,4.5,98.4,Accepted
Alfred Hernandez,36-45,Hispanic,13.3,68.5,Rejected
Julie Henderson,56+,Caucasian,17.0,84.0,Accepted
Alexis Terry,46-55,African American,19.6,87.2,Rejected
Nicholas Stevens,36-45,Caucasian,18.8,91.4,Accepted
John Owen,26-35,South Asian,14.4,90.1,Accepted
Ashley Cole,56+,Caucasian,18.1,66.0,Rejected
Catherine Williams,46-55,Hispanic,7.6,85.9,Rejected
Julia Moreno,56+,African American,16.8,92.4,Accepted
Mark Sandoval,26-35,Middle Eastern,13.5,67.7,Rejected
Robert Hartman,56+,Middle Eastern,3.8,93.7,Accepted
Carla Martinez,36-45,Caucasian,13.0,88.1,Accepted
William Sanders,56+,Caucasian,13.8,73.5,Rejected
Alexandra Davies,56+,Caucasian,13.9,68.1,Rejected
Peter Carroll,46-55,Middle Eastern,8.1,96.4,Accepted
Elizabeth Shah,56+,Caucasian,18.7,78.6,Rejected
Deborah Jimenez,56+,South Asian,6.4,75.1,Rejected
Brooke Hampton,56+,South Asian,19.0,76.8,Rejected
Amy Wood,36-45,Middle Eastern,9.9,68.8,Rejected
Patricia Roman,26-35,Caucasian,6.8,78.2,Rejected
Jason Hardin,26-35,African American,17.7,90.8,Accepted
Elizabeth Miller,26-35,East Asian,15.6,70.1,Rejected
Emily Johnson,46-55,Caucasian,14.4,74.8,Rejected
Joseph Reynolds,26-35,Caucasian,6.8,76.9,Rejected
Alyssa Shelton,46-55,Hispanic,15.0,89.5,Rejected
Jordan Miller,36-45,Caucasian,18.5,79.0,Rejected
Jordan Dawson,36-45,Caucasian,7.5,86.4,Accepted
Karen Francis,36-45,Caucasian,4.7,81.0,Accepted
Christina May,26-35,East Asian,1.3,99.0,Accepted
James Jackson,46-55,Hispanic,14.9,74.7,Rejected
Timothy Osborne,46-55,Middle Eastern,9.8,69.5,Rejected
Molly Strickland,26-35,African American,10.2,67.9,Rejected
Matthew Salinas,26-35,South Asian,17.6,94.6,Accepted
Courtney Morrow,18-25,South Asian,19.8,93.4,Accepted
Brittney Waters,36-45,African American,6.6,70.7,Rejected
Jason Galloway,56+,Caucasian,2.7,74.3,Rejected
Charles Hoffman,56+,East Asian,4.3,87.7,Accepted
Brooke Church,46-55,East Asian,6.0,68.5,Rejected
Thomas Garcia,36-45,South Asian,15.3,75.3,Rejected
Derek Anderson,18-25,Hispanic,1.8,94.1,Accepted
Christine Jenkins,46-55,Caucasian,14.4,77.0,Rejected
Jasmine Mathews,26-35,Middle Eastern,14.4,96.3,Accepted
Craig Bond,26-35,South Asian,16.4,73.1,Rejected
Debbie Wang,56+,East Asian,8.4,93.2,Accepted
Kristy Garcia,46-55,Caucasian,4.8,77.5,Rejected
Travis Clark,56+,Middle Eastern,2.5,92.8,Accepted
Julia Ellis,46-55,Caucasian,16.8,69.9,Rejected
Tammy Clayton,46-55,South Asian,4.1,66.6,Rejected
Cheryl Sharp,26-35,Hispanic,18.4,83.0,Rejected
Ashley Martinez,36-45,African American,17.8,74.2,Rejected
Susan Taylor,18-25,Caucasian,2.6,73.9,Rejected
Gary Mata,46-55,African American,14.8,75.3,Rejected
Sandra Fuller,56+,Hispanic,12.2,90.2,Rejected
Kathy Allison,26-35,Hispanic,6.9,85.4,Rejected
Ryan Garcia,46-55,South Asian,2.0,92.2,Accepted
Joseph Glover,56+,Middle Eastern,5.0,94.7,Accepted
Christopher Hernandez,26-35,East Asian,10.5,83.1,Accepted
Michelle Dominguez,26-35,African American,11.5,85.0,Rejected
Collin Brown,56+,Hispanic,19.4,81.4,Rejected
Matthew Cruz,46-55,Middle Eastern,6.9,90.2,Rejected
Keith Velasquez,18-25,Hispanic,12.7,85.7,Rejected
Jordan Jones,36-45,Hispanic,5.4,89.7,Accepted
Abigail Wilson,26-35,Middle Eastern,15.0,74.6,Rejected
William Brown,56+,East Asian,16.6,88.7,Accepted
Desiree Morales,56+,Middle Eastern,11.0,69.8,Rejected
Patricia Brady,18-25,East Asian,18.5,69.7,Rejected
Sandra Lyons MD,18-25,South Asian,3.2,72.3,Rejected
Phyllis Russell,18-25,Middle Eastern,10.7,70.7,Rejected
Danielle Henry,26-35,African American,19.3,81.6,Rejected
Tonya Livingston,26-35,South Asian,1.4,91.8,Accepted
Paul Gentry,46-55,South Asian,16.1,77.1,Rejected
Ashley Robertson,26-35,African American,17.0,84.7,Rejected
Taylor Mclean,18-25,Caucasian,11.4,85.3,Accepted
Rachel Myers,46-55,South Asian,13.4,83.0,Accepted
Heather Harrison,26-35,Caucasian,2.3,83.6,Accepted
Daniel Stuart,36-45,South Asian,16.0,67.2,Rejected
Haley Simon,18-25,Hispanic,3.6,92.2,Accepted
Austin Johnson,36-45,East Asian,11.3,84.2,Accepted
Karen Wade,56+,Caucasian,18.1,79.5,Rejected
Tamara Brown,18-25,Middle Eastern,6.5,91.7,Accepted
Heather Holland,18-25,East Asian,3.5,81.5,Accepted
Joseph Mendez,36-45,African American,2.2,74.5,Rejected
Kyle Gilbert,46-55,Caucasian,16.8,86.8,Accepted
Alicia Moore,56+,East Asian,17.2,71.0,Rejected
Denise David,26-35,Middle Eastern,14.4,84.5,Rejected
Franklin Dillon,26-35,Hispanic,12.5,87.8,Rejected
Lisa Walter,36-45,Middle Eastern,19.5,73.9,Rejected
Thomas Austin,56+,Hispanic,7.7,73.4,Rejected
James Murphy,36-45,African American,12.1,93.3,Accepted
Susan Brown,18-25,East Asian,16.2,76.2,Rejected
Joann Rodriguez,36-45,East Asian,6.0,90.9,Accepted
Benjamin Rowe,46-55,Caucasian,13.2,87.6,Accepted
Jonathan Stephenson,18-25,Hispanic,18.8,91.5,Accepted
Jennifer Patel,36-45,Hispanic,14.7,79.4,Rejected
Darlene Freeman,18-25,African American,18.8,66.0,Rejected
Shawna Jones,36-45,East Asian,19.1,77.9,Rejected
Alexis Richards,26-35,East Asian,17.7,81.0,Accepted
Joshua Brown,56+,Caucasian,8.2,79.8,Rejected
Amanda Nelson,46-55,Middle Eastern,3.6,89.9,Rejected
Gina Bailey,56+,Middle Eastern,12.4,66.6,Rejected
Paul Robertson,46-55,East Asian,13.5,79.7,Rejected
Dr. Tiffany Chambers DDS,46-55,South Asian,1.9,67.8,Rejected
Mark Vargas DDS,46-55,Middle Eastern,11.3,93.6,Accepted
Heidi Lawson,18-25,East Asian,7.4,91.1,Accepted
Michele Hammond,36-45,African American,14.2,95.1,Accepted
Sharon Noble,18-25,East Asian,2.9,88.1,Accepted
Brittany Mcdaniel,56+,African American,19.2,86.1,Rejected
John Lang,46-55,East Asian,16.5,91.2,Accepted
Jeffrey Anderson,26-35,Caucasian,9.3,96.1,Accepted
Diana Jacobs,18-25,Caucasian,15.7,92.6,Accepted
Andrea Schultz,56+,East Asian,17.8,92.0,Accepted
Roger Knox,18-25,Middle Eastern,5.0,70.3,Rejected
Jason Williams,26-35,African American,17.5,65.4,Rejected
James Alvarez,46-55,Middle Eastern,1.6,89.8,Rejected
Daniel Ward,56+,South Asian,5.0,96.8,Accepted
Brandi Woods,46-55,Caucasian,16.6,91.5,Accepted
Melissa Meadows,46-55,East Asian,14.6,88.6,Accepted
Melinda Grimes,26-35,South Asian,9.2,80.5,Accepted
Mary Sanchez,36-45,Hispanic,4.4,75.3,Rejected
Tonya Stanley,36-45,East Asian,1.1,95.1,Accepted
Andrew Ortega,18-25,South Asian,17.0,82.4,Accepted
Geoffrey Owens,46-55,East Asian,19.2,67.8,Rejected
Martha Colon,56+,South Asian,13.8,65.3,Rejected
Jeffrey Berg,46-55,South Asian,19.0,80.9,Rejected
Teresa Werner,36-45,African American,10.4,67.0,Rejected
Kim Graham,56+,Caucasian,9.7,77.6,Rejected
Seth Shah,36-45,Middle Eastern,18.8,66.3,Rejected
Annette Martinez,18-25,Middle Eastern,15.0,76.7,Rejected
Kelli Collins,56+,Middle Eastern,5.6,74.5,Rejected
Victoria Ramirez,46-55,Middle Eastern,1.1,90.3,Rejected
Kevin Brown,26-35,African American,15.3,73.8,Rejected
Robert Escobar,18-25,Caucasian,5.7,75.7,Rejected
Juan Brooks,26-35,Middle Eastern,16.2,65.4,Rejected
Ruth Contreras,26-35,African American,1.6,77.6,Rejected
Lauren Phelps,56+,Hispanic,7.9,66.7,Rejected
Katherine White,18-25,Caucasian,14.6,99.0,Accepted
Nicole White,18-25,East Asian,6.9,77.7,Rejected
Jill Bray,56+,Middle Eastern,12.5,81.2,Rejected
Christy Cabrera,26-35,Middle Eastern,17.1,65.2,Rejected
Randy Leonard,36-45,East Asian,4.8,66.2,Rejected
Craig Edwards,18-25,East Asian,2.9,68.4,Rejected
Courtney Wilson,26-35,South Asian,14.0,87.0,Accepted
Robert Ho,18-25,East Asian,12.8,83.3,Accepted
Stephanie Horton,18-25,Middle Eastern,3.6,86.4,Rejected
Johnny Harrell,26-35,Hispanic,2.8,78.2,Rejected
Jennifer Kelly,46-55,Middle Eastern,13.2,85.0,Rejected
Robin Young,26-35,East Asian,3.3,88.7,Accepted
Stephanie Hernandez,36-45,African American,10.0,98.4,Accepted
Michael Johnson,18-25,Caucasian,6.6,95.2,Accepted
John Bennett,18-25,Middle Eastern,18.8,90.0,Accepted
Mr. Dylan White,56+,Middle Eastern,3.5,78.5,Rejected
Kristi Smith,26-35,East Asian,8.6,79.6,Rejected
Phillip Adams,18-25,South Asian,10.7,94.4,Accepted
Marcus Gray,46-55,East Asian,16.3,73.9,Rejected
David Edwards,46-55,Middle Eastern,3.4,78.8,Rejected
Shawn Walker,26-35,African American,19.5,80.5,Rejected
David Carroll,46-55,Caucasian,3.1,77.4,Rejected
Denise Bennett,26-35,Hispanic,18.2,80.5,Rejected
Tracy George,46-55,East Asian,1.8,94.5,Accepted
Jonathan Miller,56+,East Asian,19.6,76.7,Rejected
Alyssa Wright,36-45,Middle Eastern,5.6,87.1,Rejected
Travis Bradford,18-25,Middle Eastern,18.4,76.5,Rejected
Sandra Mason,46-55,Caucasian,16.4,75.6,Rejected
David Mercado,26-35,African American,14.3,65.5,Rejected
Harold Smith,18-25,Hispanic,7.5,98.1,Accepted
Brandy Washington,36-45,African American,19.5,78.9,Rejected
Shelly Jones,26-35,African American,12.8,65.3,Rejected
Chad Martinez,46-55,African American,17.4,93.9,Accepted
Jennifer Owens,18-25,African American,18.9,72.7,Rejected
Susan Herrera,26-35,Hispanic,10.9,65.9,Rejected
John Cox,18-25,Hispanic,2.1,81.4,Rejected
Patricia Underwood DVM,18-25,African American,9.3,73.4,Rejected
Carl Scott,56+,East Asian,2.8,73.5,Rejected
Ronnie Jackson,18-25,East Asian,3.1,68.2,Rejected
Kristopher Foster,18-25,Hispanic,18.2,85.4,Rejected
Joanna Herrera,26-35,African American,4.9,89.4,Accepted
Miss Kathryn Nicholson,26-35,South Asian,5.8,73.0,Rejected
William Sullivan,46-55,African American,16.6,76.7,Rejected
Sandy Baker,26-35,Middle Eastern,13.4,98.6,Accepted
Michael Beck,36-45,South Asian,14.6,82.1,Accepted
Tonya Smith,26-35,Hispanic,1.0,78.8,Rejected
Alyssa Walker,36-45,East Asian,14.0,82.0,Accepted
Catherine Smith,36-45,Hispanic,15.6,97.5,Accepted
Stephen Carson,46-55,African American,16.3,70.0,Rejected
Dale Martin,26-35,East Asian,11.1,80.8,Accepted
Jeffrey Miller,18-25,East Asian,13.5,67.6,Rejected
Michele Walters,26-35,Middle Eastern,12.9,93.2,Accepted
Danielle Lawson,36-45,Middle Eastern,1.8,85.9,Rejected
Edward Moore,36-45,Hispanic,3.1,72.9,Rejected
Regina Stewart,26-35,Middle Eastern,11.6,95.7,Accepted
Janet Barrett,26-35,Hispanic,6.0,90.8,Accepted
Amanda Petersen,18-25,Caucasian,19.6,65.1,Rejected
Lindsay Adams,26-35,Hispanic,15.8,78.9,Rejected
Ian Mccullough,18-25,Hispanic,2.5,91.9,Accepted
Terri Parsons,56+,East Asian,5.9,69.8,Rejected
Susan Carter,18-25,Hispanic,14.1,94.0,Accepted
Amanda Henderson,36-45,Caucasian,7.8,98.3,Accepted
Richard Fields,46-55,Middle Eastern,11.8,73.6,Rejected
Kelly Bennett,56+,Caucasian,2.3,76.8,Rejected
Jackie Turner,26-35,Caucasian,6.8,94.9,Accepted
Juan Carter,18-25,Caucasian,9.8,87.3,Accepted
Matthew Evans,46-55,East Asian,9.6,65.6,Rejected
Jasmine Powell,26-35,African American,7.2,95.5,Accepted
Emily Allen,18-25,South Asian,11.0,75.6,Rejected
Andrew Gardner,26-35,Caucasian,15.3,81.0,Accepted
Sherry Rich,36-45,Middle Eastern,1.3,98.6,Accepted
Rebecca Burton,26-35,Middle Eastern,17.3,73.5,Rejected
Bradley Stout,18-25,South Asian,10.9,89.6,Accepted
Jason Powers,56+,Middle Eastern,10.8,75.6,Rejected
Jillian Werner,26-35,Caucasian,11.3,75.1,Rejected
Brittany Peterson,56+,South Asian,3.8,66.4,Rejected
Douglas Hill,18-25,East Asian,4.5,85.5,Accepted
Stephen Floyd,36-45,Caucasian,8.4,83.4,Accepted
Heather Dickerson,36-45,Middle Eastern,19.9,66.7,Rejected
Veronica Dillon,46-55,Hispanic,10.3,90.3,Rejected
Regina Simmons,56+,East Asian,2.5,73.0,Rejected
Tammy Reese,36-45,Middle Eastern,15.3,68.6,Rejected
Kenneth Cochran,26-35,Caucasian,3.1,79.8,Rejected
Ruth Travis,46-55,African American,16.3,93.0,Accepted
Trevor Mccoy,46-55,East Asian,9.9,89.2,Accepted
Taylor Norman,36-45,Caucasian,7.7,69.3,Rejected
Melissa Reynolds,36-45,African American,6.4,92.9,Accepted
John Martinez,18-25,South Asian,5.7,95.8,Accepted
Jamie Thomas,46-55,Middle Eastern,5.8,97.8,Accepted
Kari Hudson,46-55,Middle Eastern,2.0,86.0,Rejected
Desiree Chambers MD,36-45,East Asian,15.4,81.9,Accepted
Patricia Nixon,56+,South Asian,5.8,89.0,Accepted
Michael Fuller,26-35,Hispanic,11.8,98.5,Accepted
Sydney Garcia,26-35,Middle Eastern,18.4,98.2,Accepted
Kevin Moore,18-25,Hispanic,7.4,98.1,Accepted
Bernard Mckenzie,26-35,African American,16.8,70.5,Rejected
Elizabeth Richards,56+,Middle Eastern,7.8,86.7,Rejected
Tony Robinson,36-45,Middle Eastern,19.3,79.2,Rejected
Crystal Garcia,18-25,Middle Eastern,7.2,70.8,Rejected
Michael Rivera,56+,East Asian,12.1,86.9,Accepted
Brian Stewart,56+,African American,18.3,97.0,Accepted
Jeffrey Salazar,26-35,Caucasian,15.0,85.3,Accepted
Jeremy Jones,56+,South Asian,9.2,89.9,Accepted
Chris Taylor,56+,Middle Eastern,5.5,73.9,Rejected
Selena Martinez,56+,African American,16.1,94.6,Accepted
Michelle Cervantes,26-35,Caucasian,3.3,84.0,Accepted
Zachary Sharp,18-25,African American,6.0,66.0,Rejected
Douglas Morrow,36-45,African American,14.2,92.3,Accepted
Angela Warren,56+,South Asian,19.4,71.3,Rejected
Roy Bennett,36-45,Caucasian,12.8,65.8,Rejected
Sean Sherman,18-25,African American,13.3,83.2,Rejected
Timothy Herman,36-45,East Asian,13.9,80.1,Accepted
Madison Solomon,46-55,East Asian,2.3,96.5,Accepted
Eric Mendoza,46-55,Caucasian,9.4,91.7,Accepted
Judy Brown,56+,Hispanic,11.6,76.4,Rejected
Bonnie Brady,36-45,Hispanic,3.9,92.1,Accepted
Aaron Wilson,26-35,South Asian,3.6,66.9,Rejected
Howard Rangel,46-55,African American,1.4,72.6,Rejected
Jeff Conner,36-45,East Asian,17.8,65.3,Rejected
Donald Nelson,56+,Hispanic,6.2,71.7,Rejected
Brooke Davis,26-35,African American,10.5,75.8,Rejected
Amanda Wheeler,36-45,Hispanic,12.5,79.5,Rejected
Jeremy Hunt,26-35,East Asian,14.5,70.6,Rejected
Nathan Lopez,18-25,Hispanic,9.9,86.4,Rejected
Kenneth Johnson,18-25,Caucasian,19.2,92.3,Accepted
Lori Owen,56+,South Asian,15.9,65.2,Rejected
Francis Robinson,26-35,South Asian,14.4,98.7,Accepted
Susan Clark,46-55,East Asian,10.7,76.8,Rejected
James Evans,46-55,South Asian,1.1,82.0,Rejected
Lynn Garcia,18-25,East Asian,6.6,92.2,Accepted
Jeremiah Hernandez,36-45,Hispanic,18.5,88.6,Accepted
Janet Bender,26-35,East Asian,1.7,70.9,Rejected
Tammy Kerr,18-25,African American,2.7,70.0,Rejected
Tony Stanley,18-25,East Asian,5.2,93.5,Accepted
Cameron Myers,46-55,South Asian,20.0,98.2,Accepted
Jason Farley,26-35,East Asian,3.6,89.9,Accepted
Meredith Davis,46-55,Hispanic,12.6,97.7,Accepted
Teresa Garcia,46-55,Middle Eastern,7.1,89.2,Rejected
John Riley,36-45,East Asian,14.5,78.3,Rejected
Brett Velazquez,46-55,African American,3.5,82.5,Rejected
James Lindsey,26-35,East Asian,15.4,91.5,Accepted
Ruth Espinoza,56+,South Asian,14.4,92.2,Accepted
Marissa Ortiz,26-35,African American,12.1,95.1,Accepted
Jacob Webb,56+,Hispanic,3.7,85.7,Rejected
Robert Evans,36-45,Middle Eastern,13.3,96.0,Accepted
Alexander Krause,18-25,African American,4.5,79.4,Rejected
Samantha Harrington,26-35,South Asian,8.3,72.8,Rejected
Trevor Parker,26-35,South Asian,14.7,80.9,Accepted
Terry Williams,36-45,Middle Eastern,3.5,91.3,Accepted
Dr. Sarah Thomas,26-35,Middle Eastern,16.4,97.6,Accepted
Angie Walker,18-25,Hispanic,14.4,98.1,Accepted
Robert Anderson,56+,South Asian,9.7,81.5,Rejected
Amy Stuart,18-25,African American,6.1,96.1,Accepted
Rebekah Morales,18-25,East Asian,12.5,86.1,Accepted
Veronica Berry,46-55,South Asian,8.2,88.8,Accepted
Ricardo Wright,36-45,Caucasian,17.1,77.9,Rejected
Ryan Jimenez,56+,Caucasian,12.0,68.1,Rejected
Paul Pace,56+,Caucasian,5.1,74.4,Rejected
Daniel Smith,26-35,Hispanic,1.5,75.3,Rejected
Rebecca Velasquez,36-45,Hispanic,15.2,66.6,Rejected
Stephanie Wood,36-45,African American,8.6,69.6,Rejected
Sandra Davis,26-35,Caucasian,15.7,78.9,Rejected
Duane Powell,36-45,Hispanic,3.7,67.8,Rejected
Rachel Rodriguez,46-55,South Asian,6.9,90.3,Accepted
Kyle Landry,56+,African American,2.1,87.3,Rejected
Danielle Franklin,26-35,Hispanic,14.7,76.6,Rejected
Mark Stephens,56+,East Asian,6.4,68.7,Rejected
Dr. Jeffrey Mckenzie,46-55,Caucasian,11.6,92.8,Accepted
Jacqueline Green,46-55,Middle Eastern,14.3,94.8,Accepted
Jill Lee,26-35,Middle Eastern,15.0,71.0,Rejected
Megan Ware,26-35,Hispanic,13.7,65.4,Rejected
Penny Harris,36-45,African American,7.9,82.1,Rejected
Erik Roberson,18-25,Caucasian,11.6,78.4,Rejected
Derek Mathis,18-25,South Asian,14.7,93.9,Accepted
Nicholas Phillips,26-35,Caucasian,17.2,87.7,Accepted
Victoria Campbell,26-35,Middle Eastern,6.2,74.4,Rejected
Christopher Branch,46-55,South Asian,11.2,80.3,Rejected
Debra Lane,46-55,South Asian,8.5,82.0,Rejected
Eric Mayer,18-25,African American,5.4,81.1,Rejected
Joseph York,26-35,African American,13.9,83.4,Rejected
Katie Jensen,18-25,African American,19.0,94.7,Accepted
Amy Coffey,36-45,African American,6.4,72.5,Rejected
Daniel Gray,18-25,Caucasian,18.9,75.1,Rejected
Matthew Wilson,56+,Caucasian,1.1,72.1,Rejected
Zachary Oneal,18-25,Middle Eastern,5.4,78.3,Rejected
Rodney Sexton,46-55,Hispanic,3.8,82.4,Rejected
Kendra Gonzalez,46-55,Middle Eastern,5.8,90.6,Rejected
Melinda Sims,26-35,Caucasian,9.6,80.8,Accepted
Sean Peterson,46-55,South Asian,11.5,82.4,Rejected
Laura Smith,56+,Middle Eastern,3.0,76.6,Rejected
Chad Ortega,18-25,Caucasian,3.4,77.9,Rejected
Michael Brown,18-25,Middle Eastern,18.6,67.5,Rejected
Cristian Walters,56+,African American,10.9,67.9,Rejected
Kenneth Campbell,56+,Middle Eastern,9.2,91.5,Accepted
Maurice Jackson,18-25,Caucasian,15.4,98.6,Accepted
Edward Hale,36-45,African American,13.2,80.1,Rejected
Chad White,18-25,East Asian,12.6,96.9,Accepted
Lance Hardy,46-55,Caucasian,4.9,66.5,Rejected
Richard Morse,26-35,East Asian,17.8,75.1,Rejected
Brittany Morris,46-55,Caucasian,10.4,94.5,Accepted
Eric Woods,18-25,Hispanic,17.8,98.8,Accepted
Vincent Stewart,26-35,Hispanic,18.0,78.3,Rejected
Denise Farmer,56+,Middle Eastern,5.9,90.0,Rejected
David Conley,36-45,South Asian,8.3,76.5,Rejected
Tammy Rasmussen,36-45,Hispanic,11.2,77.2,Rejected
John Robinson,46-55,East Asian,15.6,73.8,Rejected
Mr. Edward Hebert,36-45,South Asian,5.3,68.1,Rejected
Robert Webb,26-35,Caucasian,15.9,85.2,Accepted
Jonathan Turner,46-55,Middle Eastern,6.3,98.1,Accepted
Carlos Curry,36-45,South Asian,1.3,69.8,Rejected
Tracy Contreras,46-55,East Asian,18.1,96.4,Accepted
Eric Hopkins,26-35,Hispanic,17.1,92.8,Accepted
Sabrina Grant,36-45,East Asian,14.0,95.9,Accepted
April Baker,56+,East Asian,19.2,93.4,Accepted
Amanda Medina,46-55,Caucasian,9.0,97.2,Accepted
Tiffany Payne,56+,South Asian,10.1,87.6,Accepted
Cindy Allen,36-45,Middle Eastern,13.6,68.5,Rejected
Robert Anderson,18-25,Hispanic,5.4,94.1,Accepted
Todd Kennedy,18-25,African American,10.6,97.5,Accepted
Eric Acosta,46-55,African American,3.6,77.4,Rejected
Jessica Wolf,56+,Middle Eastern,6.4,89.2,Rejected
Victoria Moore,18-25,Caucasian,14.8,68.6,Rejected
Carol Donovan,56+,East Asian,15.2,94.3,Accepted
Sarah Kent,18-25,South Asian,12.9,83.1,Accepted
Patrick Carr,26-35,South Asian,13.9,86.7,Accepted
Janet Anderson,26-35,Hispanic,16.6,88.1,Accepted
Joseph Carter,46-55,South Asian,5.1,86.9,Accepted
David Robertson,18-25,East Asian,19.4,65.9,Rejected
Elizabeth Flores,36-45,Hispanic,1.4,79.7,Rejected
Laura Green,36-45,Caucasian,1.6,77.6,Rejected
Timothy Webster,18-25,Hispanic,7.0,68.5,Rejected
Kelly David,18-25,Hispanic,2.4,86.6,Rejected
Mark Hoffman,18-25,East Asian,15.3,74.1,Rejected
John Howard,18-25,Hispanic,14.3,80.7,Rejected
Daniel Nelson,18-25,Middle Eastern,19.7,78.7,Rejected
Latasha Beltran,46-55,East Asian,8.6,81.9,Rejected
Bradley Woods Jr.,18-25,Caucasian,2.2,89.6,Accepted
Todd Ryan,36-45,South Asian,12.5,94.2,Accepted
Amy Wells,56+,South Asian,11.9,90.4,Accepted
Jennifer Rodriguez,56+,Middle Eastern,16.0,98.9,Accepted
Shannon Randolph,46-55,Hispanic,8.5,86.1,Rejected
Jessica Martinez,56+,East Asian,17.9,79.4,Rejected
Cindy Moore PhD,36-45,East Asian,4.5,73.0,Rejected
Megan Simpson,56+,Caucasian,11.0,86.0,Accepted
Michael Cochran,18-25,Caucasian,16.9,70.7,Rejected
Allison Rollins,18-25,Caucasian,13.5,94.1,Accepted
Mary Huber,36-45,South Asian,5.6,71.3,Rejected
Bradley Costa,26-35,Middle Eastern,2.9,96.8,Accepted
Nicole Davis,56+,Hispanic,5.1,90.3,Rejected
Alex Holland,46-55,Caucasian,4.7,92.4,Accepted
Michael Estrada,56+,Hispanic,12.7,82.4,Rejected
Michael Short,46-55,South Asian,19.8,87.3,Accepted
Joshua Sanchez,36-45,Hispanic,10.5,70.2,Rejected
Frank Barber,18-25,Hispanic,2.8,89.6,Accepted
Paul Lane,26-35,African American,1.5,86.1,Rejected
Joseph Mitchell,46-55,Middle Eastern,13.9,92.7,Accepted
Juan Vargas,36-45,Caucasian,18.8,88.1,Accepted
Melissa Nelson,18-25,Middle Eastern,5.3,88.9,Accepted
Kelly Griffin,46-55,Caucasian,14.6,66.3,Rejected
Mrs. Brianna Paul DVM,18-25,Caucasian,5.0,98.0,Accepted
Nicole Mullins,56+,East Asian,13.0,70.5,Rejected
Elizabeth Shields,56+,East Asian,8.8,81.8,Rejected
Michael Wall,46-55,East Asian,9.9,65.7,Rejected
Connie Norris,26-35,African American,5.1,69.3,Rejected
Anna Nielsen,56+,East Asian,12.6,65.7,Rejected
Rachel Oliver,46-55,Middle Eastern,14.8,81.7,Rejected
Robert Romero,36-45,Hispanic,15.3,98.1,Accepted
Linda Richards,36-45,Hispanic,1.6,86.1,Rejected
Valerie Evans,18-25,Middle Eastern,18.4,88.7,Accepted
Wesley Padilla,46-55,Middle Eastern,19.2,91.7,Accepted
Richard Simpson,18-25,East Asian,7.9,81.3,Accepted
Veronica Pham,56+,Hispanic,5.8,67.6,Rejected
Madison Banks,18-25,Hispanic,9.5,70.1,Rejected
Linda King,36-45,Caucasian,8.8,79.2,Rejected
Heather Alvarez,26-35,African American,10.1,85.2,Rejected
Alex Ross,36-45,Caucasian,3.7,70.8,Rejected
Nathan Jones,46-55,Hispanic,5.9,80.7,Rejected
Chelsea Strickland,18-25,African American,3.6,88.2,Accepted
John Armstrong,26-35,East Asian,11.5,67.3,Rejected
Brian Bailey,26-35,African American,1.5,91.4,Accepted
Lindsey Solis,36-45,East Asian,14.6,86.7,Accepted
Patrick King,46-55,South Asian,3.8,71.9,Rejected
Lisa Miranda MD,56+,Hispanic,15.4,96.7,Accepted
Scott Yu,56+,African American,14.2,82.0,Rejected
Mario Stark,46-55,South Asian,4.5,86.8,Accepted
Joseph Williams,56+,South Asian,17.0,92.6,Accepted
Cory Holmes,46-55,East Asian,12.0,75.8,Rejected
Jason Tyler MD,26-35,Hispanic,19.5,75.2,Rejected
Kimberly Foley,56+,Middle Eastern,2.9,94.3,Accepted
Laura Petersen,56+,African American,5.6,81.7,Rejected
Penny Mills,18-25,African American,11.0,76.9,Rejected
Tiffany Mendez,56+,African American,16.9,87.6,Rejected
Kevin Beard,26-35,Hispanic,6.3,80.8,Rejected
Jay Sullivan,46-55,Middle Eastern,16.3,75.5,Rejected
Shelby Smith,18-25,Middle Eastern,5.1,97.3,Accepted
Rebekah Stephens,56+,South Asian,1.7,71.6,Rejected
Justin Hernandez,56+,South Asian,4.3,83.8,Accepted
Katelyn Hansen,46-55,Hispanic,19.4,75.8,Rejected
Francisco Galloway,36-45,Caucasian,16.0,91.0,Accepted
Maria Ponce,18-25,South Asian,2.0,70.1,Rejected
Katherine Taylor,56+,South Asian,19.4,69.7,Rejected
Jade Stout,26-35,East Asian,4.2,83.3,Accepted
Tony Proctor,18-25,Caucasian,13.6,93.4,Accepted
Margaret Dougherty,56+,South Asian,12.0,91.9,Accepted
Amanda Bray,46-55,African American,17.2,92.0,Accepted
Sabrina Lambert,56+,Hispanic,6.0,98.8,Accepted
Jesse Lewis,26-35,African American,4.5,96.5,Accepted
Emily Fisher,46-55,Middle Eastern,13.9,79.8,Rejected
Michael Parker,46-55,Middle Eastern,8.2,91.3,Accepted
Mark Hanson,26-35,Middle Eastern,7.5,73.1,Rejected
Michael Lynch,26-35,East Asian,18.9,88.0,Accepted
Ryan Valenzuela,36-45,Hispanic,11.1,81.5,Rejected
Tina Ramirez,46-55,Middle Eastern,3.7,92.4,Accepted
Sarah Love,36-45,Caucasian,17.7,87.1,Accepted
Mark White,46-55,Hispanic,12.5,96.9,Accepted
Charles Harris,36-45,African American,2.4,98.7,Accepted
Maria George,56+,Caucasian,4.9,72.2,Rejected
Gloria King,18-25,East Asian,4.8,86.7,Accepted
Michael Cooper,26-35,African American,12.1,71.5,Rejected
Rachel Obrien,46-55,East Asian,9.9,73.6,Rejected
William Cameron,18-25,Caucasian,14.3,67.9,Rejected
Michelle Lane,26-35,African American,2.5,74.1,Rejected
Douglas Chapman,18-25,South Asian,18.7,78.0,Rejected
Teresa Montes,46-55,Caucasian,13.3,79.6,Rejected
Stephanie Harris,18-25,Caucasian,5.9,97.1,Accepted
Mark Warren,36-45,South Asian,4.2,94.7,Accepted
Sheena Norman,36-45,Hispanic,7.7,76.4,Rejected
Nicholas Johnson,56+,Hispanic,11.7,66.8,Rejected
Brittany Rice,36-45,Hispanic,17.5,92.9,Accepted
Anthony Duncan,46-55,African American,17.1,66.9,Rejected
Derrick Jackson,26-35,South Asian,17.6,76.9,Rejected
Jason Gonzalez,26-35,East Asian,6.5,69.7,Rejected
Timothy Johnson,26-35,East Asian,6.1,87.7,Accepted
Kevin Scott,36-45,Middle Eastern,17.9,97.3,Accepted
Anthony Kemp,26-35,Middle Eastern,15.6,82.6,Rejected
Rachel Callahan,18-25,Caucasian,17.3,84.3,Accepted
Kaitlyn Meza,26-35,Middle Eastern,12.9,75.9,Rejected
Denise Williams,18-25,Hispanic,18.1,67.6,Rejected
Holly Garcia,18-25,African American,2.6,87.7,Rejected
Lisa Reid,56+,Caucasian,4.7,94.4,Accepted
Jill Stafford,18-25,African American,3.4,91.0,Accepted
Willie Blankenship,18-25,Middle Eastern,1.2,84.3,Rejected
Angela Wheeler,36-45,South Asian,9.7,82.6,Accepted
David Barrett,56+,Middle Eastern,19.3,94.3,Accepted
Nicholas Harris,36-45,Hispanic,7.9,87.8,Rejected
Melissa Huffman,46-55,African American,9.2,86.0,Rejected
Sarah Stephens,26-35,South Asian,9.5,90.8,Accepted
Joshua Mcpherson,18-25,East Asian,13.7,97.7,Accepted
Jacob Hoover,26-35,African American,4.2,71.3,Rejected
Valerie Brown,36-45,Hispanic,1.3,75.4,Rejected
John Ochoa,26-35,South Asian,5.0,82.2,Accepted
Daniel Bartlett,36-45,Caucasian,16.8,67.9,Rejected
Mike Clay,46-55,Hispanic,7.3,65.1,Rejected
Seth Diaz,18-25,Hispanic,6.7,96.3,Accepted
Francisco Miller,46-55,South Asian,10.0,66.1,Rejected
Jaime Gallegos,46-55,East Asian,2.2,73.4,Rejected
Brittney Nelson,18-25,Caucasian,7.8,88.1,Accepted
Nathan Garcia,18-25,African American,13.5,66.0,Rejected
Joseph Beasley,18-25,South Asian,7.8,97.3,Accepted
Stephanie Duffy,26-35,East Asian,3.7,87.2,Accepted
Brian Bell,56+,Hispanic,6.1,75.5,Rejected
Joshua Phillips,56+,Middle Eastern,14.0,69.8,Rejected
Donald Pierce,56+,East Asian,3.4,76.7,Rejected
Carol Williams,56+,Caucasian,15.3,84.3,Accepted
Mitchell Smith,18-25,East Asian,10.3,70.7,Rejected
Angelica Davis,46-55,Caucasian,15.8,80.3,Rejected
Jessica Peters,46-55,South Asian,2.9,83.1,Accepted
Katherine Romero,26-35,Middle Eastern,15.3,85.0,Rejected
Cameron Long,56+,East Asian,19.5,86.1,Accepted
Kyle Brown,56+,South Asian,13.6,66.9,Rejected
Jocelyn Collins,26-35,Hispanic,19.9,87.3,Rejected
Danielle Williams,36-45,Caucasian,18.9,92.2,Accepted
Veronica Phillips,46-55,South Asian,2.4,98.5,Accepted
Alex Sosa,46-55,Hispanic,10.3,78.9,Rejected
Tamara Brewer,46-55,Hispanic,14.8,76.8,Rejected
Luke Smith,36-45,Caucasian,8.1,90.5,Accepted
Kenneth Berry,26-35,East Asian,17.8,93.6,Accepted
Thomas Smith,18-25,South Asian,6.5,89.3,Accepted
David Grant,26-35,East Asian,14.3,65.8,Rejected
Melinda Roberts,36-45,South Asian,8.5,77.4,Rejected
Ann Smith,18-25,Caucasian,18.7,98.7,Accepted
Richard Young,46-55,Hispanic,3.9,83.3,Rejected
Yolanda Robbins,26-35,Hispanic,18.2,79.5,Rejected
Melissa Love,26-35,Caucasian,16.3,92.2,Accepted
Michael Camacho,36-45,East Asian,8.3,77.9,Rejected
Amy Williams,56+,African American,2.1,70.8,Rejected
Lynn Bennett,18-25,Caucasian,19.4,86.0,Accepted
Michael Mcintosh,26-35,Middle Eastern,8.1,74.0,Rejected
Hayden Willis,26-35,East Asian,1.9,80.5,Accepted
Ronald Estes,26-35,South Asian,1.9,75.0,Rejected
Timothy Sharp,36-45,East Asian,7.6,83.8,Accepted
Mary Collins,26-35,African American,19.8,69.4,Rejected
Michael King,36-45,East Asian,12.9,95.0,Accepted
Alex Davis,18-25,Caucasian,2.5,91.7,Accepted
Denise Lewis,56+,Middle Eastern,14.1,92.6,Accepted
Debra Butler,46-55,South Asian,14.4,83.9,Accepted
Susan Mcclain,56+,African American,19.2,76.2,Rejected
Tiffany Ho,46-55,African American,19.6,71.6,Rejected
Susan Gomez,46-55,Caucasian,14.5,97.0,Accepted
James Swanson,18-25,Caucasian,15.0,72.6,Rejected
Stephanie Clark,46-55,South Asian,1.8,94.1,Accepted
Larry Martinez,26-35,South Asian,13.5,81.7,Accepted
Erin Collier,56+,Middle Eastern,1.2,90.6,Rejected
Gary Saunders,26-35,Middle Eastern,16.2,78.2,Rejected
Joseph Day DDS,36-45,African American,2.1,79.6,Rejected
Carrie Garrison,18-25,Caucasian,5.6,79.2,Rejected
Eric Brown,46-55,South Asian,1.6,71.3,Rejected
Gina Roman,18-25,Caucasian,11.8,96.8,Accepted
Robin Rodriguez,56+,Hispanic,10.2,97.9,Accepted
Jason Oconnor,56+,Middle Eastern,1.9,80.3,Rejected
Melissa Smith,36-45,East Asian,11.6,91.1,Accepted
Jeffrey Smith,46-55,Caucasian,18.0,78.0,Rejected
Tracy Clark,56+,South Asian,19.8,83.0,Accepted
Stephen Lopez,26-35,Hispanic,19.0,70.2,Rejected
Laura Matthews,26-35,Caucasian,20.0,69.3,Rejected
Monique Ortiz,46-55,African American,16.4,95.4,Accepted
Brandi Adams,36-45,Hispanic,11.9,89.6,Accepted
Steve Sanchez,46-55,Hispanic,15.7,65.8,Rejected
Sherri Green,46-55,Caucasian,16.1,68.3,Rejected
Courtney Robles DDS,46-55,Caucasian,2.2,92.1,Accepted
Susan Fowler,56+,African American,15.4,92.2,Accepted
Jennifer Torres,56+,Caucasian,1.3,88.2,Accepted
Jason Adkins,36-45,Middle Eastern,17.5,76.6,Rejected
Kelly Compton,26-35,Hispanic,18.3,95.5,Accepted
Tonya Powell DDS,26-35,South Asian,19.4,68.2,Rejected
Teresa Flynn,46-55,Middle Eastern,19.9,66.6,Rejected
Hannah Ford,26-35,South Asian,13.6,81.2,Accepted
Billy Chang,46-55,South Asian,12.5,75.9,Rejected
Shannon Gibson,36-45,Caucasian,16.7,84.1,Accepted
Brian Garrett,18-25,African American,10.9,79.9,Rejected
Michelle Johnson,56+,African American,15.7,85.5,Rejected
Angela Green,46-55,Hispanic,17.0,72.3,Rejected
Rebecca Gonzalez,46-55,Middle Eastern,11.0,98.1,Accepted
Christine Neal,56+,Middle Eastern,3.4,74.7,Rejected
Tara Rodriguez,36-45,East Asian,16.5,97.2,Accepted
Maria Soto,26-35,Middle Eastern,7.6,65.3,Rejected
Laura Thompson,36-45,East Asian,8.9,89.4,Accepted
Denise Henry,46-55,Caucasian,16.4,68.9,Rejected
David Young,18-25,Caucasian,5.7,71.8,Rejected
Robert Brown,18-25,African American,6.5,86.9,Rejected
Philip Perkins,56+,Caucasian,17.9,96.6,Accepted
Kim Chavez,26-35,Middle Eastern,11.5,78.4,Rejected
Kelsey Flores,26-35,African American,1.1,74.0,Rejected
Carolyn Fischer,18-25,Middle Eastern,12.2,81.8,Rejected
Kenneth Becker,36-45,African American,16.8,69.0,Rejected
James Gomez,18-25,Hispanic,8.7,68.6,Rejected
Joseph Kim,36-45,Middle Eastern,12.0,69.4,Rejected
James Mclean,56+,South Asian,6.0,76.4,Rejected
Benjamin Lopez,26-35,Middle Eastern,7.8,80.4,Rejected
Ronnie Bass,18-25,South Asian,9.9,96.9,Accepted
Amber Williams,26-35,East Asian,8.5,76.6,Rejected
Bruce Harvey,18-25,South Asian,19.9,73.8,Rejected
Ashley Sandoval,18-25,Middle Eastern,5.4,71.8,Rejected
Maria Taylor,56+,Middle Eastern,15.8,71.7,Rejected
Karen Zimmerman,56+,African American,9.3,96.9,Accepted
Amanda Garcia,46-55,Middle Eastern,9.7,84.3,Rejected
Calvin Acevedo,46-55,Hispanic,14.0,91.8,Accepted
Monica Harvey MD,36-45,Middle Eastern,4.0,90.6,Accepted
Crystal Thornton,36-45,African American,10.7,67.2,Rejected
Kenneth Garcia,26-35,Middle Eastern,19.6,89.8,Accepted
Mark Dodson,26-35,East Asian,6.6,69.2,Rejected
Kristin Lewis,36-45,Hispanic,15.4,97.8,Accepted
Heather Roberts,36-45,Middle Eastern,15.7,80.1,Rejected
Micheal Randall,26-35,Hispanic,3.9,77.3,Rejected
Kevin Hernandez,18-25,African American,13.5,84.1,Rejected
Tara Wang,26-35,African American,12.0,71.1,Rejected
Sherry Rivers,26-35,East Asian,9.0,75.0,Rejected
Ryan Henderson,46-55,Caucasian,4.6,89.5,Accepted
Mark Sims,46-55,Hispanic,10.7,78.1,Rejected
James Espinoza,36-45,Caucasian,19.9,84.0,Accepted
Amy Johnston,18-25,South Asian,7.8,73.6,Rejected
Tina Bright,36-45,African American,18.7,70.1,Rejected
Jessica Johnson,46-55,Caucasian,16.9,73.3,Rejected
Eric Duarte,26-35,African American,11.6,80.5,Rejected
Richard Nelson,18-25,South Asian,8.0,98.2,Accepted
Thomas Olsen,46-55,Middle Eastern,14.2,93.5,Accepted
Grace Smith,56+,African American,5.0,69.1,Rejected
Paul Cortez,26-35,East Asian,12.2,68.2,Rejected
Lucas Salinas,46-55,African American,16.3,71.1,Rejected
Ashley Joseph,46-55,Hispanic,10.9,71.2,Rejected
Ernest Carter,18-25,East Asian,10.4,72.5,Rejected
Bradley Yoder,36-45,Hispanic,12.5,71.1,Rejected
Debra Hudson,36-45,Middle Eastern,1.7,66.1,Rejected
Gina Morgan,36-45,South Asian,12.2,78.7,Rejected
Kristen Rangel,18-25,African American,7.1,74.1,Rejected
Michelle Rivas,26-35,Hispanic,8.5,92.8,Accepted
Joshua Ball,18-25,Hispanic,12.7,65.4,Rejected
Felicia Hall,56+,Middle Eastern,13.6,92.3,Accepted
Karl Cook,26-35,Caucasian,6.7,90.6,Accepted
Michael Lopez,46-55,Caucasian,13.3,74.5,Rejected
Darren Vasquez,36-45,South Asian,10.7,85.1,Accepted
Mary Smith,36-45,Middle Eastern,4.2,89.5,Accepted
Jason Robinson,36-45,African American,17.0,89.0,Accepted
Molly Lee,36-45,Middle Eastern,17.5,89.3,Accepted
Luke Baker,18-25,East Asian,7.6,98.5,Accepted
Raymond Hayes,26-35,Hispanic,12.2,66.9,Rejected
Kevin Lopez,26-35,East Asian,19.2,90.1,Accepted
Whitney Smith,36-45,South Asian,18.3,84.1,Accepted
Joshua Rasmussen,26-35,Caucasian,18.0,86.6,Accepted
Matthew Strong,18-25,Hispanic,18.7,76.8,Rejected
Joseph Phillips,56+,South Asian,5.1,72.7,Rejected
Kimberly Blankenship,26-35,Middle Eastern,4.9,71.7,Rejected
Casey Ferrell,26-35,South Asian,18.6,80.9,Accepted
Kevin Lee,26-35,Middle Eastern,11.2,71.9,Rejected
Matthew Martin,36-45,Middle Eastern,12.3,70.6,Rejected
Dr. Deborah Poole PhD,46-55,Middle Eastern,11.3,69.7,Rejected
Tina Lopez,46-55,Middle Eastern,16.8,81.1,Rejected
Julia Jones,56+,Hispanic,13.2,68.4,Rejected
Cameron Montgomery,46-55,Caucasian,1.9,80.6,Rejected
Karen Schultz,46-55,Middle Eastern,4.7,69.1,Rejected
Joseph Greene,18-25,South Asian,12.0,83.6,Accepted
Dr. Logan Wilson,36-45,South Asian,2.1,69.7,Rejected
John Smith,36-45,East Asian,8.4,87.9,Accepted
Joshua Carey,36-45,East Asian,1.9,86.0,Accepted
Kelsey Murphy,46-55,Caucasian,14.2,97.2,Accepted
Emily Abbott DVM,56+,Hispanic,3.3,66.6,Rejected
Jonathon Gonzalez,56+,South Asian,2.9,94.9,Accepted
Lauren Weaver,18-25,African American,16.0,91.0,Accepted
William Hodges,36-45,Middle Eastern,1.5,75.2,Rejected
Daniel Poole,18-25,East Asian,15.0,82.0,Accepted
Jacqueline Davis,36-45,Hispanic,11.7,96.2,Accepted
Theresa Walker,18-25,Middle Eastern,5.5,91.8,Accepted
Jesse Garza,56+,Hispanic,17.4,68.1,Rejected
Ryan Marshall,18-25,Hispanic,4.4,90.9,Accepted
Karen Donaldson,36-45,Hispanic,11.3,67.8,Rejected
Joseph Hernandez,56+,Middle Eastern,5.5,94.7,Accepted
Blake Harrison,26-35,Hispanic,18.4,77.9,Rejected
Lori Franklin,18-25,Caucasian,4.0,68.8,Rejected
Daniel Harris,26-35,Caucasian,3.4,84.3,Accepted
Kelly Smith,26-35,South Asian,4.7,69.3,Rejected
Levi Robinson,56+,South Asian,8.1,77.3,Rejected
Lisa Lee,56+,African American,15.6,92.2,Accepted
Kimberly Kent,36-45,Caucasian,11.5,77.1,Rejected
Michelle Jackson,56+,South Asian,12.2,71.5,Rejected
Shane Patterson,56+,East Asian,11.7,73.3,Rejected
Pamela Burton,26-35,African American,14.9,77.9,Rejected
Jessica Valenzuela,56+,African American,13.2,90.7,Rejected
William Newman,46-55,South Asian,16.4,71.5,Rejected
Jacob Lee,26-35,Hispanic,3.5,86.2,Rejected
Brendan King,36-45,South Asian,4.1,85.4,Accepted
John Pena,36-45,Caucasian,14.7,78.1,Rejected
Brittany Whitehead,18-25,Middle Eastern,16.6,97.5,Accepted
Sarah Walters,18-25,Caucasian,12.6,93.9,Accepted
Bianca Lane,46-55,African American,8.0,81.0,Rejected
David Smith,36-45,Middle Eastern,3.3,88.3,Accepted
Cheryl Vance,36-45,Middle Eastern,11.4,76.2,Rejected
Bryan Baird,46-55,Hispanic,1.8,66.0,Rejected
Shawn Morales,56+,Middle Eastern,19.8,88.4,Rejected
Erin Clark,18-25,African American,8.5,79.7,Rejected
Anna Mercer,56+,Hispanic,6.0,86.6,Rejected
Michael Maynard,18-25,African American,13.8,86.8,Rejected
Tracy Lawson,56+,African American,12.9,84.2,Rejected
Cynthia Dennis,56+,Hispanic,16.9,74.1,Rejected
Oscar Gibson,56+,East Asian,12.9,67.8,Rejected
Kevin Lewis,36-45,East Asian,19.6,82.4,Accepted
Megan Sosa,18-25,Middle Eastern,7.3,66.6,Rejected
Curtis Moore,18-25,Middle Eastern,14.0,91.7,Accepted
John Price,56+,Hispanic,17.0,97.8,Accepted
Nicholas Zamora,56+,Caucasian,19.4,67.5,Rejected
Terry Moses,18-25,Caucasian,10.7,67.3,Rejected
Sarah Joseph,46-55,Hispanic,3.5,68.0,Rejected
Christopher Cantu,46-55,Hispanic,15.1,71.3,Rejected
Erin Brown,36-45,Caucasian,3.7,77.8,Rejected
Kelly Dixon,26-35,Caucasian,18.7,81.1,Accepted
Joseph Banks,18-25,Caucasian,2.9,85.9,Accepted
Mary Hamilton,56+,Middle Eastern,9.1,95.8,Accepted
Danielle Bender,18-25,Hispanic,7.7,84.2,Rejected
Isaac Chen,46-55,Caucasian,1.8,79.8,Rejected
Alyssa Griffin,26-35,Middle Eastern,3.1,94.0,Accepted
David Lucas,26-35,Caucasian,18.4,92.7,Accepted
Kaitlyn Ferguson,46-55,African American,19.8,66.1,Rejected
Joshua Gallegos,46-55,African American,9.7,68.8,Rejected
Natasha Conner,36-45,Middle Eastern,15.2,82.5,Rejected
Chris White MD,26-35,South Asian,3.9,68.9,Rejected
Robin Sullivan,26-35,African American,15.3,76.4,Rejected
James Walker,46-55,Middle Eastern,7.0,92.7,Accepted
Paul Hardy,46-55,South Asian,19.1,84.8,Accepted
Robin Buchanan,36-45,Middle Eastern,10.0,95.3,Accepted
Tony Williamson,36-45,East Asian,13.4,67.2,Rejected
Alexis Baker DVM,18-25,Middle Eastern,7.7,74.6,Rejected
Kathryn Burns,36-45,East Asian,13.8,83.6,Accepted
Jennifer Mendoza,56+,Middle Eastern,13.7,82.3,Rejected
Jason Moody,36-45,South Asian,9.0,78.3,Rejected
Richard Lopez,46-55,African American,8.1,77.8,Rejected
Corey Khan,36-45,Hispanic,14.0,82.4,Rejected
Frederick Hendricks,18-25,Hispanic,12.1,78.3,Rejected
Joseph Thornton,36-45,East Asian,1.1,87.5,Accepted
Ricky Rhodes,56+,African American,14.1,78.6,Rejected
Mary Romero,46-55,East Asian,10.6,68.2,Rejected
Tracy Blackwell,26-35,East Asian,1.3,72.1,Rejected
Diana Ponce,56+,Caucasian,5.5,76.2,Rejected
Michael Russell,26-35,Caucasian,15.7,73.5,Rejected
Alicia Vaughn,36-45,African American,12.5,83.7,Rejected
Jason Chase,46-55,Caucasian,4.0,92.9,Accepted
Sherry Reed,56+,South Asian,3.3,67.0,Rejected
Debra Rivera,26-35,African American,15.1,82.5,Rejected
Elizabeth Tran,46-55,East Asian,19.3,77.4,Rejected
Glenda Jacobson,36-45,Hispanic,10.1,67.4,Rejected
Rhonda Taylor,36-45,Caucasian,18.6,79.5,Rejected
Karen Morgan,56+,Middle Eastern,13.5,94.2,Accepted
Holly Torres,46-55,South Asian,1.1,66.2,Rejected
Zachary Erickson,56+,East Asian,3.2,90.5,Accepted
Matthew Ford,26-35,Hispanic,3.8,76.7,Rejected
Tamara Waters,56+,South Asian,10.8,75.2,Rejected
Margaret Gomez,26-35,African American,8.5,98.1,Accepted
Brian Patterson,36-45,Hispanic,15.3,67.4,Rejected
Dylan Stewart,18-25,African American,19.0,88.9,Accepted
Danielle Garcia,36-45,East Asian,15.1,89.9,Accepted
Morgan Cardenas,18-25,African American,13.2,65.2,Rejected
Ann Thomas,56+,Middle Eastern,4.8,74.1,Rejected
Colin Colon,56+,South Asian,13.6,67.5,Rejected
Dr. Erin Lewis MD,46-55,South Asian,12.4,71.8,Rejected
Nathan White,46-55,Hispanic,16.7,69.6,Rejected
Cameron Kirby,26-35,South Asian,14.9,73.7,Rejected
Alexis Conley,18-25,Caucasian,18.9,72.0,Rejected
Barry Mann,46-55,African American,8.2,81.1,Rejected
Louis Reynolds,18-25,East Asian,8.3,95.5,Accepted
Meghan Miller,56+,Middle Eastern,16.4,73.0,Rejected
Derrick Wells DDS,36-45,Caucasian,3.3,96.2,Accepted
Jessica Noble,26-35,Hispanic,13.4,82.8,Rejected
Russell Alvarez,36-45,Middle Eastern,7.7,86.6,Rejected
Kelly Hernandez,36-45,Middle Eastern,11.4,87.0,Rejected
Alexander Hansen,56+,Hispanic,18.7,93.3,Accepted
Troy Garcia,18-25,African American,6.7,77.3,Rejected
Christine Rodriguez,46-55,Caucasian,19.0,69.6,Rejected
Jacqueline Bean,36-45,Caucasian,2.4,66.8,Rejected
Bryce Gutierrez,36-45,Caucasian,2.0,85.2,Accepted
Jose Phelps MD,36-45,South Asian,9.2,68.7,Rejected
Olivia Smith,18-25,South Asian,1.4,78.7,Rejected
Kyle Richards,56+,Middle Eastern,19.3,67.4,Rejected
Travis Tran,18-25,Caucasian,3.4,80.4,Accepted
Ms. Lisa Campbell,18-25,South Asian,9.6,77.6,Rejected
Alexander Jackson,18-25,South Asian,8.8,97.2,Accepted
Hailey Pham,26-35,African American,1.1,95.9,Accepted
Amy Murphy,46-55,Middle Eastern,7.0,65.1,Rejected
Debbie Mendez,56+,Caucasian,4.5,92.1,Accepted
Adrian Little,36-45,Caucasian,10.8,69.7,Rejected
Blake Larson,18-25,African American,18.2,88.7,Accepted
Kurt Garcia,56+,Middle Eastern,4.6,89.5,Rejected
Daniel Flores,46-55,Middle Eastern,12.4,83.2,Rejected
Emily Thornton,36-45,Middle Eastern,8.9,76.1,Rejected
Cindy Burnett,36-45,Middle Eastern,13.0,82.0,Rejected
Tracy King,56+,South Asian,12.5,69.0,Rejected
Jacob Wright,56+,East Asian,6.1,76.0,Rejected
Johnny Ramirez,46-55,East Asian,12.3,86.0,Accepted
Alvin Martin,36-45,Caucasian,17.8,71.9,Rejected
William Rowe,18-25,African American,2.1,68.1,Rejected
Kelly Griffin,36-45,Caucasian,9.7,71.2,Rejected
Nicole Glass,26-35,Hispanic,15.7,94.3,Accepted
Melissa Bentley,26-35,African American,15.3,89.1,Accepted
Steven Fritz,36-45,African American,1.4,93.4,Accepted
Kayla Jones,26-35,Caucasian,12.6,69.5,Rejected
Angela Jensen,26-35,Caucasian,1.6,85.0,Accepted
Cheryl Roberson,18-25,African American,2.8,83.8,Rejected
Bradley Nguyen,56+,African American,11.9,86.9,Rejected
David Woods,36-45,East Asian,3.2,67.9,Rejected
Adam Hanson,46-55,East Asian,12.8,74.8,Rejected
Melissa King,46-55,African American,18.7,68.2,Rejected
Stephanie Gibbs,46-55,Hispanic,14.9,85.7,Rejected
Holly Caldwell,46-55,South Asian,4.0,94.1,Accepted
Scott Gray,56+,African American,12.2,76.5,Rejected
Edward Torres,36-45,Hispanic,12.7,67.9,Rejected
Seth Kim,26-35,Middle Eastern,8.8,65.4,Rejected
Arthur Brown,56+,Caucasian,9.2,88.3,Accepted
Francisco Brown,56+,African American,17.2,86.9,Rejected
Victor Rodriguez,18-25,South Asian,18.0,96.1,Accepted
Jerry Hill,26-35,South Asian,10.6,77.9,Rejected
Melinda Rose,56+,Middle Eastern,19.7,86.9,Rejected
Seth Long,46-55,South Asian,3.7,73.1,Rejected
William Sanders,56+,East Asian,3.1,94.3,Accepted
James Stone,46-55,Middle Eastern,11.0,94.6,Accepted
Chris Mitchell,18-25,South Asian,1.9,82.5,Accepted
Teresa Henderson,36-45,Hispanic,18.5,96.0,Accepted
Matthew White,26-35,Hispanic,9.9,90.3,Accepted
Christopher Walters,56+,East Asian,8.3,75.3,Rejected
Mrs. Alison Rodgers,18-25,South Asian,2.2,81.4,Accepted
Alyssa Sutton,26-35,African American,7.5,72.7,Rejected
Jerry Schneider,36-45,Middle Eastern,3.9,75.1,Rejected
Destiny Coleman,26-35,South Asian,12.4,75.5,Rejected
Scott Owens,46-55,Middle Eastern,11.9,98.3,Accepted
Rebecca Gordon,56+,Middle Eastern,19.9,74.5,Rejected
Nicholas Schroeder,26-35,Caucasian,1.2,97.2,Accepted
Christopher Schneider,56+,Hispanic,2.3,85.7,Rejected
Dr. Steven Walker,18-25,Caucasian,19.5,90.5,Accepted
Amanda Davis,18-25,Hispanic,7.3,66.2,Rejected
Dale Daniel,56+,Caucasian,15.7,75.9,Rejected
Jessica Baker,46-55,Caucasian,16.2,77.2,Rejected
Samantha Jones,36-45,Hispanic,13.9,94.1,Accepted
Kiara Martin,18-25,Hispanic,9.6,95.8,Accepted
Chad Sanders,46-55,African American,6.2,80.2,Rejected
Susan Beck,18-25,Middle Eastern,13.0,86.4,Rejected
Lindsey Hill,46-55,Hispanic,5.8,65.7,Rejected
Amanda Huang,26-35,East Asian,2.0,89.5,Accepted
Brandon Sullivan,36-45,East Asian,18.3,78.6,Rejected
Sara Ortega,56+,African American,2.5,87.6,Rejected
Sandy Coffey,18-25,Middle Eastern,10.7,90.6,Accepted
Ryan Mack,56+,East Asian,19.5,70.3,Rejected
Jeffery Mason,26-35,South Asian,6.8,90.5,Accepted
Cynthia Baker,26-35,South Asian,17.5,69.0,Rejected
Anthony Brooks,56+,Caucasian,6.9,84.2,Accepted
Jacob Huffman,36-45,African American,14.5,81.4,Rejected
Connie English,36-45,Hispanic,4.7,73.8,Rejected
Nancy Sheppard,26-35,South Asian,1.6,76.8,Rejected
Kathryn Murray,56+,Middle Eastern,5.5,78.2,Rejected
Betty Vasquez,18-25,South Asian,19.6,76.2,Rejected
Eric Brown,36-45,Middle Eastern,5.3,88.3,Accepted
Christopher Jones,46-55,Caucasian,18.1,65.6,Rejected
Melissa Lewis,36-45,Hispanic,4.2,97.1,Accepted
Denise Guerra,18-25,Hispanic,15.1,75.5,Rejected
Margaret Arroyo,18-25,Middle Eastern,15.0,97.2,Accepted
Ronald Kim,46-55,Hispanic,19.0,79.4,Rejected
Michelle Bennett,36-45,Caucasian,10.3,98.0,Accepted
Ryan Hayes,46-55,East Asian,8.5,87.7,Accepted
Pamela Phillips,26-35,Caucasian,11.7,95.1,Accepted
Melvin Harvey,18-25,African American,12.9,95.3,Accepted
Joseph Perkins,26-35,Hispanic,1.6,71.2,Rejected
Jennifer Smith,26-35,East Asian,9.3,93.0,Accepted
Sean Alvarado,26-35,Middle Eastern,2.4,65.8,Rejected
Anthony Patterson,46-55,Caucasian,5.2,70.3,Rejected
Leslie Sawyer,56+,African American,5.7,80.8,Rejected
Jennifer Phelps,18-25,Middle Eastern,19.8,81.3,Rejected
Richard Frazier,36-45,Caucasian,15.9,66.5,Rejected
Randy Jones,36-45,African American,7.2,71.5,Rejected
Holly Evans,18-25,South Asian,11.8,73.3,Rejected
Dennis Nelson,46-55,Hispanic,10.5,97.1,Accepted
Julia Wilkins,36-45,East Asian,13.4,92.9,Accepted
Jennifer Fry,56+,Middle Eastern,1.4,83.8,Rejected
Douglas Klein,18-25,African American,17.3,91.7,Accepted
Caroline Howard,46-55,South Asian,4.7,73.2,Rejected
Monica Gray,56+,Middle Eastern,12.3,66.3,Rejected
Jacob Hayes,36-45,East Asian,11.0,90.4,Accepted
Jessica Ferrell,56+,South Asian,12.3,73.5,Rejected
Charles Vargas,56+,Hispanic,8.1,66.5,Rejected
Grace Lawrence,26-35,Caucasian,9.7,78.0,Rejected
Barry Boone,18-25,South Asian,9.6,70.6,Rejected
Richard Gilmore,18-25,Caucasian,8.3,95.5,Accepted
Edward Ballard,18-25,African American,16.0,87.6,Rejected
Jerome Beasley,26-35,South Asian,10.0,90.9,Accepted
Stephanie Adams,26-35,South Asian,14.7,90.0,Accepted
Frederick French,56+,Middle Eastern,13.7,87.9,Rejected
Thomas Nichols,18-25,Caucasian,12.4,89.5,Accepted
Howard Jacobs,18-25,Caucasian,12.0,90.4,Accepted
Joseph Duffy,18-25,South Asian,3.1,75.0,Rejected
Mindy Christensen,18-25,Caucasian,1.4,90.6,Accepted
Zachary Blevins,36-45,South Asian,16.6,83.9,Accepted
Terry Simpson,46-55,Hispanic,9.2,91.6,Accepted
David Smith,36-45,Caucasian,12.4,98.8,Accepted
Brent Morris,36-45,Caucasian,18.6,87.8,Accepted
Sabrina Murphy,18-25,Middle Eastern,6.0,84.0,Rejected
Melinda Ryan,46-55,Middle Eastern,2.7,82.4,Rejected
Joshua Mendoza,46-55,East Asian,6.7,65.1,Rejected
Garrett Powell,18-25,East Asian,9.4,72.4,Rejected
Jacob Frederick,18-25,Hispanic,7.1,92.6,Accepted
Kenneth Moody,36-45,Middle Eastern,6.5,69.6,Rejected
Amy Jordan,56+,Caucasian,11.3,85.7,Accepted
Jorge Goodwin,46-55,Hispanic,10.0,70.4,Rejected
Tony Davis,56+,Hispanic,19.3,98.8,Accepted
Rebecca Shaffer,26-35,East Asian,8.9,80.3,Accepted
Andrea Velazquez,46-55,Middle Eastern,12.9,71.8,Rejected
Laura Mosley,18-25,Hispanic,20.0,71.4,Rejected
Jennifer Melton,46-55,African American,6.2,88.4,Rejected
Margaret Page,36-45,Caucasian,1.3,82.8,Accepted
Marilyn Walton,56+,Middle Eastern,8.7,76.2,Rejected
Alisha Henry,36-45,African American,5.8,66.2,Rejected
Kristin Terrell,26-35,Caucasian,1.5,72.4,Rejected
Stephanie Flynn,26-35,East Asian,10.6,87.2,Accepted
Abigail Gallagher,36-45,East Asian,11.5,69.3,Rejected
Paul Hayes,26-35,African American,3.7,87.7,Rejected
Robert Mcdonald,56+,Middle Eastern,14.7,92.8,Accepted
Dylan Yang,36-45,Caucasian,15.9,87.9,Accepted
Patricia Ramirez,46-55,Caucasian,7.4,96.5,Accepted
Laura Morgan,18-25,Caucasian,1.3,84.5,Accepted
Jamie Chapman,46-55,Hispanic,15.1,89.6,Rejected
Taylor Nelson,56+,South Asian,10.3,70.7,Rejected
Mark Sharp,36-45,Caucasian,17.3,88.2,Accepted
Holly Booth MD,18-25,Hispanic,8.1,92.1,Accepted
Alex Simpson,18-25,South Asian,8.2,88.2,Accepted
Crystal Hill,18-25,Hispanic,2.3,93.6,Accepted
David Hale,56+,Middle Eastern,2.5,71.4,Rejected
Tanya Caldwell,26-35,Hispanic,6.7,88.3,Accepted
Mackenzie Grant,36-45,East Asian,5.4,85.9,Accepted
Nicholas Chan,26-35,Hispanic,2.3,83.1,Rejected
Christopher Mcguire,18-25,East Asian,11.7,97.7,Accepted
Lisa Higgins,36-45,East Asian,19.4,77.1,Rejected
Christopher Kennedy,18-25,Middle Eastern,8.9,87.9,Rejected
Casey Williams,46-55,Caucasian,19.8,66.7,Rejected
Kathy Jenkins,26-35,Middle Eastern,10.7,72.7,Rejected
Angela Cole,26-35,Middle Eastern,1.2,89.2,Accepted
Joshua Murphy,46-55,African American,18.7,65.7,Rejected
Ashley Buckley,18-25,Caucasian,13.8,95.0,Accepted
Richard Johnson,46-55,African American,3.3,67.9,Rejected
Anne Clark,56+,South Asian,4.3,70.8,Rejected
Donald May,46-55,African American,16.8,65.2,Rejected
Ralph Hicks,18-25,Middle Eastern,15.0,78.8,Rejected
Sara Foster,26-35,Caucasian,11.2,71.5,Rejected
Aaron Johnson,18-25,South Asian,8.1,71.4,Rejected
Daniel Washington,46-55,Caucasian,1.7,86.1,Accepted
Mark Nunez,46-55,East Asian,4.3,90.9,Accepted
Melissa Mckinney,36-45,East Asian,7.0,92.6,Accepted
Daniel Young,18-25,Middle Eastern,13.0,97.5,Accepted
Erin Smith,46-55,Hispanic,4.2,77.3,Rejected
Shaun Roth,46-55,Caucasian,13.0,68.8,Rejected
Dawn Aguirre,26-35,Caucasian,16.9,77.2,Rejected
Jeffrey Manning,56+,East Asian,8.2,76.2,Rejected
Joseph Gonzalez,18-25,African American,17.3,93.2,Accepted
Ms. Amber Brown,26-35,East Asian,17.4,71.5,Rejected
Jerry Watson,18-25,Caucasian,6.6,84.0,Accepted
Teresa James,46-55,Caucasian,16.2,68.0,Rejected
Ryan Stokes,56+,Hispanic,14.1,88.3,Rejected
Cody Zimmerman,36-45,African American,8.6,81.6,Rejected
Jeremy Cortez,18-25,South Asian,7.4,71.1,Rejected
Terry Munoz,36-45,Hispanic,15.0,84.8,Rejected
Neil Anderson,46-55,South Asian,11.5,66.3,Rejected
Michael Burns,36-45,Middle Eastern,4.8,97.7,Accepted
Jeffrey Oneal,56+,Caucasian,7.8,90.3,Accepted
Carlos Sanchez,36-45,Middle Eastern,9.8,80.7,Rejected
Karen Ellis DVM,18-25,Middle Eastern,4.1,76.0,Rejected
Michaela Ramirez,36-45,Middle Eastern,13.9,83.4,Rejected
Patricia Miller,26-35,African American,18.7,94.4,Accepted
Angela Campbell,46-55,East Asian,14.3,76.3,Rejected
Anthony Sanchez,56+,East Asian,16.9,76.1,Rejected
Mark Kaiser,26-35,Hispanic,5.3,85.4,Rejected
Lauren Thomas,26-35,African American,16.4,98.5,Accepted
Heather Maldonado,26-35,Hispanic,5.1,89.6,Accepted
Olivia Mason,36-45,Hispanic,16.1,92.3,Accepted
Angela Lopez,26-35,Caucasian,13.3,71.2,Rejected
Susan Morgan,18-25,Caucasian,16.5,85.8,Accepted
Charles Gibbs,18-25,Caucasian,5.1,74.4,Rejected
April Ramos,26-35,African American,1.3,84.6,Rejected
Kristin Stevenson,36-45,South Asian,10.1,65.4,Rejected
Amanda Jones,18-25,East Asian,19.8,77.1,Rejected
Frank Wilson,26-35,East Asian,11.3,73.9,Rejected
Kathleen Kim,56+,Middle Eastern,2.8,78.9,Rejected
Thomas Barnes,56+,Caucasian,14.4,72.7,Rejected
Jessica Gibson,36-45,African American,15.3,71.7,Rejected
Deborah Morrow,36-45,Middle Eastern,15.0,72.1,Rejected
Charles Bray,36-45,South Asian,7.0,78.9,Rejected
Linda Yates,26-35,South Asian,17.5,82.1,Accepted
Paul Owens,46-55,Caucasian,17.6,80.3,Rejected
Kimberly Smith,56+,Caucasian,9.7,85.4,Accepted
Michael Bush,56+,Middle Eastern,6.7,87.5,Rejected
Cynthia Johnson,18-25,South Asian,12.1,72.5,Rejected
Sabrina Rush,18-25,Middle Eastern,17.5,89.4,Accepted
Cheyenne Montgomery,56+,South Asian,4.0,67.3,Rejected
Michael Pierce,36-45,East Asian,17.8,68.1,Rejected
Michelle Williams,26-35,South Asian,3.0,91.6,Accepted
Andrew Booker,18-25,East Asian,12.7,69.8,Rejected
Peggy Robles,46-55,South Asian,13.8,88.5,Accepted
Joshua Blake,46-55,Hispanic,16.5,68.9,Rejected
Jason Page,56+,East Asian,16.1,98.0,Accepted
Emily Mckee,56+,African American,16.8,88.4,Rejected
Michael Bean,56+,African American,3.3,73.1,Rejected
Carol Martinez,46-55,Caucasian,16.5,90.9,Accepted
Eric Mclaughlin,18-25,Caucasian,15.2,90.6,Accepted
Tammy Kaiser,36-45,South Asian,15.9,94.4,Accepted
Jose Vargas,46-55,South Asian,2.5,76.3,Rejected
Matthew Mercer,18-25,Caucasian,17.8,70.6,Rejected
William Perez,46-55,South Asian,1.8,89.5,Accepted
Laura Noble,56+,East Asian,4.3,83.5,Accepted
John Smith,26-35,African American,15.1,75.3,Rejected
Rebecca Graham,18-25,East Asian,19.2,98.2,Accepted
Ashley Banks,26-35,African American,12.5,81.1,Rejected
Kayla Higgins,26-35,Hispanic,9.5,70.0,Rejected
Nicholas Meyer,56+,Caucasian,13.2,76.3,Rejected
Brittany Cooke,56+,East Asian,4.0,83.1,Accepted
John Mitchell,36-45,Middle Eastern,1.4,74.7,Rejected
Jeffrey Scott,36-45,Middle Eastern,2.7,92.3,Accepted
Jeanette Goodwin,36-45,South Asian,5.3,79.0,Rejected
Debra Gomez,56+,East Asian,2.4,96.5,Accepted
Scott Johnson,46-55,African American,19.3,85.0,Rejected
Catherine Brooks,56+,African American,18.6,94.6,Accepted
Brian Parker,18-25,African American,1.5,77.6,Rejected
James Monroe,56+,Hispanic,13.5,80.9,Rejected
Mallory Best,56+,East Asian,12.8,97.7,Accepted
Alan Chen,56+,South Asian,19.4,89.1,Accepted
Thomas Garcia,36-45,Hispanic,1.8,71.6,Rejected
Thomas Lyons,56+,African American,3.0,67.4,Rejected
Lindsay Oconnor,26-35,Hispanic,8.4,81.6,Rejected
Thomas Stewart,26-35,East Asian,17.6,93.3,Accepted
Peter Lyons,18-25,East Asian,1.6,93.7,Accepted
Brent Gibson,46-55,African American,16.9,69.8,Rejected
Sarah Hernandez,46-55,Caucasian,13.6,77.7,Rejected
Mandy Esparza,56+,Hispanic,2.1,79.6,Rejected
Helen Davis,18-25,Middle Eastern,11.6,82.0,Rejected
James Frank,46-55,South Asian,4.9,70.9,Rejected
Susan Shaw,36-45,African American,17.9,70.4,Rejected
Andrew Johnson,18-25,African American,9.1,95.8,Accepted
Eddie Ballard,26-35,South Asian,12.5,86.3,Accepted
Brian Adams,56+,East Asian,11.1,81.9,Rejected
David Miller,46-55,Caucasian,14.3,92.3,Accepted
Bill Anderson,26-35,African American,18.2,97.6,Accepted
Jeffrey Johnson,46-55,Middle Eastern,19.0,73.2,Rejected
Andrea Wright,46-55,Middle Eastern,6.2,79.5,Rejected
Lori Dodson MD,36-45,South Asian,9.7,98.7,Accepted
Joseph Peterson,36-45,East Asian,9.7,85.3,Accepted
Kaitlin Jones,18-25,Caucasian,16.8,77.7,Rejected
Nathaniel Garcia,26-35,Hispanic,8.5,71.8,Rejected
William Skinner,36-45,Caucasian,1.6,68.3,Rejected
David Evans,26-35,Middle Eastern,8.7,95.5,Accepted
Eric Parsons,36-45,East Asian,16.9,79.8,Rejected
Ryan Sanders,26-35,Hispanic,3.9,83.5,Rejected
Lynn Arnold,26-35,Caucasian,19.2,81.2,Accepted
Angelica Rios,18-25,East Asian,19.1,95.6,Accepted
David Frank,56+,Caucasian,4.0,97.7,Accepted
Destiny Conley,36-45,Middle Eastern,3.7,70.4,Rejected
Amy Kelly,56+,East Asian,20.0,77.7,Rejected
Patrick Peterson,26-35,Middle Eastern,2.5,75.2,Rejected
Brenda Tanner,56+,Hispanic,14.7,69.3,Rejected
Adrian Williams,26-35,Caucasian,3.3,85.0,Accepted
Christina Avery,26-35,Middle Eastern,7.2,69.5,Rejected
Emily Anderson,18-25,Caucasian,12.4,97.6,Accepted
Jane Smith,46-55,East Asian,14.1,83.4,Accepted
Dana Moore,56+,African American,2.4,95.8,Accepted
Anthony Walker,46-55,East Asian,10.6,73.5,Rejected
Ryan Ortiz,36-45,Hispanic,18.9,81.7,Rejected
Billy Hughes,56+,African American,17.9,80.0,Rejected
Logan Thomas,18-25,Caucasian,13.9,91.4,Accepted
Francisco Brooks,56+,Middle Eastern,5.6,70.1,Rejected
Shannon Hanson DVM,36-45,Middle Eastern,10.7,68.6,Rejected
Taylor Moore,18-25,South Asian,1.7,74.5,Rejected
Andrew Harper,18-25,East Asian,17.9,66.5,Rejected
Julie Johnson,26-35,South Asian,14.4,85.0,Accepted
Kara Alvarado,18-25,South Asian,10.8,95.4,Accepted
Michael Knight,36-45,East Asian,16.0,90.5,Accepted
Terry Costa,18-25,African American,15.1,96.3,Accepted
Christine Tucker,36-45,Middle Eastern,3.5,73.3,Rejected
Michele Richardson,36-45,East Asian,8.0,81.2,Accepted
George Murray,56+,Middle Eastern,16.6,75.6,Rejected
Barbara Ortega DDS,46-55,Hispanic,9.1,72.1,Rejected
Joe Obrien,46-55,African American,16.3,87.6,Rejected
Crystal Duncan,36-45,East Asian,9.7,71.6,Rejected
Eileen Estrada,18-25,Middle Eastern,13.9,72.8,Rejected
Dr. Frank Simmons,46-55,Hispanic,15.3,95.2,Accepted
Charles Hogan,46-55,Hispanic,3.3,94.4,Accepted
Amanda Hampton,36-45,South Asian,4.0,81.8,Accepted
Andrew Charles,36-45,Middle Eastern,19.8,79.9,Rejected
Margaret Tran,36-45,South Asian,2.5,93.9,Accepted
Jennifer Clark,56+,African American,17.9,70.8,Rejected
Suzanne Snyder,56+,Middle Eastern,7.7,75.1,Rejected
Nicholas Roberson,26-35,African American,14.8,77.1,Rejected
Catherine Marsh,46-55,South Asian,15.4,78.7,Rejected
Melissa Cooper,56+,East Asian,5.0,97.6,Accepted
Danny Bryant,36-45,Caucasian,5.6,65.9,Rejected
Timothy Shaw,46-55,Hispanic,17.2,91.9,Accepted
Brooke Hall,36-45,Caucasian,2.2,94.6,Accepted
Donald Ramirez,18-25,Middle Eastern,9.6,81.4,Rejected
Brittany Duncan,36-45,East Asian,13.8,65.8,Rejected
Angela Mcintosh,46-55,South Asian,10.0,68.4,Rejected
Kristen Harris,36-45,Middle Eastern,13.8,74.0,Rejected
Timothy Ramirez,26-35,Middle Eastern,11.2,81.7,Rejected
Anthony Pruitt,46-55,South Asian,6.5,75.9,Rejected
Judith Martin,26-35,African American,2.4,89.4,Accepted
Maria Gray,36-45,East Asian,4.5,81.2,Accepted
Stephanie Coleman,18-25,Hispanic,5.8,82.9,Rejected
Steven Levy,26-35,Caucasian,14.1,96.4,Accepted
Christina Orozco,46-55,African American,13.5,82.5,Rejected
Laura Spencer,56+,Hispanic,17.3,85.1,Rejected
Michael Johnson,36-45,East Asian,17.4,97.0,Accepted
Sean Johnson,18-25,East Asian,15.0,83.1,Accepted
Michele Sims,18-25,African American,1.4,95.0,Accepted
Andrea Adams,46-55,Hispanic,16.3,94.3,Accepted
David Briggs,56+,Hispanic,9.5,96.3,Accepted
Nichole Butler,56+,East Asian,1.4,98.7,Accepted
Jason Kelley,36-45,South Asian,19.6,83.0,Accepted
Kevin Larsen,56+,South Asian,6.0,70.0,Rejected
Deborah Ford,26-35,Middle Eastern,5.0,88.4,Accepted
Lisa Green,56+,African American,9.4,96.0,Accepted
Logan Reynolds,56+,Caucasian,2.0,81.0,Rejected
Courtney Baker,18-25,Caucasian,9.3,85.6,Accepted
Mike Valentine,36-45,South Asian,3.3,94.3,Accepted
Betty Sandoval,26-35,South Asian,6.4,89.4,Accepted
Brian Patel,26-35,South Asian,4.9,74.6,Rejected
Amanda Anderson,26-35,East Asian,8.0,73.0,Rejected
Douglas Henderson Jr.,26-35,African American,17.8,96.8,Accepted
Jeff Lawrence,26-35,East Asian,13.8,91.5,Accepted
Kathy Horton,56+,Middle Eastern,15.3,68.9,Rejected
Douglas Brown,26-35,Caucasian,6.3,80.6,Accepted
Ashley Nelson,26-35,African American,15.4,65.9,Rejected
Jill Lee,36-45,African American,8.0,67.1,Rejected
Debra Owens,18-25,East Asian,15.1,67.7,Rejected
Dana Frye,26-35,African American,11.3,76.6,Rejected
Danielle Chandler,46-55,East Asian,17.2,66.9,Rejected
Sara Curtis,56+,South Asian,12.5,92.4,Accepted
Shawn Davis,56+,Hispanic,15.0,70.1,Rejected
Samantha Williams,26-35,African American,16.1,74.6,Rejected
Angela Walls,56+,Caucasian,8.4,97.2,Accepted
Mitchell Meyer,46-55,South Asian,10.5,82.2,Rejected
Carmen Jones,26-35,South Asian,6.6,75.0,Rejected
Ashley Miller,56+,Caucasian,13.1,83.0,Accepted
Chelsea Braun,36-45,Middle Eastern,7.2,95.1,Accepted
Todd Jackson,26-35,Middle Eastern,13.6,72.0,Rejected
Kevin Grant,36-45,Hispanic,6.7,74.5,Rejected
Christopher Davenport,56+,East Asian,9.3,85.4,Accepted
Jill Blair,18-25,East Asian,14.3,75.5,Rejected
Martha Mcclure,26-35,Middle Eastern,19.0,98.6,Accepted
Tammy Horton,36-45,East Asian,5.4,95.6,Accepted
Danielle Gallegos,56+,Middle Eastern,18.4,91.3,Accepted
Anna Vance,56+,Middle Eastern,8.9,88.0,Rejected
Joseph Perkins,18-25,Hispanic,18.7,85.1,Rejected
Amy Oneill,18-25,African American,1.9,91.2,Accepted
Jared Brown,26-35,Hispanic,18.1,76.5,Rejected
Kelli Torres,26-35,Caucasian,9.2,71.6,Rejected
Ryan Howard,26-35,East Asian,7.7,84.9,Accepted
Christina Rogers,18-25,South Asian,11.7,75.5,Rejected
Thomas Richardson,18-25,South Asian,15.7,94.4,Accepted
Lauren Ramirez,26-35,South Asian,5.6,88.0,Accepted
William Carey,18-25,Caucasian,10.0,98.3,Accepted
Jacqueline Jackson,46-55,South Asian,19.6,66.6,Rejected
Monica Stevenson,46-55,African American,1.5,83.4,Rejected
Kelsey Cummings,26-35,Caucasian,9.1,94.0,Accepted
Cameron Walsh,36-45,South Asian,8.3,90.6,Accepted
James Burnett,26-35,Caucasian,4.7,89.0,Accepted
Erica Wright,56+,South Asian,13.7,83.4,Accepted
Michael Lambert PhD,18-25,African American,12.8,82.9,Rejected
Jose Hunt,18-25,East Asian,16.2,81.8,Accepted
John Jimenez,46-55,Hispanic,19.2,92.9,Accepted
Mr. Mark Baldwin PhD,26-35,African American,17.1,68.6,Rejected
Toni Garrett,56+,Hispanic,6.7,66.5,Rejected
Gabriel Conner,56+,Hispanic,16.1,79.4,Rejected
David Hurst,46-55,South Asian,14.1,70.4,Rejected
Dana Davis,46-55,Caucasian,1.5,81.3,Rejected
Kathryn Morgan,18-25,Hispanic,11.5,93.3,Accepted
William Burns,26-35,Caucasian,6.6,93.7,Accepted
Keith Guerrero,56+,African American,11.2,87.8,Rejected
Elizabeth Perez,18-25,Caucasian,3.7,83.6,Accepted
Keith Yang,18-25,East Asian,11.0,94.2,Accepted
Alexis Costa,56+,Caucasian,16.2,66.5,Rejected
Joanna Gardner,46-55,South Asian,7.7,69.2,Rejected
Kimberly Malone,56+,Middle Eastern,19.8,79.2,Rejected
Mark Rodriguez,46-55,South Asian,12.1,73.6,Rejected
Robert Hester,56+,East Asian,14.0,81.1,Rejected
Scott Smith,26-35,East Asian,15.9,70.0,Rejected
Luke Lowery,18-25,Caucasian,16.2,91.7,Accepted
Laura Lee,46-55,African American,11.1,80.5,Rejected
Cody Jackson,46-55,Caucasian,10.2,97.9,Accepted
Michelle Chan,36-45,Caucasian,7.0,83.4,Accepted
David Sparks,26-35,Middle Eastern,1.5,95.2,Accepted
Benjamin Henry,56+,Hispanic,11.2,89.0,Rejected
Jordan Thompson,46-55,Caucasian,2.3,89.3,Accepted
Diane Hall,18-25,African American,11.9,98.5,Accepted
Bradley Mullen,18-25,Middle Eastern,14.5,93.5,Accepted
Taylor Miller,18-25,Middle Eastern,4.8,83.7,Rejected
Jordan Harris,46-55,South Asian,7.0,73.6,Rejected
Lisa Powell,18-25,Hispanic,9.1,92.2,Accepted
Christina Wright,46-55,Middle Eastern,8.6,77.8,Rejected
Pamela Montgomery,36-45,Caucasian,14.3,68.1,Rejected
Melanie Webb,46-55,African American,1.9,68.4,Rejected
Michelle Hughes,26-35,South Asian,18.8,85.4,Accepted
Jon Nunez,36-45,Hispanic,8.8,67.2,Rejected
Andrew Boyle,56+,Middle Eastern,5.7,76.4,Rejected
Leslie Morales MD,36-45,Caucasian,2.4,66.9,Rejected
Makayla Kennedy,26-35,South Asian,17.3,78.5,Rejected
Holly Marquez,18-25,Hispanic,9.7,78.3,Rejected
Joshua Lester,18-25,Middle Eastern,18.0,72.5,Rejected
Lawrence Eaton,56+,Hispanic,6.9,83.4,Rejected
Cynthia Wood,46-55,South Asian,7.0,75.0,Rejected
Emily Pearson,26-35,Middle Eastern,11.1,83.2,Rejected
Leslie Allen,18-25,South Asian,9.8,78.3,Rejected
Kevin Henry,18-25,South Asian,17.2,74.4,Rejected
Carl Salazar,46-55,Middle Eastern,14.4,80.6,Rejected
John Rogers,18-25,Hispanic,12.0,77.9,Rejected
Michele Larson,36-45,Hispanic,14.5,83.2,Rejected
Chad Pena,26-35,Middle Eastern,1.9,75.2,Rejected
Amanda Martinez,56+,Caucasian,19.4,72.9,Rejected
Martha Krause,36-45,South Asian,6.3,65.9,Rejected
Abigail Wall,56+,East Asian,11.8,89.3,Accepted
Kristen Pena,36-45,Caucasian,5.9,86.5,Accepted
Raymond Flores,56+,African American,7.9,76.5,Rejected
Kelly Stewart,26-35,Caucasian,8.9,84.6,Accepted
Pedro Sanchez,36-45,African American,1.1,65.2,Rejected
William Spencer,46-55,Caucasian,4.2,73.3,Rejected
James Hammond,56+,Hispanic,6.9,65.0,Rejected
Angel Lopez,56+,Caucasian,6.0,96.0,Accepted
Stacy Smith,46-55,East Asian,18.4,66.0,Rejected
April Frey,36-45,Hispanic,19.9,87.5,Rejected
David Davis,26-35,East Asian,14.0,75.5,Rejected
Shannon Gregory,36-45,Caucasian,18.3,69.7,Rejected
Deborah Reid,36-45,East Asian,7.6,72.4,Rejected
Kathryn Cruz,18-25,East Asian,12.4,66.6,Rejected
April Thompson,18-25,Middle Eastern,12.4,76.9,Rejected
Aaron Travis,56+,African American,3.9,91.8,Accepted
Erin Williams,46-55,South Asian,17.8,71.8,Rejected
James Patterson,46-55,African American,2.7,85.4,Rejected
John Ryan,36-45,Hispanic,15.3,97.0,Accepted
Cameron Barber,56+,Middle Eastern,1.5,81.1,Rejected
Nicole Benton,46-55,Hispanic,13.1,85.6,Rejected
Alexander Ortiz,18-25,African American,6.1,73.8,Rejected
Steven Dixon,18-25,Middle Eastern,15.3,67.8,Rejected
Joseph Kerr,46-55,African American,9.3,65.0,Rejected
Krystal Sanchez,36-45,East Asian,5.6,98.5,Accepted
Natalie Patterson,56+,African American,10.4,88.2,Rejected
Christopher Shepherd,18-25,East Asian,12.4,91.5,Accepted
Thomas King,46-55,African American,8.0,78.1,Rejected
Deborah Welch,18-25,African American,11.9,74.6,Rejected
Julie Morrow,18-25,South Asian,12.9,73.8,Rejected
Taylor Adams,18-25,Middle Eastern,17.1,99.0,Accepted
Crystal Hodge,26-35,Caucasian,7.9,85.8,Accepted
Stephen Miller,56+,Caucasian,17.4,68.4,Rejected
Andres Marquez,18-25,African American,19.0,88.6,Accepted
James Roberson,46-55,East Asian,7.3,85.8,Accepted
Steven Valentine,18-25,African American,8.8,97.9,Accepted
Donna Smith,56+,Hispanic,8.5,68.8,Rejected
Dr. Michael Perry,46-55,South Asian,17.7,92.7,Accepted
Christopher Woods,36-45,East Asian,18.8,76.6,Rejected
Anna Orozco,56+,East Asian,19.4,81.5,Rejected
Olivia Schmidt,56+,Middle Eastern,14.5,71.7,Rejected
Jennifer Young,46-55,Caucasian,16.8,90.6,Accepted
David Morgan,46-55,Caucasian,8.9,92.2,Accepted
Jeanne Skinner,56+,Middle Eastern,9.9,97.3,Accepted
Brittney Robinson,46-55,Middle Eastern,2.4,68.8,Rejected
Bonnie Baker,46-55,Middle Eastern,15.1,90.3,Rejected
Carl Roberts,26-35,East Asian,4.0,87.0,Accepted
Kelly Flores,56+,East Asian,14.3,70.8,Rejected
Kyle Lowe,36-45,African American,6.0,94.4,Accepted
Jennifer Diaz,26-35,South Asian,16.4,87.5,Accepted
John Johnson,46-55,South Asian,9.9,89.3,Accepted
Alice Hoover,26-35,South Asian,4.7,78.1,Rejected
Willie Harper,46-55,Caucasian,4.5,68.8,Rejected
Alexander Robles,46-55,South Asian,6.9,66.2,Rejected
James Hebert,36-45,African American,1.6,66.7,Rejected
Christopher Castro,36-45,Hispanic,11.7,87.5,Rejected
Jessica Cortez,18-25,Hispanic,18.8,75.1,Rejected
Jessica Harper,26-35,South Asian,19.6,73.1,Rejected
Lauren Gonzalez,46-55,Hispanic,19.2,68.4,Rejected
Allison Flynn,46-55,Caucasian,6.4,67.6,Rejected
Tina Anderson,46-55,Hispanic,18.7,69.9,Rejected
Gregory Dawson,56+,South Asian,10.7,76.6,Rejected
Lawrence Jackson,36-45,East Asian,10.3,85.8,Accepted
Nathan Lane,26-35,South Asian,14.8,83.6,Accepted
Sharon Perez,56+,Middle Eastern,10.8,81.8,Rejected
Bruce Kaufman,26-35,East Asian,1.5,67.2,Rejected
Eugene Walter,36-45,South Asian,18.9,72.6,Rejected
Jodi Pierce,26-35,Caucasian,5.1,79.9,Rejected
Dwayne Landry,26-35,Middle Eastern,13.6,74.2,Rejected
Denise Bryan,46-55,Hispanic,10.2,68.8,Rejected
William Austin,26-35,Hispanic,1.0,75.6,Rejected
Debbie Hawkins,56+,African American,5.3,86.4,Rejected
Maria Thompson,36-45,Caucasian,2.5,78.2,Rejected
William Lewis,18-25,East Asian,15.8,73.4,Rejected
Tanya Butler,36-45,South Asian,2.5,94.9,Accepted
Christopher Herrera,26-35,Middle Eastern,19.4,75.7,Rejected
Jeffrey Ramirez,36-45,Caucasian,6.2,93.0,Accepted
Tyler White,26-35,Middle Eastern,2.8,67.2,Rejected
Kathryn Bruce,46-55,Middle Eastern,10.3,67.1,Rejected
Dustin Grant,46-55,Caucasian,3.8,65.5,Rejected
Matthew Willis,56+,African American,8.5,88.4,Rejected
Jordan Savage,26-35,East Asian,15.2,82.1,Accepted
Rhonda Lewis,46-55,Hispanic,3.5,96.2,Accepted
Kevin Bailey,36-45,South Asian,14.1,82.3,Accepted
Shannon Anderson,46-55,Caucasian,14.1,95.9,Accepted
Justin Kennedy,26-35,Middle Eastern,20.0,71.5,Rejected
James Torres,36-45,African American,13.8,71.7,Rejected
Zachary Davis,26-35,African American,19.6,68.0,Rejected
Abigail Christian,46-55,Hispanic,18.8,66.8,Rejected
Gina Zavala,26-35,Middle Eastern,18.7,72.2,Rejected
Sara Austin,18-25,Middle Eastern,5.5,70.7,Rejected
Suzanne Lane,56+,Hispanic,9.8,94.5,Accepted
Jacob Smith,56+,Hispanic,19.1,69.2,Rejected
Megan Rasmussen,26-35,Hispanic,11.0,91.3,Accepted
Suzanne Simpson,56+,South Asian,6.4,86.3,Accepted
Nathan King,56+,East Asian,19.5,83.6,Accepted
Jeremy Maxwell,46-55,Hispanic,10.7,70.0,Rejected
Heather Washington,18-25,South Asian,6.7,95.4,Accepted
Adrian Hernandez,26-35,South Asian,6.8,73.9,Rejected
Alice Smith,36-45,African American,4.9,71.9,Rejected
Catherine Blake,46-55,Hispanic,14.4,94.7,Accepted
Christian Smith,46-55,East Asian,9.5,93.6,Accepted
Brianna Horton,18-25,East Asian,13.4,93.7,Accepted
Arthur Moore,56+,African American,19.5,74.1,Rejected
Thomas Wright,56+,African American,2.5,66.8,Rejected
Amy Miller,46-55,East Asian,1.0,72.2,Rejected
Sarah Thompson,18-25,South Asian,16.3,70.2,Rejected
Karen Gray,46-55,East Asian,18.8,97.7,Accepted
Melissa Hart,56+,South Asian,16.9,89.6,Accepted
Connie Ingram,18-25,African American,18.5,89.9,Accepted
Betty Horton,18-25,African American,10.1,93.7,Accepted
Julie Martin,46-55,African American,4.7,86.7,Rejected
Holly Robinson,26-35,Caucasian,1.4,89.3,Accepted
Eric Patterson,36-45,Caucasian,1.1,66.2,Rejected
Emma Cooke,26-35,Middle Eastern,19.1,79.3,Rejected
Donna Wolf,36-45,South Asian,1.8,89.2,Accepted
Marcus Walter,46-55,Middle Eastern,15.4,86.8,Rejected
Thomas Allen,36-45,Caucasian,15.5,90.9,Accepted
Martin Miller,18-25,Caucasian,14.4,66.9,Rejected
Kenneth Bowers,26-35,Hispanic,5.6,96.4,Accepted
Andrew Moore,46-55,Caucasian,12.1,96.8,Accepted
Kevin Buchanan,36-45,African American,9.4,93.8,Accepted
Jennifer Peck,36-45,Hispanic,18.4,83.8,Rejected
Charles Matthews,26-35,Middle Eastern,19.0,68.0,Rejected
Jodi Walker,46-55,Middle Eastern,5.6,73.6,Rejected
Natasha Davis,56+,Middle Eastern,12.0,97.0,Accepted
Heidi Huffman,46-55,East Asian,13.4,88.3,Accepted
Laura Adams,46-55,Caucasian,9.0,84.3,Accepted
Daniel Castillo,36-45,Caucasian,18.1,77.6,Rejected
Bethany Hall,56+,East Asian,18.3,66.9,Rejected
Michael Jenkins,46-55,East Asian,12.0,76.1,Rejected
Maria Anderson,56+,Middle Eastern,14.8,71.0,Rejected
Scott Walker,18-25,Hispanic,6.7,90.3,Accepted
Ashley Brown,18-25,East Asian,12.9,93.5,Accepted
Steven Paul,26-35,African American,10.1,74.2,Rejected
William Webb,56+,Middle Eastern,6.2,87.3,Rejected
Debbie Stephenson,18-25,Middle Eastern,13.7,70.0,Rejected
Patricia Smith,26-35,African American,3.3,86.6,Rejected
Miranda Walker,36-45,South Asian,4.2,88.1,Accepted
Christina Novak,36-45,African American,12.5,68.6,Rejected
Nicole Nelson DVM,56+,South Asian,3.9,88.4,Accepted
Katherine Rodriguez,56+,African American,10.6,95.2,Accepted
Brandon Silva,26-35,Middle Eastern,6.0,66.0,Rejected
Sheri Schmidt,56+,Hispanic,4.5,66.2,Rejected
Lisa Jones,26-35,Middle Eastern,15.9,74.4,Rejected
Justin Miller,36-45,South Asian,5.8,67.9,Rejected
Holly Park,56+,Caucasian,10.9,90.4,Accepted
Amy Hall,26-35,East Asian,18.0,70.4,Rejected
Samuel Conner,26-35,South Asian,11.9,76.0,Rejected
Claudia Copeland,46-55,Middle Eastern,10.9,70.3,Rejected
Brian Shaffer,36-45,Hispanic,9.3,65.3,Rejected
Ashley Morales,18-25,Middle Eastern,5.0,70.9,Rejected
Sarah Keller,56+,South Asian,17.9,76.2,Rejected
Jason Dickerson,26-35,South Asian,16.7,83.5,Accepted
Joseph Palmer,26-35,Middle Eastern,13.9,70.6,Rejected
Brandon Rosario,26-35,East Asian,12.6,75.9,Rejected
Christopher Davis MD,46-55,East Asian,11.8,77.1,Rejected
Kelly Harris,26-35,Hispanic,12.5,91.8,Accepted
Linda Graves,36-45,Hispanic,16.9,90.0,Accepted
Kristi Crawford,26-35,Hispanic,8.9,79.6,Rejected
Kelly Sexton,46-55,Caucasian,14.8,72.0,Rejected
Elizabeth Lee,56+,Caucasian,5.6,95.6,Accepted
Samuel Rogers,26-35,African American,12.8,90.5,Accepted
Justin Petersen,18-25,South Asian,11.2,69.6,Rejected
David Hansen,26-35,African American,3.3,71.4,Rejected
Mathew Anderson,18-25,Hispanic,15.4,69.0,Rejected
David Murphy,26-35,Middle Eastern,3.0,69.8,Rejected
Cynthia Contreras,46-55,Middle Eastern,13.5,81.0,Rejected
Angela Rich,18-25,South Asian,12.0,98.1,Accepted
Brian Fry,18-25,Hispanic,16.5,89.8,Accepted
Sean King,18-25,Middle Eastern,2.3,65.8,Rejected
Louis Hudson,26-35,African American,7.5,95.3,Accepted
Nicholas Harris,26-35,African American,4.5,80.3,Rejected
Bonnie Contreras,36-45,African American,13.7,93.7,Accepted
Michael Adams,36-45,East Asian,14.6,88.5,Accepted
Julia Hodge,18-25,Caucasian,19.5,82.1,Accepted
Kerry Dixon,46-55,Hispanic,11.3,65.8,Rejected
Eric Smith,26-35,East Asian,14.0,81.6,Accepted
Tracy Elliott,36-45,East Asian,4.1,74.6,Rejected
Adam Miller,46-55,Hispanic,6.3,77.0,Rejected
Joseph Morris,36-45,East Asian,13.4,74.7,Rejected
Michael Cummings,46-55,Middle Eastern,15.0,82.3,Rejected
Bradley Munoz,46-55,Caucasian,8.5,77.0,Rejected
Patrick Garcia,36-45,South Asian,14.5,66.8,Rejected
Sydney Murphy,18-25,Caucasian,6.4,85.9,Accepted
Vanessa Murphy,46-55,Hispanic,16.5,74.5,Rejected
Robert Smith,36-45,South Asian,2.3,92.1,Accepted
Alyssa Aguilar,26-35,Middle Eastern,5.1,75.5,Rejected
Brandon Branch,56+,East Asian,6.9,89.0,Accepted
Mrs. Paige Smith,56+,Middle Eastern,2.9,88.0,Rejected
Raymond Ramirez,36-45,East Asian,14.6,97.5,Accepted
David Phillips,26-35,South Asian,17.7,95.9,Accepted
James Boyd,46-55,Caucasian,13.4,85.8,Accepted
Jason Doyle,36-45,South Asian,14.5,83.9,Accepted
Melissa Aguilar,18-25,Hispanic,7.7,92.5,Accepted
Krystal Valencia,36-45,South Asian,13.3,77.5,Rejected
Jessica Hill,18-25,Hispanic,1.3,74.6,Rejected
Paul Perry,56+,Hispanic,2.0,76.2,Rejected
Megan Woods,46-55,African American,5.9,66.2,Rejected
Tyler Parsons,26-35,African American,14.2,66.9,Rejected
Sabrina Baldwin,46-55,African American,6.4,73.8,Rejected
Stephanie Brown,56+,Caucasian,19.1,84.6,Accepted
Peggy Kim,18-25,South Asian,13.5,66.6,Rejected
Antonio Miller,36-45,Middle Eastern,8.5,84.6,Rejected
Scott Bennett,46-55,East Asian,15.5,68.9,Rejected
Kristi Berry,46-55,African American,3.7,72.7,Rejected
Hannah Robinson,46-55,African American,18.2,87.6,Rejected
Lisa Taylor,56+,Hispanic,7.7,82.9,Rejected
Troy Vincent,56+,South Asian,9.3,85.4,Accepted
Ronnie Little,36-45,Caucasian,11.4,68.0,Rejected
Amy Nelson,26-35,Caucasian,12.2,70.0,Rejected
David Allen,18-25,Middle Eastern,11.8,89.8,Accepted
Charlene Frazier,18-25,South Asian,6.0,79.9,Rejected
Laura Figueroa,56+,East Asian,19.9,96.5,Accepted
Maria Lewis,36-45,Hispanic,11.0,67.5,Rejected
Tommy Smith,18-25,African American,11.9,80.3,Rejected
Raymond Lopez,46-55,East Asian,12.0,91.0,Accepted
Traci Simon,18-25,East Asian,16.0,81.1,Accepted
Juan Santana,26-35,Hispanic,11.1,73.7,Rejected
Jessica Jacobs,18-25,East Asian,15.3,90.6,Accepted
Mr. Bruce Lopez,26-35,East Asian,15.4,88.9,Accepted
Debra Miller,46-55,South Asian,1.5,68.7,Rejected
Gina Walker,18-25,Middle Eastern,2.5,92.2,Accepted
Julie Mason,18-25,Middle Eastern,12.8,72.7,Rejected
Mark Sullivan,26-35,Caucasian,7.7,74.0,Rejected
Stephanie Edwards,26-35,African American,16.2,70.1,Rejected
Bryan Hansen,18-25,South Asian,14.6,67.2,Rejected
Melissa Huber,36-45,African American,19.5,96.4,Accepted
Wendy Thompson,18-25,African American,6.5,87.5,Rejected
Elizabeth Liu,18-25,Hispanic,16.9,93.5,Accepted
Gabriel Mitchell,46-55,Middle Eastern,4.8,85.1,Rejected
Jackie Fox,26-35,Caucasian,3.2,79.3,Rejected
Barbara Davis,46-55,South Asian,15.0,86.6,Accepted
Adrian Oneill,46-55,Hispanic,6.1,72.0,Rejected
Michelle Rodriguez,56+,Middle Eastern,13.4,76.1,Rejected
Stephanie Johnson,18-25,South Asian,2.2,85.1,Accepted
Debbie Butler,56+,East Asian,12.7,93.2,Accepted
David Walker,56+,South Asian,14.7,85.7,Accepted
John Gibson,56+,East Asian,17.7,71.0,Rejected
Jillian Watkins,56+,Middle Eastern,2.4,85.1,Rejected
Steven Robinson,26-35,Hispanic,17.9,67.2,Rejected
Brian King MD,18-25,Middle Eastern,17.5,95.2,Accepted
Kurt Steele,18-25,South Asian,6.6,90.8,Accepted
Joshua Mckenzie,56+,Caucasian,2.9,98.8,Accepted
Marc Rodriguez,36-45,East Asian,11.4,98.0,Accepted
Jose King,36-45,East Asian,12.8,78.1,Rejected
Alyssa Miller,36-45,African American,3.1,72.7,Rejected
Karen Lloyd,46-55,East Asian,16.2,66.3,Rejected
Timothy Esparza,46-55,Hispanic,3.0,90.7,Rejected
Rachel Johnson,46-55,Caucasian,15.4,75.7,Rejected
Gloria Browning,18-25,Caucasian,7.6,68.8,Rejected
Eric Williams,18-25,Caucasian,13.4,89.9,Accepted
Christopher Moore,46-55,Hispanic,13.1,75.6,Rejected
Shannon Mendez DDS,36-45,Caucasian,8.5,80.6,Accepted
Vincent Jenkins,36-45,South Asian,7.8,69.7,Rejected
Martha Thompson,26-35,Caucasian,9.6,84.5,Accepted
Mario Medina,18-25,African American,15.6,68.2,Rejected
Janet Griffin,46-55,South Asian,9.5,88.5,Accepted
Susan Hernandez,36-45,African American,6.7,93.7,Accepted
Christopher Robles,26-35,Hispanic,4.8,85.8,Rejected
John Salinas,56+,Middle Eastern,15.8,87.3,Rejected
Brenda Fox,18-25,South Asian,3.4,88.5,Accepted
Jonathan Torres,36-45,South Asian,1.9,82.1,Accepted
Rebecca Rodriguez,46-55,Hispanic,8.1,72.1,Rejected
Denise Kennedy,36-45,East Asian,9.5,83.0,Accepted
Wanda Rocha,46-55,Middle Eastern,9.6,68.0,Rejected
Laura Conley,18-25,Hispanic,14.9,72.5,Rejected
Dr. Lacey Johnson,36-45,East Asian,17.3,94.2,Accepted
Chad Douglas,26-35,East Asian,18.6,91.6,Accepted
Steven Owens,26-35,South Asian,3.2,70.9,Rejected
Chad Nguyen,26-35,East Asian,4.4,92.9,Accepted
Edward Lamb,36-45,Middle Eastern,9.4,93.8,Accepted
Elizabeth Hayes,56+,African American,1.9,87.2,Rejected
Matthew Pineda,56+,South Asian,5.6,71.4,Rejected
Brittany Gomez,36-45,Hispanic,16.7,69.2,Rejected
Timothy Parker,26-35,East Asian,15.9,77.4,Rejected
Beth Macdonald,18-25,South Asian,3.3,84.8,Accepted
Mr. Andrew Smith,26-35,African American,15.2,88.4,Accepted
Timothy Robles,46-55,Middle Eastern,19.0,74.4,Rejected
Alicia Barber,56+,Hispanic,12.8,94.9,Accepted
Diane Mejia,46-55,South Asian,18.8,97.9,Accepted
Laura Gregory,46-55,South Asian,16.0,72.6,Rejected
Shannon Decker,36-45,African American,7.2,72.9,Rejected
Kevin Robinson,46-55,East Asian,10.3,65.7,Rejected
Kevin Kennedy,46-55,South Asian,5.0,95.8,Accepted
Mitchell Hale,56+,East Asian,2.0,74.4,Rejected
Ashley Howard,26-35,Middle Eastern,14.1,84.7,Rejected
Jennifer Vargas,36-45,East Asian,15.0,91.3,Accepted
Shelley Hines,56+,South Asian,14.9,81.8,Rejected
Clifford Conley,56+,Hispanic,9.8,78.4,Rejected
Cynthia Coleman MD,26-35,Caucasian,5.4,93.5,Accepted
Marco Davis,26-35,Hispanic,3.1,90.5,Accepted
Peter Alvarez,46-55,Caucasian,1.7,90.5,Accepted
Kayla Rodriguez,26-35,Caucasian,7.4,70.2,Rejected
Bryan Bailey,18-25,Hispanic,12.5,75.9,Rejected
Tammy Paul,56+,East Asian,10.9,67.7,Rejected
Jennifer Knight,36-45,Middle Eastern,12.7,72.7,Rejected
Bradley Wells,56+,Caucasian,15.7,90.5,Accepted
Meagan Huff,26-35,Caucasian,15.2,71.6,Rejected
Roberto Small,46-55,South Asian,10.7,74.8,Rejected
Laura Steele,56+,Middle Eastern,14.1,78.6,Rejected
Kathleen Montes,36-45,Caucasian,12.5,79.4,Rejected
Jeffrey Nelson,36-45,Middle Eastern,14.6,66.0,Rejected
Robin Conner,36-45,African American,9.7,89.0,Accepted
Molly Webb,56+,Hispanic,19.0,79.6,Rejected
Steven Weaver,26-35,Hispanic,17.0,87.9,Rejected
Jason Peck,46-55,African American,9.3,85.1,Rejected
Lisa Holmes,36-45,Middle Eastern,6.6,85.6,Rejected
Nancy Cortez,26-35,Middle Eastern,2.4,84.8,Rejected
Joseph Flores,18-25,African American,13.4,74.4,Rejected
Charles Dean,46-55,South Asian,5.5,84.1,Accepted
Tyler Barrett,56+,African American,4.1,87.9,Rejected
Robert Jones,46-55,Hispanic,19.7,95.1,Accepted
Michael Kelly,56+,Middle Eastern,12.1,97.5,Accepted
Christina Smith,56+,African American,13.9,98.3,Accepted
Anne Rice,46-55,South Asian,18.0,77.0,Rejected
Tina Small,46-55,Middle Eastern,2.7,73.7,Rejected
Vincent Doyle,18-25,African American,1.2,87.4,Rejected
Carolyn Porter,26-35,Hispanic,8.8,96.5,Accepted
Marie Wagner,56+,Hispanic,19.3,76.8,Rejected
Lauren Lewis,46-55,South Asian,17.7,96.6,Accepted
Vincent Smith,36-45,Middle Eastern,1.8,82.8,Rejected
Mariah Wolf,56+,Caucasian,19.4,93.2,Accepted
Terry Small,46-55,Caucasian,1.2,67.3,Rejected
Tara Copeland,26-35,Middle Eastern,1.6,87.5,Rejected
Amy Mendoza,56+,South Asian,13.1,78.6,Rejected
Kevin Ford,46-55,South Asian,13.6,75.8,Rejected
Dwayne Armstrong MD,18-25,Hispanic,12.1,81.0,Rejected
Kristine Valentine,36-45,Caucasian,17.1,80.9,Accepted
Christie Miller,26-35,Middle Eastern,19.9,87.0,Rejected
Lee Blackwell,36-45,Hispanic,2.0,94.5,Accepted
Charles Graham,18-25,African American,2.8,94.0,Accepted
James Jenkins,46-55,Hispanic,18.9,70.5,Rejected
Victor Turner,18-25,African American,13.7,86.4,Rejected
Dominique Shelton,18-25,African American,14.7,75.3,Rejected
Cindy Fry,46-55,Hispanic,9.7,74.2,Rejected
Michael Dunn,46-55,East Asian,9.4,91.1,Accepted
Kenneth Brown,46-55,Hispanic,6.8,70.3,Rejected
Christopher Mendoza,36-45,South Asian,13.1,71.8,Rejected
Jennifer Miller,36-45,Hispanic,7.6,84.1,Rejected
Jenny Bates,18-25,Caucasian,6.8,77.2,Rejected
Judy Martinez,56+,Middle Eastern,3.8,86.1,Rejected
Mathew Cline,18-25,South Asian,12.7,86.2,Accepted
Nicole Gonzalez,56+,Caucasian,2.5,92.5,Accepted
Leslie Jones,46-55,South Asian,4.5,76.2,Rejected
Regina Dillon,18-25,South Asian,6.9,95.8,Accepted
Brett Barrett,56+,East Asian,8.3,75.9,Rejected
Stacy Phillips,36-45,East Asian,18.6,86.7,Accepted
David Leonard,18-25,African American,5.4,97.9,Accepted
Jennifer Hill,18-25,Middle Eastern,1.3,67.6,Rejected
Rhonda Phillips,18-25,Caucasian,4.8,70.6,Rejected
William Myers,18-25,Caucasian,18.6,94.8,Accepted
Joseph King,56+,Hispanic,1.8,92.3,Accepted
Robert Howell,46-55,African American,16.8,81.4,Rejected
David Stewart,26-35,African American,12.8,70.9,Rejected
Brooke Hopkins,18-25,Middle Eastern,19.5,91.2,Accepted
Crystal Hunter,46-55,African American,7.0,79.2,Rejected
Amy Phillips,26-35,Hispanic,3.1,87.9,Rejected
Linda Henry,56+,East Asian,15.6,76.4,Rejected
Tracy Davis,46-55,South Asian,14.7,83.7,Accepted
Richard Munoz,56+,East Asian,4.3,82.1,Rejected
Meagan Tucker,36-45,East Asian,8.0,96.2,Accepted
Kenneth Christian,46-55,Hispanic,8.7,81.9,Rejected
Julia Zavala,36-45,Hispanic,13.1,87.7,Rejected
Makayla Welch,46-55,Caucasian,1.6,89.4,Accepted
Bradley Mason,26-35,African American,14.6,89.4,Accepted
Cameron Harmon,46-55,Caucasian,16.6,68.6,Rejected
David Gray,56+,East Asian,6.2,69.4,Rejected
Travis Moore,56+,Hispanic,3.8,87.0,Rejected
Brian Miller,26-35,Middle Eastern,7.9,74.7,Rejected
Darren Haas,36-45,South Asian,9.3,99.0,Accepted
Jeffrey Williams,18-25,African American,16.0,77.7,Rejected
Mr. John Hill,18-25,South Asian,6.1,89.2,Accepted
Robert Rogers,18-25,East Asian,4.1,84.4,Accepted
Gregory Harris,18-25,Caucasian,7.2,70.8,Rejected
Nicholas Owen,26-35,African American,7.5,77.2,Rejected
Theresa Villegas,18-25,East Asian,13.7,78.3,Rejected
Brandon Hicks,18-25,South Asian,10.9,82.2,Accepted
Stephen Torres,18-25,Middle Eastern,14.4,66.9,Rejected
Kelly Taylor,36-45,South Asian,2.7,71.0,Rejected
Robert Ortiz,56+,Middle Eastern,5.5,83.2,Rejected
Heather Sawyer,26-35,African American,1.3,82.6,Rejected
Kimberly Harper,26-35,Middle Eastern,15.1,71.8,Rejected
John Roberts,56+,South Asian,5.5,87.3,Accepted
April Bennett,56+,South Asian,14.7,68.0,Rejected
Gregory Woodard,46-55,Hispanic,14.8,82.3,Rejected
William Benson MD,46-55,Hispanic,1.1,90.9,Rejected
Jeffrey Rose,26-35,African American,7.9,87.0,Rejected
Meagan Cook,36-45,African American,17.9,67.6,Rejected
Nicole Mitchell,36-45,African American,16.4,78.3,Rejected
Cynthia Rojas,36-45,African American,7.3,68.2,Rejected
Michelle Buck,26-35,South Asian,18.0,84.6,Accepted
Lisa Hicks,36-45,African American,1.1,90.6,Accepted
Elizabeth Smith,18-25,Middle Eastern,9.0,87.4,Rejected
Kevin Gross,56+,Hispanic,7.0,90.3,Rejected
Michael Stewart,36-45,South Asian,9.9,78.6,Rejected
Katherine Lewis,36-45,African American,1.6,95.7,Accepted
Dalton Hall,56+,Middle Eastern,14.4,78.7,Rejected
William Jones,26-35,Middle Eastern,3.2,69.8,Rejected
Melanie Merritt,26-35,African American,10.9,89.1,Accepted
Erik Clayton,26-35,Middle Eastern,20.0,72.8,Rejected
Lori Harvey,56+,East Asian,3.1,86.8,Accepted
Mike Hudson,26-35,Hispanic,6.3,66.4,Rejected
Jennifer Jackson,26-35,South Asian,4.5,71.4,Rejected
Dr. Allen Howard DDS,26-35,Middle Eastern,13.7,79.7,Rejected
Sheryl Keller,26-35,African American,3.0,97.0,Accepted
Brian Barnes,46-55,South Asian,9.3,93.1,Accepted
Jake Stewart,46-55,African American,19.5,73.0,Rejected
Andrew Hunt,26-35,Hispanic,5.5,73.8,Rejected
Alexandra Spears,18-25,Hispanic,19.9,91.4,Accepted
Kelli Lopez,36-45,Caucasian,11.4,68.6,Rejected
Kim Barrett,18-25,Hispanic,4.7,80.9,Rejected
Michael Reid,26-35,Hispanic,19.4,75.8,Rejected
Christian Chan,26-35,African American,6.0,83.3,Rejected
Lori Pham,46-55,Hispanic,15.6,79.2,Rejected
Tracy Randall,36-45,African American,14.6,74.2,Rejected
Kimberly Crosby,56+,African American,14.0,71.3,Rejected
Gary Wilson,46-55,Middle Eastern,3.8,67.4,Rejected
Larry Lopez,18-25,Middle Eastern,1.3,69.9,Rejected
Sierra Cooper,18-25,African American,9.9,69.2,Rejected
Stephanie Sanchez,18-25,South Asian,9.1,91.6,Accepted
Katelyn Ellis,56+,South Asian,2.1,91.1,Accepted
Laura Ramos,56+,East Asian,13.0,84.5,Accepted
James Collins,26-35,Caucasian,14.3,96.7,Accepted
Jessica Morgan,36-45,Hispanic,11.3,68.4,Rejected
Jennifer Booth,18-25,South Asian,3.6,96.7,Accepted
Justin Bryant,18-25,East Asian,14.2,70.7,Rejected
Lindsay Smith,26-35,Caucasian,15.2,80.1,Accepted
Laura Murphy,18-25,African American,14.8,92.4,Accepted
Eric Reed,18-25,African American,12.4,97.7,Accepted
Melissa Wood,26-35,Hispanic,16.1,67.3,Rejected
Theresa Flores,26-35,Middle Eastern,14.4,82.5,Rejected
Cheryl Walker,26-35,African American,1.1,83.0,Rejected
Marc Brewer,36-45,African American,10.2,80.2,Rejected
Bryan Wright,46-55,South Asian,16.0,72.5,Rejected
Rebecca Wright,36-45,African American,16.7,77.8,Rejected
Jessica Moreno,26-35,African American,5.7,80.4,Rejected
Darren Wells,36-45,East Asian,19.0,88.9,Accepted
Donna Daugherty,36-45,Middle Eastern,10.8,72.1,Rejected
Robert King,26-35,East Asian,10.8,74.4,Rejected
Benjamin Ross,18-25,South Asian,11.0,81.8,Accepted
Steven Hanna,56+,South Asian,5.6,84.6,Accepted
Rebecca Shields,56+,African American,9.4,95.2,Accepted
Matthew Graham,36-45,Middle Eastern,14.6,90.2,Accepted
Calvin Gonzalez,36-45,Caucasian,18.9,89.8,Accepted
Rebecca Bennett,26-35,Middle Eastern,3.8,80.4,Rejected
Diana Payne,18-25,Hispanic,12.1,93.0,Accepted
Jennifer Williams,18-25,South Asian,15.5,66.5,Rejected
Kristen Davis,36-45,Caucasian,16.9,90.4,Accepted
Meagan Arnold,26-35,South Asian,7.9,97.6,Accepted
Amy Frank,46-55,Middle Eastern,11.4,66.2,Rejected
Teresa Fowler,36-45,Hispanic,10.8,94.1,Accepted
Earl Coleman,36-45,South Asian,7.9,74.4,Rejected
Cesar Gill,46-55,Hispanic,3.8,89.7,Rejected
Spencer Sutton,46-55,East Asian,9.9,95.0,Accepted
Jose Roberts,46-55,East Asian,11.3,80.4,Rejected
Brandy Beltran,56+,Caucasian,7.3,69.8,Rejected
Leah Nichols,56+,Caucasian,19.0,67.4,Rejected
Robyn Mason,18-25,East Asian,5.2,87.0,Accepted
Paula Murphy,46-55,African American,5.8,74.3,Rejected
Mr. Brady Williams,46-55,African American,12.6,80.8,Rejected
Curtis Buckley,56+,South Asian,18.2,83.0,Accepted
Charles Kelley,18-25,Hispanic,10.1,96.4,Accepted
Tony Campbell,46-55,South Asian,3.3,95.1,Accepted
Samantha George,36-45,East Asian,2.3,84.6,Accepted
Jessica Byrd,26-35,African American,13.2,82.0,Rejected
Bridget James DDS,36-45,Caucasian,18.1,68.1,Rejected
Mary Spears,26-35,East Asian,5.3,78.6,Rejected
Jessica Bonilla,56+,Caucasian,7.1,92.3,Accepted
Mr. David Alexander DDS,26-35,East Asian,14.2,91.1,Accepted
Kevin Morris,46-55,Caucasian,11.5,68.3,Rejected
Matthew Haney,46-55,African American,6.0,94.7,Accepted
Frank Mooney,18-25,Middle Eastern,15.9,92.5,Accepted
Charles Bender,26-35,Middle Eastern,8.7,85.0,Rejected
Joseph Morrison,26-35,African American,11.7,83.9,Rejected
Andrew Cooper,26-35,Middle Eastern,9.4,69.0,Rejected
Andre Mcgee,36-45,Middle Eastern,12.7,98.1,Accepted
Robert Moody,46-55,African American,15.6,72.6,Rejected
Kathleen Chavez,56+,Hispanic,1.2,90.4,Rejected
Michael James,18-25,Caucasian,19.7,75.0,Rejected
Jasmine Santos,36-45,East Asian,2.4,90.2,Accepted
Danielle Anderson,26-35,East Asian,11.7,65.5,Rejected
Tiffany Klein,18-25,Hispanic,3.6,98.0,Accepted
Rebecca Brown,26-35,Hispanic,9.1,74.5,Rejected
James Salinas,56+,Hispanic,16.7,74.7,Rejected
April Pratt,56+,Caucasian,7.5,69.3,Rejected
Frederick Craig,56+,African American,16.7,74.7,Rejected
Lisa Barker,46-55,South Asian,11.3,96.7,Accepted
Paul Mays,36-45,Middle Eastern,12.0,69.5,Rejected
William Page,36-45,Caucasian,2.3,91.4,Accepted
Chad Odonnell,36-45,African American,20.0,70.9,Rejected
Brianna Martin,26-35,Hispanic,13.7,83.2,Rejected
Carolyn Mcfarland,26-35,Hispanic,10.0,74.0,Rejected
Ms. Meagan Garza,18-25,African American,1.1,87.3,Rejected
Tony Townsend,46-55,Caucasian,3.1,87.2,Accepted
Joshua Williams,18-25,Caucasian,3.1,87.3,Accepted
Brandon Williams,46-55,South Asian,7.4,82.5,Rejected
Marvin Estes,36-45,Middle Eastern,13.8,96.1,Accepted
Billy Carr,26-35,South Asian,15.3,68.2,Rejected
Gabriel Sims,56+,East Asian,3.0,84.1,Accepted
Mary Robinson,36-45,Middle Eastern,10.6,81.5,Rejected
Mario Ramirez,18-25,East Asian,9.7,92.5,Accepted
Catherine Brown,46-55,African American,4.4,78.3,Rejected
Jason Doyle,26-35,Middle Eastern,1.1,66.8,Rejected
Lawrence Johnson,18-25,Hispanic,10.8,83.8,Rejected
Julie Garcia,26-35,Caucasian,5.2,92.3,Accepted
Kimberly Dixon,36-45,Caucasian,4.7,88.1,Accepted
Kevin Diaz,46-55,Middle Eastern,1.3,71.3,Rejected
James Lopez,56+,African American,3.9,83.6,Rejected
Paul Robinson,18-25,African American,14.5,76.4,Rejected
Christopher Rivas,18-25,Hispanic,8.8,70.0,Rejected
Carrie Foster,18-25,Middle Eastern,10.3,77.1,Rejected
Scott Rodriguez,18-25,Middle Eastern,9.8,73.7,Rejected
Melissa Thomas,56+,Caucasian,3.3,69.5,Rejected
Michaela Owens,26-35,Middle Eastern,11.6,74.2,Rejected
Aaron Avila,46-55,African American,1.9,81.8,Rejected
Anna Vaughan,46-55,East Asian,19.0,98.6,Accepted
Brooke Avery,56+,South Asian,17.5,66.6,Rejected
John Carpenter,56+,Hispanic,7.9,94.4,Accepted
Phillip Torres,36-45,Hispanic,19.5,81.1,Rejected
Dylan Perez,36-45,Hispanic,16.7,76.2,Rejected
Kathryn Hardy,56+,Middle Eastern,10.3,73.2,Rejected
Angela Williams,26-35,Middle Eastern,4.5,86.8,Rejected
Robert Gutierrez,56+,East Asian,12.5,79.8,Rejected
Cameron Rodriguez,26-35,Hispanic,8.4,81.3,Rejected
Mark Smith,36-45,Middle Eastern,4.5,80.9,Rejected
Margaret King,26-35,Hispanic,15.4,98.5,Accepted
Christopher Powell,46-55,South Asian,14.3,78.0,Rejected
Michael Rivera,26-35,South Asian,4.0,68.9,Rejected
Bonnie Davis,56+,East Asian,13.7,95.0,Accepted
Veronica Fernandez,56+,African American,6.8,92.3,Accepted
Kenneth Moyer,46-55,East Asian,18.9,72.3,Rejected
Kathleen Burton,18-25,Hispanic,15.8,98.4,Accepted
Lauren Hudson,36-45,Caucasian,6.9,73.7,Rejected
Michael Miller,36-45,African American,6.1,91.7,Accepted
John Roach,26-35,Hispanic,12.5,98.3,Accepted
Daniel Harvey,36-45,South Asian,12.1,98.8,Accepted
Steven Moore,56+,Caucasian,11.7,96.0,Accepted
Jeremy Bean,56+,East Asian,18.7,76.1,Rejected
Julia Riley PhD,56+,Hispanic,14.3,92.2,Accepted
Jordan Holmes,18-25,Middle Eastern,19.7,89.7,Accepted
Catherine Wong,26-35,Hispanic,4.5,86.9,Rejected
Jordan Downs,36-45,Hispanic,15.9,95.9,Accepted
Dr. Crystal Lowery,46-55,East Asian,2.6,84.5,Accepted
Eric Jordan,18-25,Middle Eastern,12.2,84.2,Rejected
David Taylor,56+,East Asian,3.6,73.1,Rejected
Barbara Tran,36-45,South Asian,1.6,85.3,Accepted
Zachary Lee,26-35,Middle Eastern,6.7,77.4,Rejected
Brenda Leblanc,26-35,African American,15.3,89.7,Accepted
Ronald Spencer,18-25,Middle Eastern,18.7,65.8,Rejected
Jacob Barr,18-25,Caucasian,5.6,95.8,Accepted
Steve Barrett,36-45,South Asian,7.8,98.0,Accepted
Andrew Peterson,26-35,East Asian,4.0,67.4,Rejected
Nathan Price,56+,Middle Eastern,18.2,68.0,Rejected
Amanda Costa,46-55,East Asian,3.7,78.3,Rejected
Robert Medina,18-25,Hispanic,11.4,96.4,Accepted
Rachel Simmons,46-55,African American,8.0,67.3,Rejected
Michelle Williams,56+,African American,12.8,68.6,Rejected
Mark Morris,36-45,Hispanic,6.4,69.4,Rejected
Justin Dunn,26-35,Hispanic,4.2,72.8,Rejected
Sierra Simmons,46-55,Middle Eastern,18.4,90.7,Rejected
Christopher Campbell,18-25,Hispanic,19.6,87.2,Rejected
Stacey Sanchez,18-25,African American,4.6,95.5,Accepted
Courtney Woodward,36-45,Hispanic,12.9,66.8,Rejected
Jeffrey Blake,26-35,East Asian,2.8,73.9,Rejected
Deanna Sawyer,18-25,South Asian,14.0,91.2,Accepted
Bryan Hardin,26-35,East Asian,18.9,87.8,Accepted
Louis White,36-45,African American,15.5,71.9,Rejected
Pamela Berg,56+,Middle Eastern,3.8,87.9,Rejected
James Lowery,46-55,African American,12.6,74.0,Rejected
Eric Wilson,46-55,African American,2.1,71.8,Rejected
Matthew Jenkins,46-55,Hispanic,18.3,75.0,Rejected
Joseph Guerra,36-45,Hispanic,5.0,69.0,Rejected
Jorge Pena,26-35,East Asian,14.4,82.1,Accepted
Christopher Schmitt,18-25,South Asian,7.6,72.2,Rejected
Johnny Newman,18-25,Middle Eastern,18.4,77.5,Rejected
Marie Jordan,56+,East Asian,14.9,86.6,Accepted
Gabriel Coleman,56+,South Asian,8.4,89.5,Accepted
Jake Wong,26-35,Middle Eastern,8.7,90.1,Accepted
George Hobbs,36-45,Hispanic,16.1,89.6,Accepted
Mrs. Kristine Thomas,18-25,East Asian,19.0,96.3,Accepted
Casey Miller,46-55,Caucasian,17.7,69.8,Rejected
Jeffery Little,36-45,East Asian,12.6,90.0,Accepted
Loretta King,26-35,South Asian,8.9,68.6,Rejected
Jeffrey Brown,56+,Hispanic,14.4,92.2,Accepted
Alison Meyer,56+,South Asian,18.1,94.4,Accepted
Joseph Rhodes,36-45,African American,16.8,73.3,Rejected
Christina Murray,56+,Caucasian,17.6,81.7,Rejected
Donna Phillips,26-35,Hispanic,5.3,95.3,Accepted
Margaret Livingston,56+,Caucasian,9.8,87.8,Accepted
Tammy Delgado,18-25,South Asian,1.4,98.6,Accepted
Rachel Wilson,36-45,Middle Eastern,10.4,74.8,Rejected
Dennis Ramirez,36-45,East Asian,2.2,81.1,Accepted
Douglas Ramirez,26-35,Caucasian,4.8,66.7,Rejected
Megan Carney,46-55,Middle Eastern,9.5,80.5,Rejected
Gregory Scott,46-55,Caucasian,14.1,69.7,Rejected
James Davis,26-35,Middle Eastern,5.3,95.3,Accepted
Willie Thomas,56+,Caucasian,1.3,69.7,Rejected
John Adams,18-25,Middle Eastern,15.0,86.9,Rejected
Michael Jones,18-25,Caucasian,1.8,85.4,Accepted
Crystal Ward,36-45,African American,12.5,76.8,Rejected
Jonathan Walters,18-25,Caucasian,4.4,79.4,Rejected
Kelly Burton,18-25,Caucasian,6.5,68.2,Rejected
Thomas Sanders,56+,Middle Eastern,17.3,91.5,Accepted
Jessica Howell,36-45,East Asian,4.9,77.9,Rejected
James Moore,46-55,Caucasian,12.1,95.1,Accepted
Don Miller,56+,South Asian,15.6,89.1,Accepted
Thomas Lopez,46-55,East Asian,3.2,78.4,Rejected
Andre Webb,36-45,African American,17.7,92.2,Accepted
Darren Patterson,56+,Middle Eastern,2.1,69.5,Rejected
Karla Sanders,56+,Caucasian,6.0,71.2,Rejected
Mary Fields,36-45,African American,12.6,74.8,Rejected
Jon Murphy,18-25,Middle Eastern,10.8,67.8,Rejected
Keith Johnson,18-25,African American,3.9,85.2,Rejected
Michael Miller,26-35,East Asian,2.1,87.3,Accepted
Alexandra Tyler,36-45,African American,5.9,86.0,Rejected
Michael Morgan,46-55,African American,13.8,73.1,Rejected
Taylor Wilson,26-35,South Asian,14.4,79.4,Rejected
Amy Powell,18-25,Caucasian,19.8,83.0,Accepted
Sarah Scott,26-35,Middle Eastern,1.7,92.7,Accepted
Tiffany Frost,56+,South Asian,4.8,71.1,Rejected
Michael Gonzalez,36-45,African American,11.5,96.1,Accepted
Holly Fisher,36-45,Caucasian,2.1,95.2,Accepted
Richard Morris,36-45,African American,17.3,95.6,Accepted
Bryan Parsons,26-35,Caucasian,13.2,96.3,Accepted
Carolyn Zavala,36-45,African American,19.2,91.2,Accepted
Thomas Woods,36-45,South Asian,3.0,90.3,Accepted
Joseph Welch,36-45,Middle Eastern,10.2,85.8,Rejected
Gregory Bailey,26-35,East Asian,11.6,84.1,Accepted
John Riley,56+,East Asian,18.4,79.6,Rejected
James Parker,18-25,South Asian,16.0,98.7,Accepted
Shelby Dodson,36-45,African American,17.3,68.8,Rejected
Louis Watson,26-35,Middle Eastern,17.4,68.3,Rejected
Benjamin Herring,36-45,Hispanic,12.9,88.9,Accepted
James Pineda,18-25,Hispanic,11.2,73.8,Rejected
Patrick Sanders Jr.,46-55,African American,2.5,89.2,Rejected
Jessica Beck,46-55,Middle Eastern,7.8,81.2,Rejected
Cassidy Tucker,36-45,African American,11.4,88.8,Accepted
Justin Woods,18-25,South Asian,16.2,65.0,Rejected
Robin Tapia,56+,Hispanic,13.3,81.9,Rejected
Christopher Cunningham,56+,South Asian,14.5,90.4,Accepted
William Bowman,46-55,East Asian,10.6,87.9,Accepted
Rodney Perry,46-55,East Asian,8.9,80.4,Rejected
Nathan Ruiz,26-35,Hispanic,13.8,79.7,Rejected
Jeffrey Terry,36-45,South Asian,17.6,91.8,Accepted
Denise Stone,46-55,South Asian,15.7,74.0,Rejected
Diane Hernandez DDS,56+,African American,11.7,68.7,Rejected
Ashley Delacruz,18-25,South Asian,14.3,87.0,Accepted
Katherine Black,26-35,East Asian,2.0,80.9,Accepted
Juan Torres DDS,56+,South Asian,1.6,89.9,Accepted
Patricia Santos,36-45,Caucasian,15.7,81.1,Accepted
Robert Meza,26-35,East Asian,14.2,92.3,Accepted
Mackenzie Carter,36-45,East Asian,18.6,66.5,Rejected
Amanda Gonzalez,26-35,African American,15.5,89.8,Accepted
Philip Fritz,18-25,African American,12.0,93.2,Accepted
Amanda Becker,36-45,Hispanic,11.5,70.3,Rejected
Richard Moore,18-25,Hispanic,10.2,73.5,Rejected
Robert Carroll,56+,Middle Eastern,16.9,66.7,Rejected
Christian Tran,18-25,Caucasian,13.6,97.6,Accepted
Michelle Jones,18-25,African American,14.4,96.0,Accepted
Richard Brown,18-25,Hispanic,14.0,89.6,Accepted
Tasha Christensen DDS,18-25,South Asian,5.5,69.5,Rejected
Daniel Shaw,46-55,Caucasian,5.6,71.6,Rejected
Lynn Lopez,56+,African American,19.0,72.1,Rejected
Brittany Little,18-25,Caucasian,8.8,69.9,Rejected
Sophia Stephens,18-25,East Asian,15.5,92.0,Accepted
Kari Smith,46-55,Middle Eastern,5.6,96.3,Accepted
Alexander Scott,36-45,South Asian,11.9,91.1,Accepted
George Jimenez,18-25,South Asian,7.3,66.4,Rejected
Michael Owens,36-45,East Asian,6.7,66.4,Rejected
Timothy Rojas,36-45,East Asian,1.7,69.0,Rejected
Victoria Lee,26-35,Hispanic,12.1,75.4,Rejected
Michael Green MD,18-25,South Asian,2.5,67.2,Rejected
Daniel Duncan,36-45,East Asian,1.1,83.9,Accepted
Darryl Lee,56+,Middle Eastern,7.5,95.5,Accepted
Miguel Paul,56+,Caucasian,1.5,77.1,Rejected
Ashley Wright,46-55,Middle Eastern,12.3,97.2,Accepted
Joseph Jones,18-25,Hispanic,14.0,71.1,Rejected
Alexis Flores,36-45,Hispanic,14.1,77.0,Rejected
Yolanda Newman,46-55,South Asian,6.2,77.1,Rejected
Elizabeth Jones,36-45,Hispanic,7.3,81.3,Rejected
Kevin Strong DDS,18-25,East Asian,10.3,76.9,Rejected
Kerry Hull,46-55,East Asian,10.1,73.1,Rejected
Shane Rodriguez,56+,Middle Eastern,5.4,76.9,Rejected
Dalton Gonzales,56+,Middle Eastern,17.4,88.3,Rejected
Kristi Ayers,56+,African American,11.8,94.5,Accepted
Mario Scott,56+,East Asian,3.7,72.6,Rejected
Lisa Olson,56+,Hispanic,5.1,70.5,Rejected
Laura Ryan,36-45,Middle Eastern,4.6,77.7,Rejected
Joshua Larson,18-25,East Asian,4.7,71.2,Rejected
Patrick Harris,56+,Hispanic,14.7,73.9,Rejected
Thomas Summers,46-55,Middle Eastern,5.7,75.3,Rejected
Alyssa Wheeler,36-45,African American,11.4,85.0,Rejected
Jessica Reynolds,36-45,South Asian,15.0,92.6,Accepted
Janet Diaz,46-55,Caucasian,17.9,78.3,Rejected
Rebecca Underwood,18-25,Middle Eastern,11.5,84.0,Rejected
Lindsey Nelson,46-55,Middle Eastern,3.1,81.6,Rejected
Kimberly Perkins,36-45,Middle Eastern,1.5,72.2,Rejected
Jonathan Garrett,26-35,South Asian,18.4,67.3,Rejected
Amanda Alvarado,18-25,East Asian,8.1,93.1,Accepted
Jacqueline Hutchinson,46-55,East Asian,9.2,71.6,Rejected
Deanna Coleman,26-35,Caucasian,14.0,90.3,Accepted
Zachary Whitaker,56+,African American,7.8,87.2,Rejected
Renee Harris,56+,Caucasian,18.0,91.9,Accepted
Craig Barry,26-35,Hispanic,16.7,77.8,Rejected
Joy Smith,56+,Hispanic,11.3,78.6,Rejected
Sheila Jones,56+,Caucasian,11.4,86.4,Accepted
Maureen Woods,36-45,South Asian,15.0,84.8,Accepted
Vincent Mcguire,56+,Middle Eastern,13.9,75.9,Rejected
Randy Green,36-45,Middle Eastern,10.7,76.0,Rejected
Matthew Davis,18-25,African American,18.2,80.7,Rejected
Beth Lara,56+,African American,13.5,73.8,Rejected
Phillip Vasquez,36-45,South Asian,17.7,71.5,Rejected
Francisco Tanner,56+,South Asian,17.0,94.1,Accepted
Timothy Garcia,56+,Caucasian,3.3,86.6,Accepted
Diana Tran,18-25,East Asian,8.2,85.7,Accepted
Anthony Robbins,36-45,Caucasian,18.3,86.7,Accepted
Joshua Johnson,18-25,Caucasian,16.4,78.5,Rejected
Sandra Evans,26-35,Caucasian,5.2,87.9,Accepted
Danielle Bishop,26-35,Middle Eastern,17.8,91.6,Accepted
Amanda Smith,18-25,Caucasian,4.6,74.8,Rejected
Lisa Anderson,26-35,Caucasian,16.7,85.3,Accepted
Alicia Freeman,18-25,African American,16.0,78.3,Rejected
Lauren Nguyen,46-55,East Asian,6.9,83.9,Accepted
Edward Klein,46-55,East Asian,14.4,96.3,Accepted
Brenda Bautista,18-25,Caucasian,14.2,91.2,Accepted
Thomas Martinez,46-55,South Asian,15.2,90.6,Accepted
Justin Davis,26-35,Caucasian,17.0,76.5,Rejected
Dr. Shannon Scott PhD,18-25,South Asian,16.4,86.0,Accepted
John Robinson,26-35,Middle Eastern,18.2,66.9,Rejected
Kathryn Johnson,18-25,African American,18.8,87.5,Rejected
John Rose,18-25,Hispanic,7.0,65.8,Rejected
Douglas Davis,36-45,African American,18.3,94.9,Accepted
John Abbott,18-25,Hispanic,6.3,66.4,Rejected
Caleb Jimenez,26-35,Hispanic,16.4,70.7,Rejected
Elizabeth Watkins,18-25,Middle Eastern,19.3,96.5,Accepted
Patricia Gould,26-35,Middle Eastern,17.1,97.1,Accepted
Thomas Moss,36-45,Caucasian,12.1,89.6,Accepted
Sarah Martin,26-35,Caucasian,10.0,78.6,Rejected
Sara Evans,56+,African American,9.3,70.4,Rejected
Jonathan Brown,46-55,African American,16.6,67.9,Rejected
Karen Chapman,26-35,Caucasian,8.8,95.8,Accepted
Edwin Ellis,56+,East Asian,1.8,81.3,Rejected
Benjamin Smith,26-35,Caucasian,18.8,68.3,Rejected
David Miranda,46-55,African American,16.7,93.2,Accepted
John Lozano,26-35,South Asian,1.3,75.2,Rejected
Mrs. Jacqueline Scott MD,56+,Middle Eastern,11.6,85.8,Rejected
Jennifer Wagner,46-55,Middle Eastern,13.5,92.8,Accepted
Donald Griffin,18-25,Caucasian,6.6,82.2,Accepted
Aaron Johnson DVM,18-25,East Asian,3.0,78.9,Rejected
Charles Graham,26-35,Caucasian,3.1,97.6,Accepted
Emily Ryan,26-35,Middle Eastern,1.8,66.1,Rejected
Anna Miranda,26-35,South Asian,10.9,98.7,Accepted
Charles Willis,36-45,Caucasian,7.9,81.7,Accepted
Lori Ortiz,36-45,Hispanic,1.7,94.3,Accepted
Alex Barron,56+,Middle Eastern,11.6,97.5,Accepted
Kenneth Williams,56+,Middle Eastern,9.6,90.6,Rejected
Nicole Russell,26-35,Middle Eastern,18.0,75.8,Rejected
Aaron Serrano,36-45,Middle Eastern,11.6,73.1,Rejected
Gary Rojas,18-25,Caucasian,15.4,72.4,Rejected
Linda Garcia,18-25,East Asian,15.4,92.6,Accepted
Lisa Johnson,18-25,Caucasian,8.8,71.2,Rejected
Jennifer Howard DDS,26-35,African American,8.6,90.3,Accepted
Diane Cain,46-55,Middle Eastern,16.0,90.7,Rejected
Dawn Campbell,18-25,South Asian,9.6,71.6,Rejected
Elizabeth Huffman,46-55,Middle Eastern,15.3,81.9,Rejected
David Rich,46-55,South Asian,8.3,69.9,Rejected
Donald Shaw,18-25,Hispanic,12.5,98.1,Accepted
Dr. Tiffany Pearson,46-55,South Asian,2.2,86.5,Accepted
Tammy Carpenter,18-25,South Asian,6.7,98.6,Accepted
Justin Henderson,18-25,Middle Eastern,7.7,67.1,Rejected
Ryan Harris,26-35,African American,17.4,77.9,Rejected
Justin Rivera,18-25,Caucasian,8.4,91.5,Accepted
Todd Rogers,46-55,Middle Eastern,12.6,77.9,Rejected
Joseph Thomas,56+,African American,16.5,74.3,Rejected
Joy Kirk,18-25,East Asian,12.5,92.0,Accepted
Chad Jones,18-25,South Asian,14.3,78.6,Rejected
Crystal Montgomery,18-25,South Asian,6.1,95.5,Accepted
Raymond Velez,46-55,East Asian,1.2,77.2,Rejected
Steven Fuller,36-45,African American,2.7,96.3,Accepted
Melissa Delgado,18-25,Caucasian,20.0,72.8,Rejected
Philip White,46-55,East Asian,1.3,71.6,Rejected
Charles Hoffman,46-55,African American,3.0,95.1,Accepted
Brenda Singleton DDS,56+,Caucasian,11.0,88.5,Accepted
Matthew Hernandez,26-35,Hispanic,19.1,77.6,Rejected
Julia Peters,18-25,Caucasian,10.3,66.8,Rejected
Audrey Henderson,26-35,Hispanic,16.4,74.0,Rejected
Stacy Robinson,18-25,South Asian,11.7,84.8,Accepted
Kathleen Chen,18-25,South Asian,19.2,91.7,Accepted
Nathan Russell,56+,Hispanic,15.5,70.9,Rejected
Robert Hansen,56+,Hispanic,13.4,96.9,Accepted
Michael Hammond,46-55,African American,1.2,67.5,Rejected
Luis Owens,26-35,East Asian,1.2,66.0,Rejected
Michael Brennan,18-25,Hispanic,13.8,66.8,Rejected
Jessica Cruz,56+,Middle Eastern,6.7,71.8,Rejected
Samantha Curtis,46-55,Middle Eastern,5.6,71.3,Rejected
Ana Gray,36-45,South Asian,3.1,67.0,Rejected
John Lee,46-55,East Asian,17.8,88.0,Accepted
Jerry Mills,56+,Hispanic,14.2,93.3,Accepted
Natalie Patel,46-55,South Asian,2.0,77.4,Rejected
Erin Greer,46-55,Caucasian,18.5,68.7,Rejected
Christina Howell,56+,African American,5.6,68.8,Rejected
James Porter,56+,South Asian,3.5,89.7,Accepted
Traci Walker,46-55,Caucasian,12.4,92.6,Accepted
Brian Spence,18-25,Middle Eastern,19.7,86.2,Rejected
Devon Robinson,36-45,Caucasian,15.8,68.9,Rejected
Ashley Adams,26-35,Hispanic,8.4,90.3,Accepted
Deborah Robinson,18-25,South Asian,15.8,75.8,Rejected
Maria Lang,36-45,African American,7.0,71.7,Rejected
Joshua Prince,26-35,Middle Eastern,18.0,80.6,Rejected
Christopher Leach,46-55,African American,2.1,90.7,Rejected
John Diaz,56+,South Asian,2.7,90.4,Accepted
George Beltran,26-35,South Asian,1.1,90.3,Accepted
Luis Diaz,46-55,Hispanic,7.0,78.2,Rejected
Matthew Bird,56+,Caucasian,1.3,65.2,Rejected
Drew Zimmerman,36-45,Caucasian,15.4,80.2,Accepted
Mary Robinson,46-55,East Asian,3.2,98.9,Accepted
Dorothy Shannon,18-25,African American,3.6,78.8,Rejected
Jennifer Taylor,18-25,South Asian,10.7,78.9,Rejected
Kayla Mendoza,36-45,East Asian,14.2,92.3,Accepted
Andrea Ford,36-45,Caucasian,17.4,70.1,Rejected
Leslie Marshall,18-25,Caucasian,12.9,98.2,Accepted
Logan Williams,46-55,South Asian,8.3,83.5,Accepted
Darryl Reid,26-35,East Asian,10.0,70.7,Rejected
Robert Cooper,56+,East Asian,3.8,81.0,Rejected
Jesse Douglas,26-35,Hispanic,4.2,74.9,Rejected
Summer Lynn,56+,South Asian,8.4,80.7,Rejected
Mary Montgomery,36-45,South Asian,12.1,89.0,Accepted
Steve Cabrera,46-55,East Asian,1.1,79.6,Rejected
Timothy Peters,26-35,Hispanic,1.9,81.3,Rejected
Michael Jackson,56+,South Asian,10.6,90.3,Accepted
Laura Cisneros,18-25,Caucasian,13.2,81.6,Accepted
Joshua Carroll,46-55,South Asian,16.7,96.7,Accepted
Mitchell Simmons,36-45,African American,16.8,76.2,Rejected
Mr. David Bennett,56+,South Asian,16.0,90.8,Accepted
Angela Watts,26-35,Caucasian,5.3,67.7,Rejected
David Turner,46-55,East Asian,14.4,96.7,Accepted
Brian Diaz,18-25,South Asian,13.0,74.4,Rejected
Steven Conway,18-25,Caucasian,1.9,67.3,Rejected
Diana Johnson,26-35,Hispanic,17.3,81.4,Rejected
Jessica Stein,36-45,East Asian,4.6,88.1,Accepted
Matthew Bryant,36-45,African American,10.1,82.1,Rejected
Erica Terrell,36-45,East Asian,8.0,91.8,Accepted
Maurice Adams,18-25,South Asian,17.5,98.7,Accepted
Jordan Jones,56+,African American,17.1,96.5,Accepted
Patricia Ross,18-25,Middle Eastern,1.7,91.7,Accepted
Kyle Chen,46-55,South Asian,4.2,78.7,Rejected
Dr. Brianna Kelly,56+,Caucasian,11.9,95.3,Accepted
Sarah Thomas,36-45,African American,13.9,75.2,Rejected
Jennifer Harmon,56+,Hispanic,19.1,92.5,Accepted
Victoria Ingram,26-35,Middle Eastern,11.4,70.8,Rejected
Megan Mills,56+,Middle Eastern,13.2,69.0,Rejected
David Sullivan,26-35,Middle Eastern,19.2,84.7,Rejected
Carlos Farmer,26-35,Caucasian,7.1,90.3,Accepted
Lisa Arnold,56+,African American,12.3,98.8,Accepted
Andrew Turner,36-45,African American,13.9,97.4,Accepted
Benjamin Duncan,56+,Hispanic,18.8,71.0,Rejected
Cindy Knight,46-55,Caucasian,15.9,84.8,Accepted
Beth Hopkins,36-45,African American,11.8,70.8,Rejected
Amy Campbell,56+,East Asian,13.8,77.9,Rejected
Jacob Barker,46-55,Middle Eastern,3.0,74.0,Rejected
Kristen Sutton,36-45,Hispanic,14.5,66.6,Rejected
Gabriel Cameron,26-35,East Asian,13.4,70.9,Rejected
Darrell Ruiz,26-35,Middle Eastern,1.7,76.6,Rejected
Tracey Harris,26-35,Caucasian,17.4,78.5,Rejected
Rebecca Schultz,46-55,Hispanic,14.5,69.7,Rejected
Latoya Evans,26-35,African American,4.8,97.4,Accepted
Samantha Moore,18-25,East Asian,4.1,92.4,Accepted
Nicole Thompson,56+,African American,2.8,78.5,Rejected
Aaron Figueroa,36-45,African American,14.0,74.4,Rejected
Kendra Nelson,46-55,South Asian,7.8,71.1,Rejected
James Davis MD,56+,Middle Eastern,5.3,76.6,Rejected
Andrew Nguyen,46-55,South Asian,16.7,78.0,Rejected
Kristin Jones,36-45,Hispanic,5.2,80.1,Rejected
Michelle Ramos,46-55,Caucasian,4.9,76.2,Rejected
Ronald Harris,36-45,South Asian,13.8,85.3,Accepted
Andrew Jones,26-35,South Asian,9.5,90.5,Accepted
Devin Newton,18-25,Caucasian,10.4,78.7,Rejected
Nathaniel Duncan,26-35,South Asian,15.1,72.0,Rejected
Richard Green,18-25,Caucasian,9.5,86.8,Accepted
Stephanie Yu,46-55,East Asian,16.1,69.6,Rejected
Amanda Johnson,26-35,South Asian,15.4,91.1,Accepted
Scott Shannon,36-45,Caucasian,10.0,88.4,Accepted
Amber Simpson,36-45,African American,18.5,96.1,Accepted
Kim Ballard,56+,Middle Eastern,14.2,98.9,Accepted
Sarah Quinn,18-25,Caucasian,3.7,73.0,Rejected
Jimmy Clark MD,56+,Caucasian,9.4,69.5,Rejected
Robert Rivas,18-25,South Asian,1.1,68.2,Rejected
William Mendoza,36-45,East Asian,1.9,68.2,Rejected
Desiree Mcpherson,56+,South Asian,13.1,73.1,Rejected
John Becker,56+,Caucasian,2.9,65.4,Rejected
Christina Walker,56+,African American,10.8,73.9,Rejected
Randall Miller,26-35,Middle Eastern,1.7,98.5,Accepted
Cindy Pruitt,46-55,East Asian,17.3,79.6,Rejected
Judith Grimes,26-35,Caucasian,18.9,70.2,Rejected
Rachel Brown,18-25,East Asian,4.0,80.7,Accepted
Deanna Joseph,36-45,Caucasian,17.7,69.8,Rejected
Bradley Peters,18-25,African American,11.1,89.8,Accepted
Chelsea Thomas,26-35,Middle Eastern,9.6,75.8,Rejected
Grace Zamora,26-35,Middle Eastern,12.4,79.4,Rejected
Kyle Thompson,46-55,Middle Eastern,16.2,68.7,Rejected
Adrienne Cardenas,18-25,Middle Eastern,13.4,86.6,Rejected
Rachel Rogers PhD,26-35,Hispanic,3.2,91.7,Accepted
Nancy Jones,26-35,South Asian,9.0,97.3,Accepted
Sarah Parsons,46-55,Hispanic,16.5,93.6,Accepted
Brandon Randolph,46-55,African American,17.7,93.2,Accepted
Adam Smith,56+,Middle Eastern,2.9,77.4,Rejected
Jesse Hicks,26-35,East Asian,19.5,68.1,Rejected
Stephen Davis,36-45,Middle Eastern,6.0,83.0,Rejected
Edward Meza,26-35,African American,15.3,92.4,Accepted
Lisa Payne,18-25,Middle Eastern,15.5,85.9,Rejected
Christy Becker,36-45,Middle Eastern,17.6,95.1,Accepted
Susan Mclaughlin,36-45,Middle Eastern,9.5,73.4,Rejected
Jennifer Rush,56+,East Asian,14.8,97.0,Accepted
Stacy Walker,56+,Caucasian,5.7,65.2,Rejected
Morgan Gonzalez,26-35,African American,18.4,68.5,Rejected
Erica Cook,46-55,East Asian,2.8,85.1,Accepted
Michael Robinson,26-35,Hispanic,5.5,82.0,Rejected
Nicole Mejia,56+,East Asian,10.9,68.6,Rejected
Randy Martin,18-25,East Asian,1.5,91.1,Accepted
Susan Reed,26-35,South Asian,19.3,83.9,Accepted
William Aguilar,36-45,Middle Eastern,4.3,94.2,Accepted
Frederick Morris,46-55,Hispanic,9.1,95.3,Accepted
Angela Duncan,26-35,Hispanic,12.4,84.6,Rejected
William Jones,56+,Caucasian,12.5,84.3,Accepted
Katherine Turner,26-35,African American,13.9,84.6,Rejected
Ray Murphy,18-25,South Asian,18.4,71.7,Rejected
Kristen Herman,56+,Caucasian,13.8,96.7,Accepted
Connie Hays,18-25,Caucasian,8.2,90.0,Accepted
Victoria Austin,36-45,Hispanic,12.8,65.5,Rejected
Amanda Kelly,18-25,Hispanic,3.0,84.8,Rejected
Micheal Walters,36-45,South Asian,5.5,72.3,Rejected
Karl Meyers,46-55,Middle Eastern,13.2,70.0,Rejected
Dr. Mark Faulkner DVM,56+,Hispanic,14.9,82.7,Rejected
Aaron Ramos,26-35,Caucasian,13.1,74.0,Rejected
Terri Gibson,36-45,Caucasian,1.8,80.1,Accepted
Kenneth Johnson,26-35,South Asian,10.3,74.0,Rejected
Bruce French,46-55,Caucasian,9.4,72.4,Rejected
Mary Stewart,46-55,Caucasian,1.5,79.5,Rejected
Tricia Barr,26-35,Hispanic,19.4,86.3,Rejected
Mckenzie Taylor,36-45,Hispanic,14.4,72.5,Rejected
Alison Stewart,18-25,South Asian,19.9,84.0,Accepted
Patricia King,36-45,Caucasian,7.2,86.8,Accepted
Andrew Nichols,36-45,East Asian,1.4,71.6,Rejected
Shelby Lee,36-45,Hispanic,13.0,75.6,Rejected
Jesus Ingram,46-55,South Asian,15.9,85.3,Accepted
Arthur Love,46-55,Hispanic,2.2,66.9,Rejected
Jacob Graham,46-55,East Asian,5.6,66.4,Rejected
Jerry Holloway,56+,East Asian,11.5,95.6,Accepted
Lisa Simpson,56+,East Asian,12.0,79.3,Rejected
Timothy Moore,26-35,African American,16.6,87.2,Rejected
Eric Moody,26-35,South Asian,14.8,65.4,Rejected
Dr. Gregory Wolf,18-25,Caucasian,4.6,72.7,Rejected
Jacob Stewart,56+,Hispanic,12.1,66.8,Rejected
Donna Wright,56+,South Asian,4.6,80.1,Rejected
Derek Oliver,56+,Middle Eastern,1.5,67.4,Rejected
Kelli Wood,36-45,Hispanic,6.5,70.1,Rejected
Christine Bullock,36-45,Hispanic,8.5,73.5,Rejected
Joseph Carter,36-45,East Asian,10.2,95.9,Accepted
Michael Allen,26-35,South Asian,17.7,73.2,Rejected
Elizabeth Burke,26-35,South Asian,14.5,86.7,Accepted
Melissa Williams,26-35,South Asian,16.7,93.1,Accepted
Carrie Brown,26-35,East Asian,4.2,77.7,Rejected
Rachel Barrett,26-35,Middle Eastern,18.8,83.6,Rejected
Mary Lang DDS,36-45,Caucasian,5.4,77.2,Rejected
Leah Oneill,46-55,Middle Eastern,7.6,93.1,Accepted
Nathan Davis,36-45,African American,7.2,85.2,Rejected
Carrie Brown,36-45,Caucasian,19.1,75.9,Rejected
David Gonzales,18-25,South Asian,12.4,96.3,Accepted
Adam Bernard,26-35,African American,15.9,65.6,Rejected
Darren Petersen,56+,Caucasian,3.1,96.2,Accepted
Lori Jones,56+,South Asian,17.0,85.1,Accepted
Thomas Griffin,46-55,East Asian,16.3,90.7,Accepted
Danny Mcclure,26-35,Caucasian,9.2,70.1,Rejected
Gina Mcdaniel,56+,African American,12.7,90.3,Rejected
Carol Harris,46-55,East Asian,7.0,75.2,Rejected
David Morris,56+,East Asian,19.1,73.6,Rejected
Stephanie Webb,36-45,Hispanic,19.2,75.4,Rejected
Mary Howard,36-45,South Asian,9.3,91.4,Accepted
Carmen Cummings,36-45,Hispanic,14.3,92.5,Accepted
Cheryl Moss,56+,Caucasian,13.5,65.5,Rejected
Carol Barber,56+,South Asian,16.6,88.2,Accepted
Mia Schmidt,56+,South Asian,14.0,87.7,Accepted
Jason Romero,46-55,Caucasian,1.2,68.1,Rejected
Kari Moore,26-35,Caucasian,10.9,79.6,Rejected
David Johnson,18-25,East Asian,7.8,72.0,Rejected
Kenneth Whitehead,46-55,South Asian,18.8,89.6,Accepted
Karen Miller,26-35,East Asian,13.3,90.2,Accepted
Curtis Hall,46-55,Hispanic,18.9,98.9,Accepted
Jennifer Matthews,18-25,African American,3.8,83.0,Rejected
Donald Thompson,46-55,East Asian,1.6,78.4,Rejected
Patrick Romero,46-55,Hispanic,3.6,91.6,Accepted
Emily Anderson,36-45,South Asian,12.5,77.5,Rejected
John Hernandez,56+,Middle Eastern,19.0,83.0,Rejected
Tammy Wright,46-55,South Asian,5.5,86.8,Accepted
Steve Miller,36-45,Middle Eastern,8.5,74.2,Rejected
Michael Schultz,18-25,Caucasian,17.0,72.4,Rejected
Tammy Lopez,36-45,Middle Eastern,15.3,94.5,Accepted
Peter Lin,36-45,East Asian,1.5,68.3,Rejected
Christopher Peterson,46-55,Caucasian,10.5,97.3,Accepted
John Turner,46-55,African American,3.9,93.6,Accepted
Daniel Rivera,56+,Hispanic,13.8,65.5,Rejected
Jeremy Williams,56+,African American,5.9,88.4,Rejected
David Parrish,18-25,African American,10.2,84.4,Rejected
Stacey Baxter DDS,46-55,African American,15.5,66.1,Rejected
Jacob Rodriguez,46-55,Hispanic,1.9,82.7,Rejected
Christina Clark,26-35,Middle Eastern,4.9,92.0,Accepted
Bradley Thomas,26-35,East Asian,13.0,74.0,Rejected
Ashley Allen,56+,Hispanic,19.1,98.3,Accepted
Anita Webster,18-25,South Asian,13.9,66.1,Rejected
Paige Murphy,18-25,East Asian,9.3,96.6,Accepted
Joseph Villa DDS,26-35,African American,11.5,72.1,Rejected
Jenna Smith,56+,South Asian,1.7,78.0,Rejected
Thomas Sanchez,36-45,East Asian,5.3,73.5,Rejected
Tammy Li,36-45,East Asian,4.8,79.1,Rejected
Stephanie Russo,36-45,African American,7.1,83.2,Rejected
Carl Horton,18-25,Middle Eastern,5.5,81.5,Rejected
Keith Long,18-25,Middle Eastern,7.8,74.0,Rejected
Joseph Mejia,26-35,Hispanic,4.4,67.9,Rejected
Heidi Fox,18-25,African American,18.3,84.3,Rejected
Briana Evans,36-45,East Asian,19.6,82.1,Accepted
Katie Hartman,46-55,Caucasian,15.2,71.2,Rejected
James Myers,18-25,Middle Eastern,19.1,72.3,Rejected
Allen Phillips,36-45,Middle Eastern,5.7,83.3,Rejected
Amanda Caldwell,18-25,Caucasian,18.5,71.3,Rejected
Susan Aguirre,56+,African American,18.9,81.6,Rejected
John Dawson,46-55,South Asian,14.4,74.5,Rejected
Ann Turner,18-25,Caucasian,11.0,83.1,Accepted
Jennifer Martin,36-45,South Asian,5.9,72.0,Rejected
Lisa Montoya,26-35,Caucasian,17.3,89.5,Accepted
Jose Ortiz,56+,South Asian,16.1,78.6,Rejected
Robert Schwartz,56+,Middle Eastern,13.9,66.9,Rejected
Felicia Nunez,26-35,Middle Eastern,13.1,90.0,Accepted
Robin Smith,26-35,African American,3.9,85.9,Rejected
Timothy Chapman,18-25,Middle Eastern,16.2,75.4,Rejected
Jonathan Rowland,18-25,South Asian,5.3,80.0,Accepted
Jared Jenkins,36-45,Middle Eastern,13.6,74.4,Rejected
Sarah Dodson,26-35,Hispanic,7.4,74.3,Rejected
David Cordova,36-45,Middle Eastern,13.3,73.7,Rejected
Ann Lee,18-25,East Asian,4.1,65.0,Rejected
Joshua Colon,46-55,Caucasian,16.8,96.0,Accepted
Brian Martin,46-55,African American,14.7,91.9,Accepted
Sierra Nelson,26-35,Caucasian,15.3,68.7,Rejected
Jonathan Miller,18-25,South Asian,4.5,79.6,Rejected
Mr. Ryan Anderson,18-25,Hispanic,9.9,80.8,Rejected
Michael Rodgers,56+,Middle Eastern,18.4,92.7,Accepted
Emily Thomas,36-45,Middle Eastern,11.3,80.9,Rejected
Christopher Jackson,26-35,Caucasian,8.3,82.0,Accepted
Taylor Bennett,26-35,Hispanic,12.6,76.5,Rejected
Paula Cabrera,26-35,African American,14.7,80.7,Rejected
Jeffrey Wilson,26-35,South Asian,3.5,74.3,Rejected
Christina Torres,18-25,Hispanic,2.2,88.9,Accepted
Mr. Corey Perez,56+,Hispanic,7.9,65.0,Rejected
Hayley Lynch,18-25,Middle Eastern,17.9,72.4,Rejected
Andrew Ball,18-25,Middle Eastern,13.3,98.9,Accepted
Madeline Owen,46-55,Caucasian,9.8,98.4,Accepted
Jennifer Kane,46-55,Hispanic,8.9,91.7,Accepted
Cindy Molina,36-45,African American,11.7,66.0,Rejected
Jordan Parsons,56+,South Asian,7.3,88.3,Accepted
Rebecca Crawford,46-55,Middle Eastern,10.6,88.3,Rejected
Benjamin Jordan,26-35,Hispanic,16.0,83.9,Rejected
Charles Bishop,18-25,South Asian,11.4,74.1,Rejected
Jamie Brown,46-55,Middle Eastern,1.5,98.1,Accepted
Jennifer Taylor,46-55,Hispanic,12.7,86.3,Rejected
Mark Torres,26-35,Middle Eastern,15.9,72.4,Rejected
Seth Ramos,56+,Middle Eastern,11.4,88.0,Rejected
Jennifer Martinez,46-55,Caucasian,13.5,77.2,Rejected
Daniel Davis,18-25,Caucasian,14.5,86.3,Accepted
Heather Petersen,36-45,South Asian,7.3,88.7,Accepted
Stephanie Jackson,26-35,East Asian,13.4,89.7,Accepted
Jennifer Hurley MD,36-45,Middle Eastern,14.8,80.4,Rejected
Christina Wise,26-35,Hispanic,17.8,81.5,Rejected
Patricia Ortiz,46-55,East Asian,10.6,65.8,Rejected
Jane Johnson,26-35,African American,1.8,95.1,Accepted
David Harrington,56+,Hispanic,12.0,79.7,Rejected
Colleen Hardy,26-35,Middle Eastern,7.8,79.6,Rejected
Jessica Richards,18-25,Caucasian,17.7,88.2,Accepted
Gordon Houston,56+,Middle Eastern,7.1,97.9,Accepted
Haley Anderson,36-45,Hispanic,18.1,88.7,Accepted
Christine Hill,46-55,African American,8.8,90.7,Rejected
Robert Smith,36-45,Middle Eastern,10.2,72.0,Rejected
Laura Phillips,46-55,South Asian,16.6,83.0,Accepted
Christopher Johnson,46-55,African American,15.5,74.3,Rejected
Dorothy Li,36-45,East Asian,17.6,82.1,Accepted
Terri Vasquez,36-45,East Asian,17.3,79.8,Rejected
Jack Carter,36-45,Hispanic,17.1,76.1,Rejected
Shawn Odonnell,56+,African American,15.4,89.9,Rejected
Dawn Robertson,46-55,East Asian,15.6,70.2,Rejected
Mrs. Rachel Graham,46-55,Caucasian,13.3,92.0,Accepted
Stephanie Cummings,56+,Hispanic,14.5,94.3,Accepted
Brian Alvarez,36-45,South Asian,6.3,81.0,Accepted
Adam Mcguire,56+,South Asian,12.7,88.3,Accepted
Kathleen Mason,36-45,South Asian,4.6,80.7,Accepted
Amber Richmond,46-55,Caucasian,15.4,72.8,Rejected
Danny Williams,56+,East Asian,8.8,75.0,Rejected
Kim Brown PhD,26-35,Caucasian,10.6,80.7,Accepted
Gregory Gillespie,36-45,Caucasian,6.8,72.8,Rejected
Jason Haas,26-35,South Asian,13.1,82.4,Accepted
Diana Ford,26-35,East Asian,15.2,66.1,Rejected
Amy Davis,46-55,African American,3.7,86.8,Rejected
Joseph Rodriguez,46-55,Caucasian,17.1,93.6,Accepted
Carla Malone MD,26-35,Middle Eastern,19.6,89.9,Accepted
Zachary Rivera,18-25,Middle Eastern,12.4,84.7,Rejected
Chad Suarez,36-45,Middle Eastern,6.7,77.1,Rejected
John Silva,36-45,Hispanic,15.6,67.5,Rejected
Ryan Kirby,46-55,East Asian,13.4,92.6,Accepted
Dwayne Ward,56+,East Asian,3.2,91.7,Accepted
Timothy Johnson,18-25,Caucasian,15.5,83.7,Accepted
Cindy Lopez,56+,Caucasian,10.8,68.8,Rejected
Keith Schaefer,46-55,Hispanic,4.1,65.4,Rejected
Valerie Bryant,46-55,South Asian,1.8,92.1,Accepted
Holly Harris,26-35,South Asian,5.5,91.0,Accepted
Holly Potts,56+,East Asian,7.9,74.5,Rejected
Ethan Obrien,36-45,Middle Eastern,18.6,79.4,Rejected
Dustin Estrada,18-25,East Asian,2.3,69.3,Rejected
Kenneth Wilkins,46-55,Caucasian,18.6,70.7,Rejected
Tyler Chambers,46-55,Caucasian,9.2,67.5,Rejected
Daniel Norris,56+,African American,4.1,92.4,Accepted
Alexandra Williams,56+,Middle Eastern,5.1,98.3,Accepted
Jason Reynolds,56+,South Asian,1.9,77.8,Rejected
Chelsey Kim,46-55,Caucasian,5.9,97.2,Accepted
Mrs. Stephanie Wright,36-45,South Asian,4.4,84.8,Accepted
Meagan George,26-35,African American,13.8,72.1,Rejected
John Gilmore,18-25,Caucasian,4.2,84.9,Accepted
Matthew Simpson,36-45,East Asian,2.4,96.9,Accepted
Samuel Diaz,56+,Hispanic,4.1,98.1,Accepted
Miss Amy Garza DVM,26-35,Middle Eastern,13.8,98.9,Accepted
Sara Russell,46-55,Middle Eastern,1.3,87.8,Rejected
Jasmine Smith,18-25,Middle Eastern,18.3,73.5,Rejected
Brian Baker,46-55,Caucasian,18.4,65.8,Rejected
Michael Barrett,56+,Hispanic,11.7,85.2,Rejected
Jill Russell,26-35,South Asian,17.2,73.7,Rejected
Christopher Parker,46-55,Caucasian,11.6,87.8,Accepted
Megan Ortega,56+,Caucasian,1.9,87.2,Accepted
Miguel Crawford,26-35,East Asian,4.5,73.2,Rejected
Catherine Hernandez,56+,Hispanic,16.2,85.1,Rejected
Troy Huang,56+,African American,14.6,69.4,Rejected
Sean Luna,26-35,East Asian,18.1,82.8,Accepted
Adam Lawrence DDS,56+,South Asian,10.2,66.4,Rejected
Emily Ramirez,56+,South Asian,1.8,71.4,Rejected
Andrew Flowers,46-55,Caucasian,1.2,89.7,Accepted
Joshua Fields,46-55,South Asian,3.2,76.5,Rejected
Ryan Greene,46-55,Hispanic,15.7,93.8,Accepted
James Lee,46-55,Caucasian,15.2,82.2,Rejected
Mr. Bryan Henson,46-55,Middle Eastern,19.5,68.4,Rejected
Maria Baker,46-55,South Asian,14.4,78.7,Rejected
Jon Diaz,46-55,African American,6.4,94.8,Accepted
Crystal Garcia,26-35,Caucasian,13.3,67.1,Rejected
Justin Walters,26-35,Caucasian,13.6,79.6,Rejected
Jonathan Johnson,46-55,East Asian,4.4,89.6,Accepted
Kristin Martin,56+,African American,16.6,67.7,Rejected
Stephanie Bush,56+,African American,4.6,96.4,Accepted
Sean Barker,56+,Hispanic,9.4,71.7,Rejected
Holly Rhodes,46-55,Hispanic,17.8,97.7,Accepted
Susan Garcia,56+,Hispanic,19.5,73.9,Rejected
David Buchanan,56+,African American,6.4,91.1,Accepted
Ashley Taylor,26-35,Caucasian,7.1,73.4,Rejected
Anita Adams,46-55,African American,10.0,73.3,Rejected
Heather Walsh,36-45,East Asian,5.4,77.5,Rejected
Shelby Allen,46-55,African American,14.3,74.0,Rejected
Erica Jones,26-35,Hispanic,12.2,85.1,Rejected
Shane Patterson,26-35,African American,5.9,84.9,Rejected
Todd Davis,26-35,Caucasian,19.9,75.4,Rejected
Jasmine Scott,46-55,Hispanic,2.8,67.9,Rejected
Nicole King,46-55,Hispanic,10.4,84.4,Rejected
Charles Allen,18-25,Caucasian,17.1,90.9,Accepted
Veronica Munoz,26-35,Caucasian,6.5,68.6,Rejected
Tara Haas,18-25,South Asian,6.3,79.3,Rejected
Julie Hoffman,46-55,South Asian,4.6,81.8,Rejected
Beverly Rose,56+,South Asian,17.3,93.9,Accepted
Dustin Castillo,46-55,African American,11.1,97.6,Accepted
Stephanie Allen,56+,African American,17.3,85.5,Rejected
Rebecca Jackson,56+,South Asian,15.2,84.0,Accepted
Raymond Johnson,18-25,African American,12.6,66.1,Rejected
Jacqueline Johnson,18-25,South Asian,6.2,82.6,Accepted
Valerie Holloway,36-45,South Asian,13.9,82.5,Accepted
Jasmine Williams,36-45,Caucasian,12.2,92.3,Accepted
Kevin Walker,18-25,Hispanic,18.5,68.9,Rejected
Trevor Bass,26-35,Caucasian,4.5,73.0,Rejected
Jeffrey Dyer,36-45,African American,11.5,65.1,Rejected
Christopher Mckinney,26-35,Hispanic,20.0,85.4,Rejected
Nathaniel Jones,46-55,Middle Eastern,8.9,72.5,Rejected
Robert Hull,18-25,South Asian,4.5,85.9,Accepted
Brian Solomon,26-35,Hispanic,1.8,75.7,Rejected
Morgan Bush,56+,Middle Eastern,15.2,85.2,Rejected
Barbara White,56+,Caucasian,12.2,79.3,Rejected
Haley Newton,26-35,East Asian,13.9,76.8,Rejected
James Bell,18-25,African American,2.7,90.2,Accepted
Paula Reynolds,56+,Middle Eastern,2.2,83.8,Rejected
Gary Ferguson,18-25,Hispanic,9.2,69.7,Rejected
Jeffrey Ramirez,36-45,East Asian,13.6,70.1,Rejected
Sergio Wright,56+,Middle Eastern,11.4,98.8,Accepted
Daniel Martinez,36-45,South Asian,5.0,91.4,Accepted
Rachel Medina,56+,South Asian,4.9,83.0,Accepted
Valerie Sanchez,46-55,South Asian,16.9,75.2,Rejected
Sheryl Reed,26-35,Hispanic,19.5,81.0,Rejected
Jeanette Sellers,26-35,Hispanic,15.8,76.9,Rejected
Garrett Ryan,18-25,Caucasian,1.1,72.3,Rejected
Jason Hardy,36-45,Caucasian,10.2,90.7,Accepted
Sandra Knox,36-45,African American,7.3,80.6,Rejected
Edward Pearson,18-25,African American,14.9,69.8,Rejected
Christopher Mayo,36-45,Hispanic,7.3,89.7,Accepted
Peter Powell,46-55,South Asian,8.6,81.5,Rejected
Marc Conley,46-55,East Asian,1.8,89.9,Accepted
Timothy Williamson,26-35,East Asian,4.7,66.2,Rejected
Alicia Payne,56+,Hispanic,16.1,87.7,Rejected
Victoria Hoffman,56+,African American,19.4,79.3,Rejected
Kyle Mcdonald,56+,East Asian,14.4,73.0,Rejected
Alex Fowler,18-25,African American,8.2,77.5,Rejected
Erin Miller,18-25,Hispanic,14.7,77.3,Rejected
Michael Jackson,26-35,Hispanic,19.9,74.6,Rejected
Jacqueline Chapman,26-35,African American,2.8,72.1,Rejected
Shannon Curtis,36-45,East Asian,6.9,84.9,Accepted
Julie Shah,56+,Middle Eastern,15.6,87.4,Rejected
Dawn Clark,46-55,East Asian,12.4,97.8,Accepted
Maria Hunt,18-25,East Asian,18.5,97.8,Accepted
Jessica Miranda,26-35,East Asian,3.4,67.7,Rejected
Andrew Berger,26-35,Hispanic,9.8,88.1,Accepted
Amanda Baker,36-45,Hispanic,1.6,96.8,Accepted
George Jones,56+,South Asian,19.9,96.1,Accepted
Michael Hoffman,46-55,African American,17.5,83.6,Rejected
Lawrence Copeland,46-55,Caucasian,14.0,85.5,Accepted
Thomas Kelley,26-35,Middle Eastern,4.8,90.7,Accepted
Lisa Bennett,46-55,Caucasian,13.8,70.9,Rejected
Mary Porter,36-45,Middle Eastern,16.9,87.8,Rejected
Cindy Smith,36-45,South Asian,19.3,80.1,Accepted
Vanessa Woods MD,18-25,Middle Eastern,14.2,88.0,Accepted
Peter James,26-35,Middle Eastern,19.3,94.7,Accepted
Adam Durham,56+,Middle Eastern,4.4,65.7,Rejected
Caitlin Patton,26-35,South Asian,12.0,97.0,Accepted
Charles Gonzalez,56+,African American,3.9,74.4,Rejected
Brian Tran,18-25,African American,3.1,80.2,Rejected
Haley Phelps,26-35,East Asian,11.0,70.2,Rejected
Debra Griffin,36-45,Middle Eastern,15.8,89.8,Accepted
Nathaniel Jones,36-45,Hispanic,11.9,85.6,Rejected
Taylor Roberson,56+,Middle Eastern,4.5,77.5,Rejected
Bruce Castro,56+,African American,16.0,88.7,Rejected
Jeffrey Campbell,36-45,Caucasian,5.0,94.4,Accepted
Christina Brown,36-45,Hispanic,17.8,98.7,Accepted
Terry Richardson,46-55,Hispanic,7.7,70.8,Rejected
Jennifer Johnson,26-35,African American,18.7,74.1,Rejected
Ann Maxwell,26-35,East Asian,6.9,78.6,Rejected
Jacqueline Warren,46-55,Caucasian,19.9,83.9,Accepted
Laura Ortiz,46-55,Middle Eastern,6.4,69.1,Rejected
Justin Vega,56+,East Asian,9.2,71.0,Rejected
Samuel Carter,18-25,South Asian,10.3,85.4,Accepted
Jamie Marquez,56+,African American,9.9,83.4,Rejected
John Robinson,36-45,Caucasian,7.5,94.0,Accepted
Barbara Washington,56+,African American,3.2,81.9,Rejected
Heather Barnett,46-55,Caucasian,16.2,74.1,Rejected
Jeffrey Wyatt,46-55,African American,15.6,84.2,Rejected
Anne Wilson,46-55,Caucasian,5.9,92.2,Accepted
Katherine Branch,18-25,African American,18.6,86.7,Rejected
Steven Murphy,36-45,African American,19.3,67.0,Rejected
Brittany Burns,46-55,East Asian,10.5,83.2,Accepted
Amanda Thomas,56+,Middle Eastern,6.0,87.2,Rejected
Karen Whitney,26-35,South Asian,2.2,98.9,Accepted
Sharon Johnson,36-45,Hispanic,13.3,91.2,Accepted
Tamara Taylor,46-55,East Asian,19.7,92.1,Accepted
Lauren Sandoval DVM,26-35,East Asian,9.3,69.3,Rejected
Andrea Watts,56+,South Asian,8.1,93.1,Accepted
Jamie Cruz,18-25,Hispanic,10.6,84.9,Rejected
Lauren Rogers,56+,Caucasian,10.4,71.8,Rejected
Amanda Smith,46-55,Middle Eastern,15.5,65.6,Rejected
Adam Bryan,46-55,East Asian,18.1,71.7,Rejected
John Lowe,18-25,East Asian,8.2,93.2,Accepted
Alan Ball,36-45,Hispanic,7.0,83.4,Rejected
Elizabeth Crawford,26-35,Hispanic,11.5,94.0,Accepted
Ryan Turner,36-45,Middle Eastern,1.5,87.0,Rejected
Michael Robinson,46-55,East Asian,16.4,94.4,Accepted
Amber Zuniga MD,18-25,Caucasian,14.2,85.0,Accepted
Amanda Davis,36-45,East Asian,4.0,85.3,Accepted
Kimberly Parsons,46-55,East Asian,18.5,98.4,Accepted
Rachael Wagner,18-25,Caucasian,16.2,87.2,Accepted
Mike Ramirez,46-55,Hispanic,3.0,81.2,Rejected
James Long,56+,East Asian,7.4,97.4,Accepted
Hannah Gordon,46-55,Hispanic,15.4,68.1,Rejected
Patrick Haynes,56+,Caucasian,2.2,84.4,Accepted
Yvonne Hart,56+,Hispanic,14.8,95.7,Accepted
Stephanie Phelps,36-45,South Asian,18.3,85.2,Accepted
Eric Wiley,18-25,Middle Eastern,12.1,98.5,Accepted
Jordan James,36-45,Middle Eastern,12.4,79.2,Rejected
Tina Page,36-45,Middle Eastern,9.7,83.3,Rejected
Laura Bates,18-25,East Asian,13.7,69.9,Rejected
Dustin Dunn,36-45,Hispanic,1.9,98.3,Accepted
David Thomas,26-35,Middle Eastern,11.7,87.6,Rejected
Jody Moore,46-55,Middle Eastern,8.4,65.9,Rejected
Kaitlyn Gardner,26-35,East Asian,12.5,83.8,Accepted
Nicole Hughes,46-55,Caucasian,7.9,85.6,Accepted
Carrie Wagner,46-55,Hispanic,12.6,90.9,Rejected
Philip Coffey,36-45,Caucasian,14.8,78.1,Rejected
Eric Fox,26-35,African American,15.3,98.4,Accepted
Robin Graham,36-45,Middle Eastern,6.6,84.2,Rejected
Olivia Juarez,56+,Hispanic,18.5,79.3,Rejected
Dr. Patricia Smith,36-45,Hispanic,3.1,82.1,Rejected
Anna Woods,36-45,East Asian,12.2,84.6,Accepted
Brittney Olsen,18-25,Hispanic,4.6,70.5,Rejected
Carl Bolton,46-55,East Asian,1.3,74.6,Rejected
Patricia Henderson,36-45,South Asian,1.9,81.1,Accepted
Sara Mclean,56+,East Asian,10.8,78.3,Rejected
Ryan Waller,26-35,East Asian,9.1,80.4,Accepted
Robert Byrd,36-45,Middle Eastern,14.7,91.0,Accepted
Paul Lawrence,26-35,Caucasian,17.0,66.2,Rejected
Jill Clayton DVM,46-55,Hispanic,14.1,70.3,Rejected
Nicholas Benson,36-45,Hispanic,14.7,83.1,Rejected
Nathaniel Torres,36-45,South Asian,1.3,74.4,Rejected
Vanessa Dominguez,26-35,South Asian,4.1,89.1,Accepted
Donna Moss,36-45,East Asian,14.9,95.2,Accepted
Wendy Jones,18-25,Caucasian,12.8,82.0,Accepted
Deborah Hamilton,18-25,Hispanic,16.9,72.6,Rejected
Brittney May,56+,African American,12.1,98.4,Accepted
Sean Martinez,18-25,Middle Eastern,2.3,76.1,Rejected
Jacob Lewis,36-45,Middle Eastern,5.3,93.1,Accepted
Mark Choi,18-25,Caucasian,9.1,95.3,Accepted
Leslie Powell PhD,36-45,African American,11.2,83.3,Rejected
Michelle Edwards,18-25,South Asian,12.8,89.6,Accepted
Jonathan Stein,26-35,Caucasian,11.9,82.8,Accepted
Timothy Reyes,36-45,Caucasian,8.1,94.1,Accepted
Kevin Anderson,18-25,African American,9.6,81.1,Rejected
Shannon Boyd,18-25,Caucasian,1.4,72.4,Rejected
Ariana Morrison,36-45,African American,18.9,86.5,Rejected
Bryan Lopez,18-25,South Asian,3.7,91.9,Accepted
Tiffany Alexander,56+,Middle Eastern,16.7,76.8,Rejected
Michael Barnett,18-25,African American,14.4,67.3,Rejected
Joyce Moore,18-25,South Asian,8.8,98.5,Accepted
Paul Davis,56+,South Asian,5.2,72.7,Rejected
David Smith,46-55,South Asian,19.0,69.3,Rejected
Janice Moss,18-25,Middle Eastern,2.8,92.7,Accepted
Matthew Perez,46-55,Caucasian,15.8,74.0,Rejected
Kathleen Brown,26-35,African American,19.8,72.9,Rejected
Kenneth Ramirez,46-55,African American,6.2,68.9,Rejected
Anthony Hall,18-25,South Asian,17.1,79.1,Rejected
Chase Jackson,46-55,South Asian,18.0,66.1,Rejected
Alex Bishop,18-25,Hispanic,18.0,70.7,Rejected
Parker Ball,36-45,African American,7.5,77.3,Rejected
Jose Chavez,18-25,East Asian,4.3,65.1,Rejected
Stephanie Jackson,18-25,Caucasian,18.0,71.5,Rejected
Mitchell King,36-45,Hispanic,3.7,92.7,Accepted
Kelly Weaver,36-45,Caucasian,14.2,76.9,Rejected
Kimberly Johnson,18-25,African American,19.6,95.9,Accepted
Thomas Edwards,18-25,Caucasian,19.6,98.6,Accepted
Gary King,46-55,African American,5.6,96.7,Accepted
Derek Green,46-55,Caucasian,19.5,78.2,Rejected
Heather Smith,26-35,East Asian,12.0,93.8,Accepted
David Rush,46-55,Hispanic,11.7,87.3,Rejected
Fernando Mcdonald,46-55,African American,7.2,66.0,Rejected
Mary Lindsey DVM,26-35,African American,14.7,94.8,Accepted
Gloria Mcpherson,46-55,East Asian,4.9,65.1,Rejected
Sara David,56+,Middle Eastern,17.3,98.8,Accepted
Ashley Tate,56+,African American,6.5,94.1,Accepted
Deborah Kirby,36-45,Caucasian,2.6,89.2,Accepted
Mrs. Cynthia Jones,56+,East Asian,20.0,98.9,Accepted
Katherine Conley,46-55,Hispanic,11.1,78.3,Rejected
Carlos Taylor,46-55,African American,17.4,78.7,Rejected
James Garcia,18-25,Caucasian,16.8,68.1,Rejected
Carrie Wilson,46-55,Caucasian,5.6,78.1,Rejected
Connie Wilson,26-35,East Asian,7.1,87.6,Accepted
Matthew Parker,46-55,Middle Eastern,2.7,79.7,Rejected
Theresa Carson,46-55,East Asian,16.1,95.8,Accepted
Adam Reeves,46-55,African American,15.4,87.8,Rejected
Melissa Cline,56+,Hispanic,13.6,95.0,Accepted
Lisa Smith,36-45,Middle Eastern,6.6,84.7,Rejected
Jeffery Johnson,56+,South Asian,18.0,91.5,Accepted
Joel Cannon,56+,African American,18.3,92.1,Accepted
Margaret Barr,56+,East Asian,1.5,65.0,Rejected
Kenneth Lara,56+,Caucasian,5.1,90.7,Accepted
Karen Maynard,18-25,Caucasian,2.8,83.5,Accepted
Michael Black,46-55,Caucasian,12.2,71.2,Rejected
Renee Williams,56+,South Asian,6.4,92.3,Accepted
Brooke Carter,56+,South Asian,11.9,80.0,Rejected
Mr. Terry Mckinney,46-55,Caucasian,1.5,75.8,Rejected
Alexis Carter,36-45,Hispanic,8.8,78.8,Rejected
Mackenzie Riley,26-35,Middle Eastern,12.2,82.2,Rejected
Melissa Young,26-35,South Asian,6.6,84.3,Accepted
Mr. Allen Velez,46-55,African American,7.3,93.9,Accepted
Caleb Carson,46-55,African American,5.5,90.1,Rejected
Deanna Edwards,18-25,South Asian,16.3,91.9,Accepted
Jacqueline Bentley,36-45,Caucasian,14.3,71.7,Rejected
Trevor Pena,56+,Caucasian,12.5,86.8,Accepted
Jamie Peterson,46-55,Middle Eastern,12.5,68.0,Rejected
Darrell Fox,56+,East Asian,11.6,96.0,Accepted
Jordan Davis,56+,Caucasian,17.4,74.2,Rejected
Rhonda Gonzalez,36-45,South Asian,17.0,92.8,Accepted
Patricia Jackson,56+,East Asian,17.4,98.5,Accepted
James Price,18-25,Middle Eastern,9.0,96.4,Accepted
Randall Rogers,46-55,African American,4.9,79.0,Rejected
Felicia Nunez,36-45,Middle Eastern,12.8,65.3,Rejected
Angelica Wells,18-25,Caucasian,15.5,89.2,Accepted
Alison Wells,36-45,South Asian,16.0,97.9,Accepted
Philip Trevino,26-35,African American,7.7,83.4,Rejected
Stacey Williams,18-25,Hispanic,3.8,90.2,Accepted
Diana Rogers,46-55,Hispanic,7.6,75.4,Rejected
Daniel Gutierrez,36-45,Middle Eastern,9.0,96.8,Accepted
Brian Johnson,36-45,East Asian,10.9,95.1,Accepted
Brittany Farmer,26-35,Middle Eastern,4.4,76.0,Rejected
Dawn Miller,36-45,Middle Eastern,15.6,69.7,Rejected
Robert Taylor,26-35,African American,7.9,88.5,Accepted
Timothy Mitchell,56+,Caucasian,4.4,96.8,Accepted
Jonathon Bond,26-35,Middle Eastern,9.3,71.3,Rejected
Sean Shaw,46-55,Hispanic,2.4,74.7,Rejected
Connor Wood,18-25,South Asian,14.2,66.0,Rejected
Chelsea Brown,56+,Middle Eastern,11.3,78.9,Rejected
Hannah Hill,46-55,East Asian,15.9,87.9,Accepted
Jennifer Watts,46-55,Hispanic,9.1,73.5,Rejected
Hailey Jones,36-45,African American,8.8,97.7,Accepted
Kelly Green,18-25,Middle Eastern,11.5,92.2,Accepted
Ryan Gonzalez,46-55,East Asian,6.2,70.7,Rejected
Patrick Turner,26-35,African American,16.3,71.6,Rejected
Brenda Dillon,26-35,Hispanic,1.6,90.7,Accepted
Jasmine Roach,26-35,Middle Eastern,14.9,85.7,Rejected
Adam Simmons,18-25,African American,7.0,79.8,Rejected
Ryan Benton,56+,South Asian,17.0,88.8,Accepted
Melissa Moran,56+,Caucasian,3.7,73.0,Rejected
Erica Gallegos,46-55,Middle Eastern,2.3,89.1,Rejected
Joseph Dennis,18-25,Caucasian,11.7,67.3,Rejected
Elizabeth Reed,18-25,East Asian,4.3,91.1,Accepted
Lindsay Sandoval,56+,South Asian,4.5,76.5,Rejected
Tristan Davis,26-35,East Asian,4.6,86.9,Accepted
Jessica Johnson,18-25,Middle Eastern,16.5,95.2,Accepted
Crystal Edwards,36-45,African American,10.7,89.2,Accepted
Calvin Smith,26-35,African American,3.0,68.2,Rejected
Eric Dean,46-55,South Asian,2.0,95.7,Accepted
Michael Robinson,26-35,South Asian,9.4,93.0,Accepted
Jerry Kennedy,26-35,East Asian,8.1,79.1,Rejected
Donna Harmon,56+,African American,10.7,85.4,Rejected
Matthew Matthews,26-35,Middle Eastern,9.5,79.0,Rejected
Alexandra Nelson,36-45,Caucasian,2.9,83.4,Accepted
Catherine Tucker,36-45,Middle Eastern,4.6,87.1,Rejected
Christine Thompson,18-25,African American,4.1,65.2,Rejected
Amber Miller,18-25,Caucasian,8.5,82.6,Accepted
James Phillips,56+,South Asian,7.8,78.8,Rejected
Tiffany Chavez,36-45,African American,11.9,94.9,Accepted
Kimberly Gonzalez,36-45,Middle Eastern,17.9,76.5,Rejected
Tammy Ayala,26-35,African American,2.7,98.5,Accepted
Danielle Calderon,46-55,Hispanic,15.4,85.0,Rejected
Louis Maldonado,36-45,East Asian,5.0,73.4,Rejected
Jessica Blackwell,46-55,African American,15.7,86.3,Rejected
Christopher Sutton,18-25,Hispanic,6.2,84.4,Rejected
Mrs. Margaret Jones,46-55,East Asian,7.8,83.3,Accepted
Mindy Hoover,18-25,East Asian,14.8,70.0,Rejected
Brent Smith Jr.,26-35,Caucasian,19.8,88.6,Accepted
Michelle Williams,26-35,Hispanic,10.1,77.5,Rejected
Melanie Martin,46-55,Middle Eastern,12.0,75.8,Rejected
Caroline Bowers,18-25,East Asian,16.9,81.3,Accepted
Stanley Thornton,36-45,East Asian,14.1,77.8,Rejected
Joshua Shannon,26-35,Middle Eastern,4.9,74.4,Rejected
Jennifer Johnson,36-45,African American,18.7,81.1,Rejected
Kathleen Hoffman,18-25,South Asian,12.5,70.8,Rejected
Joshua Webb,18-25,Middle Eastern,19.8,69.3,Rejected
Wesley Kramer,26-35,Hispanic,17.0,91.7,Accepted
Daniel Martinez,26-35,Caucasian,18.2,72.2,Rejected
Samuel Baker,18-25,Caucasian,4.4,98.1,Accepted
Terry Rodriguez,56+,Middle Eastern,16.3,84.7,Rejected
Jocelyn Thompson,26-35,East Asian,14.5,85.6,Accepted
Cynthia Palmer,18-25,South Asian,3.4,92.6,Accepted
Katherine Harrison,46-55,Caucasian,14.7,75.4,Rejected
Ruth Miller,36-45,South Asian,10.5,91.0,Accepted
Timothy Perez,18-25,Hispanic,11.8,74.2,Rejected
Katherine Lee,46-55,Middle Eastern,17.6,66.5,Rejected
John Carrillo,26-35,South Asian,1.4,66.4,Rejected
Kelly Wolfe,36-45,East Asian,6.0,96.6,Accepted
Daniel Kidd,46-55,Hispanic,1.3,80.3,Rejected
John Brown,46-55,Caucasian,14.7,74.2,Rejected
Sarah Baxter,18-25,Hispanic,10.6,79.7,Rejected
Ian Marsh,46-55,Hispanic,9.3,93.8,Accepted
Brian Cox,46-55,Middle Eastern,1.6,93.6,Accepted
James Johnson,18-25,South Asian,17.4,85.6,Accepted
Kimberly Marquez,46-55,Hispanic,16.0,92.5,Accepted
Nancy Glenn,18-25,Hispanic,16.2,81.6,Rejected
Leah Smith,26-35,Caucasian,15.6,88.2,Accepted
Diana Fleming,26-35,South Asian,5.6,73.5,Rejected
Douglas Kirby,36-45,South Asian,1.6,74.9,Rejected
Wendy Baker,56+,Caucasian,18.1,79.2,Rejected
Rachel Cooper,26-35,African American,11.6,87.8,Rejected
Ronald Chavez,26-35,Hispanic,16.8,66.7,Rejected
Paul Powell,26-35,African American,8.9,90.8,Accepted
Laura Gomez,18-25,South Asian,13.0,72.7,Rejected
Laura Jensen,18-25,Caucasian,3.9,84.9,Accepted
Krystal Cummings,26-35,South Asian,7.6,68.1,Rejected
David Lee MD,46-55,Hispanic,19.3,71.5,Rejected
Charles Townsend,56+,Middle Eastern,4.1,83.4,Rejected
Donna Matthews,56+,Hispanic,12.9,82.5,Rejected
Mary Roberts,46-55,African American,8.1,95.7,Accepted
Christina Miller,56+,Caucasian,1.5,99.0,Accepted
Tiffany Woods,46-55,Caucasian,11.6,65.4,Rejected
Jennifer Benton,46-55,Hispanic,5.7,93.3,Accepted
John Pennington,56+,East Asian,1.6,71.4,Rejected
Lindsey Pacheco,18-25,African American,16.9,71.9,Rejected
Jennifer Hayes,56+,Middle Eastern,13.8,74.8,Rejected
Michael Olson,18-25,South Asian,5.0,75.0,Rejected
Carolyn Hall,18-25,African American,14.0,69.9,Rejected
Scott Mcgee,56+,East Asian,16.5,86.1,Accepted
Manuel Lawson,56+,African American,11.2,79.8,Rejected
Eric Marquez,36-45,Caucasian,7.8,76.2,Rejected
Jason Gardner,36-45,Middle Eastern,13.5,90.0,Accepted
Robert Smith,18-25,Caucasian,9.0,91.9,Accepted
Patricia Wilson,46-55,African American,10.9,65.1,Rejected
Linda Thomas,18-25,Hispanic,9.8,69.6,Rejected
Stephanie Herring,26-35,Caucasian,9.1,73.6,Rejected
Kristina Hudson,36-45,Middle Eastern,10.9,69.0,Rejected
Kayla Michael,36-45,Middle Eastern,14.4,75.6,Rejected
Nina Price,18-25,African American,6.4,72.7,Rejected
Dawn Perry,18-25,Middle Eastern,8.3,70.6,Rejected
Tracy Gonzales,56+,South Asian,9.0,95.6,Accepted
Hannah Camacho,36-45,South Asian,17.1,86.1,Accepted
Leah Burgess,36-45,East Asian,7.0,89.3,Accepted
Laura Ortega,46-55,Middle Eastern,12.7,66.4,Rejected
Angela Williams,36-45,Caucasian,16.8,80.6,Accepted
Ms. Amanda Blair,36-45,East Asian,9.5,90.2,Accepted
Felicia Zhang,26-35,Middle Eastern,10.9,65.6,Rejected
Christopher Mitchell,56+,Caucasian,2.4,68.9,Rejected
Jessica Harris,18-25,Caucasian,10.6,98.7,Accepted
Desiree Berger,18-25,East Asian,19.8,81.9,Accepted
Dr. Seth Davis IV,26-35,African American,7.2,79.7,Rejected
Joseph Colon,26-35,Middle Eastern,9.2,94.0,Accepted
Courtney Morales,26-35,Caucasian,6.1,67.1,Rejected
Emily Bryan,56+,East Asian,10.3,98.1,Accepted
William Clark,36-45,South Asian,9.6,88.4,Accepted
Stacey Singh,36-45,Middle Eastern,10.2,71.3,Rejected
David Douglas,18-25,East Asian,15.1,87.9,Accepted
Cameron Moore,46-55,African American,2.4,79.7,Rejected
Patricia Green,26-35,East Asian,13.1,71.9,Rejected
Kimberly Whitehead,26-35,Hispanic,13.9,77.4,Rejected
Richard Stone,26-35,East Asian,7.3,73.4,Rejected
Michael Carter,26-35,African American,7.5,78.0,Rejected
Richard Cunningham,18-25,South Asian,12.8,82.0,Accepted
Cynthia Jones,36-45,Caucasian,14.6,97.8,Accepted
Kyle Bryant,36-45,Middle Eastern,3.2,95.8,Accepted
Amy Jones,56+,Hispanic,4.1,72.7,Rejected
Sarah Morris,18-25,South Asian,11.2,78.8,Rejected
Daniel Casey,18-25,East Asian,10.0,96.8,Accepted
Sean Small,56+,Middle Eastern,2.0,72.5,Rejected
Stephen Burton,56+,Hispanic,4.5,66.1,Rejected
Steven Miller,36-45,African American,2.1,96.3,Accepted
Randy Sheppard,56+,South Asian,4.3,76.1,Rejected
Richard Howard,36-45,Middle Eastern,17.1,75.7,Rejected
Kelsey Wilson PhD,46-55,Hispanic,18.1,73.2,Rejected
Amanda Ramirez,46-55,Middle Eastern,17.1,84.8,Rejected
Mr. Matthew Daniels DDS,36-45,Caucasian,10.7,83.7,Accepted
John Knight,26-35,South Asian,2.9,88.9,Accepted
Vincent Landry,46-55,Hispanic,15.9,76.3,Rejected
Carrie Martin,46-55,East Asian,1.8,68.1,Rejected
Amy Wilson,18-25,Middle Eastern,11.7,66.7,Rejected
Gary Nelson,18-25,East Asian,19.8,73.6,Rejected
Michelle Cowan,36-45,African American,6.4,75.0,Rejected
Mary Schneider,46-55,Hispanic,12.2,85.2,Rejected
Gregory Massey,36-45,East Asian,19.9,87.0,Accepted
Steven Hernandez,36-45,Hispanic,14.8,98.3,Accepted
Jennifer Wilson,46-55,Caucasian,3.8,72.5,Rejected
Cynthia Morris,26-35,South Asian,14.5,71.7,Rejected
Travis Watson,18-25,Middle Eastern,18.8,76.3,Rejected
Janet Scott,56+,African American,3.4,96.8,Accepted
Anthony Ware,36-45,South Asian,18.2,75.3,Rejected
Dawn Kramer,18-25,South Asian,15.1,67.5,Rejected
Tanner Ramirez,36-45,Middle Eastern,9.1,74.4,Rejected
Felicia Nelson,18-25,South Asian,5.8,85.3,Accepted
Jerry Morales,26-35,South Asian,4.6,71.3,Rejected
Michael Marks,18-25,East Asian,16.9,79.6,Rejected
Joseph Gilmore,36-45,African American,18.2,67.4,Rejected
Gary Mccormick,36-45,Middle Eastern,10.3,99.0,Accepted
Danielle Wilson,36-45,Middle Eastern,16.8,93.4,Accepted
John Wade,56+,Middle Eastern,10.5,67.1,Rejected
Kimberly Pacheco,46-55,African American,1.8,80.6,Rejected
Daniel Gilbert,56+,East Asian,7.2,76.5,Rejected
Terry Kelly,36-45,South Asian,10.8,75.4,Rejected
Tracey Norris,46-55,Caucasian,8.1,94.5,Accepted
Sara Jarvis,36-45,South Asian,18.9,79.3,Rejected
Robert Long,18-25,East Asian,12.7,72.9,Rejected
David Garcia,36-45,African American,14.1,96.8,Accepted
Madison Freeman,18-25,Hispanic,6.7,69.3,Rejected
Rebekah Dyer,26-35,African American,6.2,87.9,Rejected
Mr. Shawn Williams,36-45,African American,3.6,69.0,Rejected
Edward Morgan,56+,African American,12.5,69.5,Rejected
Derrick Gonzales,18-25,Middle Eastern,7.7,72.4,Rejected
Lee Parsons,46-55,East Asian,14.3,94.8,Accepted
James Hill,36-45,Middle Eastern,10.6,81.5,Rejected
Sean Pena,56+,Hispanic,16.8,78.5,Rejected
Renee Christian,36-45,Hispanic,14.0,67.5,Rejected
Elizabeth Gonzalez,56+,Middle Eastern,19.7,79.6,Rejected
Anne Gill,36-45,Middle Eastern,5.9,89.6,Accepted
Sylvia Ware,26-35,Caucasian,15.1,81.0,Accepted
Daniel Crawford,46-55,Caucasian,3.0,90.8,Accepted
Shelley Vasquez,56+,South Asian,3.8,81.9,Rejected
Travis Mcneil,56+,Hispanic,13.1,79.3,Rejected
Corey King,18-25,African American,17.0,88.6,Accepted
Jonathan Dawson,56+,South Asian,8.8,79.4,Rejected
Daniel Mcpherson,18-25,African American,7.4,73.1,Rejected
Jonathan Edwards,46-55,African American,2.4,71.5,Rejected
Steven Mccoy,46-55,Hispanic,17.2,73.8,Rejected
Larry Wright,26-35,Caucasian,2.7,85.9,Accepted
Taylor Medina,26-35,Caucasian,19.4,73.6,Rejected
Andrea Pearson,36-45,East Asian,12.1,74.2,Rejected
Andrew Zavala,18-25,East Asian,4.1,71.9,Rejected
Dale Kim,56+,South Asian,10.3,92.6,Accepted
Caitlyn Newman,36-45,African American,11.3,82.5,Rejected
Brandy Sherman,56+,South Asian,11.6,77.4,Rejected
Cameron Dixon,18-25,South Asian,11.9,93.5,Accepted
Heather Black,26-35,African American,2.8,84.0,Rejected
Maria Patton,46-55,Hispanic,19.8,91.5,Accepted
Sheila Jackson,56+,Hispanic,8.3,78.4,Rejected
Adam Allen,46-55,Middle Eastern,2.0,94.8,Accepted
Valerie Johnson,18-25,Caucasian,18.8,81.1,Accepted
Alex Wood,56+,East Asian,16.1,82.4,Rejected
William Barber,46-55,African American,13.4,85.3,Rejected
Dylan Perez,18-25,South Asian,19.7,87.7,Accepted
Jack Salas,56+,Middle Eastern,13.4,75.2,Rejected
Nicholas Dixon,46-55,African American,10.4,91.4,Accepted
Brian Johnson,36-45,Hispanic,12.6,93.1,Accepted
Jane Bray,18-25,African American,16.3,97.6,Accepted
Keith Johnson,56+,South Asian,19.3,72.9,Rejected
Taylor King,26-35,East Asian,11.7,65.1,Rejected
Amy Ramos,56+,Hispanic,10.0,97.1,Accepted
Collin Lewis,46-55,East Asian,4.0,82.2,Rejected
Marcus Gibson,36-45,Caucasian,15.6,91.3,Accepted
Wesley Cruz,46-55,East Asian,19.6,70.8,Rejected
Joshua Gibson,26-35,African American,19.6,96.4,Accepted
Nancy Randolph,26-35,Middle Eastern,19.0,89.0,Accepted
Brooke Macdonald,56+,East Asian,8.0,92.8,Accepted
James Lopez,56+,South Asian,8.4,75.3,Rejected
Christian Sanchez,46-55,East Asian,12.5,94.7,Accepted
Michelle Garcia,56+,Middle Eastern,5.0,71.9,Rejected
Susan Carlson,36-45,African American,7.9,97.4,Accepted
Stacy Moore,36-45,Caucasian,18.6,81.5,Accepted
Belinda Carter,56+,Middle Eastern,13.9,76.6,Rejected
Amy Perez,56+,African American,10.6,82.2,Rejected
Savannah Rasmussen,26-35,Middle Eastern,1.6,71.1,Rejected
Amber Pena,18-25,Hispanic,17.5,87.8,Rejected
Stephanie Rodriguez,18-25,Middle Eastern,6.6,71.0,Rejected
Ariel Herring,46-55,South Asian,10.7,94.9,Accepted
Tiffany Crane,26-35,Hispanic,7.5,76.5,Rejected
Joshua Tran,56+,South Asian,11.6,65.3,Rejected
Steve Roberts,18-25,South Asian,19.9,87.4,Accepted
Kristin Stevens,26-35,Caucasian,14.3,69.5,Rejected
Heather Hernandez,26-35,Hispanic,9.3,90.4,Accepted
Donald Palmer,56+,African American,5.8,65.1,Rejected
Raymond Atkins,26-35,African American,7.8,95.1,Accepted
Christopher Stewart,36-45,Caucasian,12.8,86.7,Accepted
George Payne,26-35,South Asian,17.6,96.4,Accepted
William Scott,36-45,Middle Eastern,4.6,74.5,Rejected
Thomas Bradford,56+,South Asian,9.6,92.2,Accepted
Krista Sandoval,46-55,East Asian,3.0,72.1,Rejected
Allison Hopkins,56+,South Asian,11.1,95.2,Accepted
Reginald Ramos,36-45,South Asian,12.7,85.5,Accepted
Anthony Drake,26-35,South Asian,4.4,71.3,Rejected
Brittany Owen,18-25,Caucasian,9.6,84.2,Accepted
Tyler Perez,36-45,African American,8.0,72.8,Rejected
Michael Brown,26-35,South Asian,16.6,66.7,Rejected
Tammy Ramirez,18-25,Hispanic,7.6,74.5,Rejected
Jennifer Brooks,26-35,South Asian,12.1,92.4,Accepted
Julie Burnett,18-25,African American,16.5,69.7,Rejected
Richard Fleming,56+,South Asian,13.4,87.2,Accepted
Michael Keller,46-55,Hispanic,14.3,66.1,Rejected
Catherine Hill,36-45,Caucasian,16.6,96.7,Accepted
Joshua Wilson,46-55,Caucasian,17.0,67.3,Rejected
Calvin Mendez,46-55,Middle Eastern,4.5,69.6,Rejected
Antonio Morris,46-55,South Asian,4.5,83.8,Accepted
Timothy Smith,26-35,Middle Eastern,19.4,67.3,Rejected
Christopher Luna,46-55,African American,5.4,72.4,Rejected
Brent Brown,56+,East Asian,2.4,78.6,Rejected
Colton Gomez,36-45,African American,12.1,74.6,Rejected
James Graham,18-25,Hispanic,19.5,84.2,Rejected
Amy Perez,46-55,Middle Eastern,7.1,94.6,Accepted
Isabel Brown,46-55,Hispanic,12.2,86.4,Rejected
Benjamin Cobb,36-45,African American,3.4,65.4,Rejected
Theresa Camacho,36-45,Caucasian,1.1,65.1,Rejected
Diana Rojas,26-35,East Asian,12.3,68.2,Rejected
Shannon Duncan,46-55,African American,3.1,76.3,Rejected
Tina Sanchez,26-35,East Asian,17.2,78.9,Rejected
Joseph Matthews,18-25,East Asian,2.3,83.6,Accepted
Holly Love,36-45,African American,14.6,91.6,Accepted
Brandon Knight,26-35,Middle Eastern,3.3,93.1,Accepted
David Davis,56+,Caucasian,5.6,73.7,Rejected
Jason Smith,46-55,East Asian,16.4,95.9,Accepted
Stephanie Little DDS,26-35,Hispanic,9.7,75.7,Rejected
Jessica Harvey,36-45,African American,5.2,70.4,Rejected
Robert Walker,18-25,South Asian,9.3,79.5,Rejected
Margaret Perez,56+,Hispanic,13.8,80.2,Rejected
Sean Martinez,36-45,Hispanic,6.0,75.4,Rejected
Andrew Hernandez,18-25,Middle Eastern,12.5,76.6,Rejected
Nathaniel Nguyen,56+,Caucasian,19.1,77.2,Rejected
Beth Jones,56+,East Asian,10.5,97.9,Accepted
Wendy Ward,46-55,Middle Eastern,16.8,70.2,Rejected
Dillon Velazquez,18-25,Middle Eastern,19.0,74.0,Rejected
Spencer Navarro,26-35,Caucasian,16.0,68.4,Rejected
Erik Ross,56+,East Asian,17.9,97.1,Accepted
Diana Mcmahon,36-45,South Asian,5.7,95.6,Accepted
Curtis Sutton,26-35,Middle Eastern,11.8,92.2,Accepted
Denise Butler,56+,African American,16.9,88.2,Rejected
Joshua Shields DVM,56+,East Asian,7.6,80.9,Rejected
Rebecca Trevino,26-35,Hispanic,14.3,80.8,Rejected
Madison Elliott,26-35,African American,12.1,86.6,Rejected
Elizabeth Davis,36-45,South Asian,13.7,86.7,Accepted
Crystal Burns,36-45,African American,16.2,96.0,Accepted
Rebecca Peterson,46-55,East Asian,11.0,66.3,Rejected
Lori Kramer,46-55,Caucasian,3.2,78.2,Rejected
Benjamin Collins,46-55,Hispanic,10.6,71.0,Rejected
Mr. Anthony Knox,18-25,East Asian,2.1,79.4,Rejected
Shannon Simmons,56+,Caucasian,14.9,78.9,Rejected
Cory Davis,56+,East Asian,15.6,98.6,Accepted
Heather Horton,56+,South Asian,12.1,96.1,Accepted
Victoria Peterson,18-25,South Asian,17.0,72.3,Rejected
Christy Townsend,18-25,African American,15.9,72.8,Rejected
Joseph Dean,18-25,Middle Eastern,7.1,94.3,Accepted
Derek Lee,46-55,Caucasian,1.7,66.1,Rejected
Ashley Salinas,26-35,Middle Eastern,9.1,93.1,Accepted
Teresa Reynolds,18-25,African American,8.2,70.2,Rejected
Christina Conley,56+,Caucasian,18.0,90.9,Accepted
David Burke,26-35,Middle Eastern,4.7,73.2,Rejected
Karen Ward,26-35,South Asian,14.3,89.1,Accepted
Donna Doyle,56+,East Asian,14.9,74.5,Rejected
James Francis,46-55,African American,14.9,81.4,Rejected
Melissa Miller,26-35,East Asian,8.7,76.9,Rejected
Kathleen Harper,26-35,African American,7.0,66.0,Rejected
Jeffrey Webster,46-55,East Asian,8.2,81.0,Rejected
Deborah Bryant,26-35,South Asian,2.3,83.2,Accepted
Kyle Gray,46-55,Caucasian,14.1,77.8,Rejected
Tracy Jones,46-55,East Asian,16.7,88.6,Accepted
Mary Thomas,26-35,East Asian,15.7,96.8,Accepted
Nicholas Leonard,46-55,East Asian,12.1,94.1,Accepted
James Decker,46-55,Hispanic,2.5,77.3,Rejected
Kevin Savage,46-55,South Asian,16.0,85.5,Accepted
Cameron Haynes,36-45,Hispanic,3.9,77.6,Rejected
David Ford,56+,Middle Eastern,4.8,97.5,Accepted
Martin Calhoun,36-45,African American,14.5,95.0,Accepted
Veronica Sharp,46-55,South Asian,15.8,80.9,Rejected
Dr. Patrick Atkinson,26-35,African American,14.6,98.6,Accepted
Ryan Clark,36-45,Middle Eastern,1.1,98.2,Accepted
Karen Lewis,26-35,Caucasian,14.2,95.5,Accepted
Kim Taylor,36-45,East Asian,17.9,72.0,Rejected
Robert Rodriguez,46-55,East Asian,1.9,70.5,Rejected
Bryan Hahn,36-45,Middle Eastern,3.7,96.2,Accepted
Leslie Robinson,56+,South Asian,3.3,79.1,Rejected
Anthony Arnold,36-45,African American,18.3,73.3,Rejected
Michael Brown,18-25,African American,15.3,79.0,Rejected
Eric Avila,46-55,Hispanic,3.8,94.8,Accepted
John Moore,36-45,African American,17.6,96.6,Accepted
Angela Henderson,56+,Hispanic,10.4,76.3,Rejected
Robin Ali,46-55,South Asian,1.7,87.5,Accepted
Robert Palmer,36-45,Hispanic,18.9,71.0,Rejected
Joseph Maxwell,46-55,East Asian,17.8,66.7,Rejected
Melissa Cruz,36-45,South Asian,19.1,92.5,Accepted
Stephen Johnson,36-45,African American,2.8,72.4,Rejected
Sheila Johnson,46-55,East Asian,11.9,77.2,Rejected
Amy Farmer,56+,South Asian,8.7,72.6,Rejected
John Christensen MD,18-25,African American,13.7,79.7,Rejected
Michael Ewing,26-35,African American,16.6,65.3,Rejected
Edward West,56+,Middle Eastern,10.5,82.0,Rejected
Alexander Dominguez,18-25,Hispanic,18.1,79.4,Rejected
Robin Gamble,36-45,Hispanic,8.3,81.5,Rejected
Kathryn Johnson,36-45,South Asian,4.6,80.9,Accepted
Lauren Hernandez,36-45,East Asian,6.3,85.5,Accepted
Melissa Mays,46-55,Hispanic,3.4,76.0,Rejected
Martin Martinez,36-45,African American,5.3,75.2,Rejected
Thomas Smith,36-45,African American,16.2,70.6,Rejected
Joel Evans,18-25,African American,7.9,69.8,Rejected
Elizabeth Burke,18-25,Hispanic,9.7,67.5,Rejected
Beth Fox,18-25,East Asian,5.7,76.2,Rejected
Angela Walker,36-45,Middle Eastern,7.7,82.9,Rejected
Samantha Parrish,56+,African American,3.9,80.7,Rejected
Scott Phelps,56+,Hispanic,19.1,89.0,Rejected
Natasha Henry,18-25,Hispanic,19.2,84.6,Rejected
Sarah Clark,26-35,Middle Eastern,17.5,97.9,Accepted
Frank Chase,18-25,Caucasian,3.9,90.2,Accepted
Thomas Morales,36-45,Caucasian,7.9,80.6,Accepted
Jordan Vance,56+,East Asian,18.0,90.1,Accepted
Maria Carrillo,56+,Caucasian,14.8,92.5,Accepted
Steven Martin DDS,36-45,Middle Eastern,4.7,85.0,Rejected
Jason Brewer,18-25,Middle Eastern,6.2,74.2,Rejected
Robert Ponce,46-55,Middle Eastern,3.0,71.5,Rejected
Mary Barrett,46-55,Caucasian,17.3,85.6,Accepted
Randall Davis,26-35,South Asian,9.0,91.0,Accepted
Sarah Cardenas,26-35,East Asian,10.5,88.5,Accepted
Kevin Johnson DDS,36-45,Middle Eastern,9.5,82.5,Rejected
Rebecca Nelson,18-25,South Asian,8.2,72.3,Rejected
Evan Carter,26-35,Middle Eastern,14.1,82.0,Rejected
Caleb Lopez,26-35,Middle Eastern,6.3,72.2,Rejected
Christopher Ferguson,46-55,South Asian,6.5,85.1,Accepted
Gabrielle Oconnor,46-55,Middle Eastern,18.7,91.0,Accepted
Benjamin Waller,36-45,Middle Eastern,17.0,67.4,Rejected
Kyle Smith,56+,Hispanic,8.9,76.4,Rejected
Lisa Smith,46-55,African American,14.6,68.9,Rejected
Kathryn Maynard,56+,Caucasian,7.1,85.9,Accepted
Corey Washington,18-25,Middle Eastern,13.0,92.9,Accepted
Ernest Wilson,46-55,Hispanic,2.1,94.6,Accepted
Joel Williamson,36-45,Hispanic,16.4,81.4,Rejected
Michael Jones,18-25,Caucasian,6.6,78.1,Rejected
Christopher Pugh,18-25,Hispanic,2.4,86.3,Rejected
Sean Gonzalez,26-35,African American,17.8,92.2,Accepted
Tammy Wright,46-55,East Asian,4.3,73.8,Rejected
Jane Lewis,26-35,South Asian,12.5,69.5,Rejected
Catherine Ellis,46-55,African American,12.2,74.5,Rejected
Dawn Rowe,36-45,Caucasian,13.1,75.2,Rejected
Todd Thomas,36-45,South Asian,16.1,66.0,Rejected
Andrew Foster,26-35,Middle Eastern,15.2,93.8,Accepted
David Webb,56+,South Asian,18.1,68.0,Rejected
Bethany Marquez,18-25,Caucasian,4.6,94.1,Accepted
Kimberly Scott,56+,South Asian,17.0,78.7,Rejected
Cameron Smith,36-45,Caucasian,7.7,81.1,Accepted
Stacy Bender,36-45,East Asian,16.4,79.3,Rejected
Monica Montes,26-35,South Asian,6.9,75.0,Rejected
Andrew Stephens,26-35,South Asian,9.2,84.5,Accepted
Amber Miller,46-55,Hispanic,9.2,70.6,Rejected
Melissa Carter,26-35,Hispanic,2.4,97.0,Accepted
George Robertson,26-35,Caucasian,16.1,78.9,Rejected
Robert Burch,46-55,Hispanic,13.3,96.6,Accepted
Cassandra Rice,18-25,South Asian,9.3,94.4,Accepted
Shawn James,56+,South Asian,9.5,70.0,Rejected
Paula Anderson,46-55,Hispanic,6.3,83.6,Rejected
Denise Green,56+,Middle Eastern,9.7,66.0,Rejected
Steven Wilson,56+,African American,13.1,97.2,Accepted
Grace Brown,36-45,African American,8.9,78.5,Rejected
Eric Reed,56+,Caucasian,16.5,74.7,Rejected
Danielle Griffith,18-25,Middle Eastern,18.7,91.3,Accepted
Joseph Alexander,56+,African American,10.1,88.0,Rejected
Paul Jackson,56+,Middle Eastern,18.6,94.1,Accepted
Karla Ford,36-45,East Asian,4.9,84.6,Accepted
Dawn Morgan,56+,Caucasian,8.9,95.8,Accepted
James Lindsey,36-45,Middle Eastern,17.6,80.6,Rejected
Stephanie Armstrong,46-55,African American,3.4,68.7,Rejected
Kevin Pugh,26-35,Hispanic,17.6,77.7,Rejected
Christina Hernandez,56+,Hispanic,4.6,74.1,Rejected
Roger White,18-25,Middle Eastern,16.5,85.2,Rejected
Patrick Donaldson,46-55,Hispanic,1.1,78.7,Rejected
Stephanie Mclean,18-25,Caucasian,10.8,73.2,Rejected
Kristopher Gordon,36-45,South Asian,7.3,77.4,Rejected
Matthew Stone,26-35,Caucasian,14.3,68.1,Rejected
Amy Alexander,36-45,South Asian,10.8,82.2,Accepted
Terri Herring,36-45,Hispanic,14.0,88.7,Accepted
Bailey Conrad,36-45,South Asian,1.3,74.2,Rejected
James Meyer,36-45,South Asian,2.2,77.9,Rejected
Donna Gill,46-55,Middle Eastern,8.7,89.1,Rejected
James Simon,36-45,Middle Eastern,9.4,87.7,Rejected
Heather Richard,46-55,Caucasian,4.1,94.2,Accepted
Cheryl Bowman,26-35,East Asian,4.4,92.1,Accepted
Ashley Olson,26-35,Caucasian,10.7,70.0,Rejected
Joseph Wells,46-55,Middle Eastern,8.3,91.1,Accepted
Kelly Webb,36-45,South Asian,12.0,91.7,Accepted
Stephanie Williams,46-55,African American,10.9,78.6,Rejected
Amber Thomas,26-35,East Asian,14.8,86.9,Accepted
David Green,36-45,South Asian,15.9,66.3,Rejected
Henry Hammond,36-45,Caucasian,12.6,96.8,Accepted
Jennifer Carr,46-55,African American,9.2,97.0,Accepted
Theresa Ferguson,46-55,East Asian,14.5,94.0,Accepted
Melinda Green,46-55,Caucasian,11.7,97.6,Accepted
Erin Hansen,36-45,Middle Eastern,9.2,96.8,Accepted
Angela Kane,46-55,South Asian,18.5,70.5,Rejected
Jacob Reed,56+,Caucasian,16.3,93.7,Accepted
Andrew Jennings,56+,Hispanic,6.2,88.9,Rejected
Victoria Cooper,56+,Hispanic,17.1,71.4,Rejected
Joy West,18-25,Hispanic,1.9,86.1,Rejected
Daniel Mcdaniel,36-45,Caucasian,6.5,96.2,Accepted
Tiffany Potts,36-45,East Asian,3.3,98.2,Accepted
Mary Alvarado,56+,Middle Eastern,19.1,94.5,Accepted
Hector Watson,46-55,Middle Eastern,14.9,90.4,Rejected
Ian Mcknight,18-25,Middle Eastern,1.8,69.9,Rejected
Karen Potter,56+,Hispanic,12.8,94.9,Accepted
Angela Green,26-35,South Asian,2.9,72.5,Rejected
Chris Bennett,56+,African American,6.3,87.5,Rejected
Jennifer Carter,56+,Middle Eastern,17.5,81.2,Rejected
Jacqueline Gilbert,46-55,Middle Eastern,2.5,66.5,Rejected
Susan Collier,56+,African American,2.4,75.9,Rejected
Deborah Erickson,18-25,Hispanic,6.1,75.1,Rejected
Wendy Moore,26-35,Hispanic,8.8,85.6,Rejected
Carla Johnson,26-35,Caucasian,9.2,68.9,Rejected
Michelle Bradford,56+,Caucasian,11.9,88.3,Accepted
Wyatt Davis,26-35,East Asian,17.8,83.1,Accepted
Ivan Payne,36-45,Caucasian,18.6,78.8,Rejected
Deborah Camacho,18-25,African American,6.2,74.2,Rejected
Bethany Taylor,36-45,East Asian,14.3,77.9,Rejected
Brenda Black,26-35,Middle Eastern,1.9,86.5,Rejected
Victor Russell,36-45,Caucasian,8.8,74.2,Rejected
Jonathan Morales,46-55,East Asian,8.7,86.3,Accepted
Thomas Andrews,26-35,Middle Eastern,8.1,72.5,Rejected
Mr. Louis Hardin,46-55,Middle Eastern,19.1,88.8,Rejected
Gina Wilkins,18-25,East Asian,10.2,88.1,Accepted
Miss Becky Bell MD,36-45,Middle Eastern,4.9,83.5,Rejected
Kelly White,18-25,Hispanic,17.6,69.0,Rejected
Mckenzie Farmer,18-25,South Asian,13.8,98.9,Accepted
Miss Stephanie Steele,36-45,Hispanic,10.5,89.1,Accepted
Rickey Smith,56+,East Asian,9.4,94.9,Accepted
Mr. Jonathon Goodman,36-45,Caucasian,7.1,71.7,Rejected
Gabrielle Russell,46-55,East Asian,13.2,67.0,Rejected
Daniel Stokes,36-45,Middle Eastern,14.5,79.5,Rejected
Jesse Underwood,26-35,South Asian,5.5,89.7,Accepted
Kenneth Duncan,56+,South Asian,14.0,75.2,Rejected
Brandi Mccoy,18-25,East Asian,7.3,74.3,Rejected
Robert Mendez,26-35,Caucasian,15.4,93.3,Accepted
Timothy Harris,18-25,East Asian,17.9,67.7,Rejected
John Faulkner,18-25,Middle Eastern,15.9,91.2,Accepted
James Larson,46-55,South Asian,11.7,81.5,Rejected
Cody Zamora,18-25,African American,9.4,91.8,Accepted
Tyler Long,36-45,Hispanic,11.6,89.5,Accepted
Caitlin King,56+,South Asian,8.8,93.9,Accepted
Michael Lutz,56+,South Asian,9.7,73.5,Rejected
Jacob Nielsen,36-45,South Asian,12.6,86.5,Accepted
Casey Quinn,46-55,African American,2.1,89.4,Rejected
James Mcneil,46-55,African American,11.6,98.0,Accepted
Mia Anderson,18-25,South Asian,13.9,78.0,Rejected
Charles Johnson,36-45,South Asian,14.2,75.5,Rejected
Bryan Garza,46-55,Caucasian,5.3,82.2,Rejected
Karina Nelson,18-25,Middle Eastern,5.7,66.4,Rejected
Timothy Terry,46-55,East Asian,13.0,76.1,Rejected
Mary Davis,26-35,South Asian,4.9,65.6,Rejected
Austin Schmitt,46-55,Hispanic,4.8,73.0,Rejected
Christopher Hamilton,18-25,Middle Eastern,7.1,72.2,Rejected
Angel Sanchez,18-25,Caucasian,15.1,98.5,Accepted
Brenda Rodriguez,26-35,Middle Eastern,19.5,82.4,Rejected
Nicole Douglas,56+,Hispanic,7.3,69.7,Rejected
Brian Hebert,26-35,South Asian,8.7,67.9,Rejected
Penny Miller,26-35,South Asian,7.5,85.8,Accepted
Angela Williams,46-55,South Asian,9.4,90.9,Accepted
Michelle Sanchez,18-25,Caucasian,19.9,79.1,Rejected
Brooke Lee,26-35,Caucasian,2.8,78.4,Rejected
Mrs. Christina Ochoa,36-45,African American,10.9,78.5,Rejected
Kyle Cochran,46-55,Hispanic,13.1,70.8,Rejected
Sheila Johnson,26-35,African American,5.2,80.8,Rejected
Andrea Walker,46-55,South Asian,11.2,93.4,Accepted
Patricia Mitchell,56+,Middle Eastern,13.2,90.0,Rejected
James Carey,36-45,Middle Eastern,4.4,80.4,Rejected
Eugene Anderson,18-25,Hispanic,11.4,89.6,Accepted
Jacob Wilson,56+,East Asian,9.2,94.1,Accepted
Jose Johnson,26-35,Middle Eastern,3.1,97.2,Accepted
Ryan Davis,46-55,Caucasian,6.3,90.1,Accepted
Kayla Russell,18-25,South Asian,14.8,65.8,Rejected
Mr. Ronald Cooper,36-45,African American,2.7,79.1,Rejected
James Coleman,18-25,Middle Eastern,11.5,84.1,Rejected
April Robinson,18-25,South Asian,12.1,78.2,Rejected
Kathleen Juarez,56+,Hispanic,11.2,66.6,Rejected
Courtney Mcdonald,26-35,Middle Eastern,10.4,86.7,Rejected
Gregory Hardy,18-25,African American,17.0,77.8,Rejected
Darren Wilson,46-55,Caucasian,2.0,74.0,Rejected
Christopher Green,56+,African American,12.1,79.2,Rejected
Steve Larson,36-45,African American,14.3,78.3,Rejected
Gary Hughes,56+,Hispanic,13.1,86.8,Rejected
Robert Palmer,18-25,African American,12.6,83.9,Rejected
Michelle Odom,36-45,Hispanic,1.1,69.0,Rejected
Kayla Smith,26-35,South Asian,19.3,79.0,Rejected
Roberto Cardenas,46-55,Middle Eastern,19.1,98.1,Accepted
Betty Dunlap,46-55,African American,7.5,86.6,Rejected
Mark Stewart,26-35,East Asian,12.3,84.3,Accepted
Brenda Daniels,36-45,South Asian,7.3,82.5,Accepted
Timothy Franklin,26-35,African American,3.1,74.8,Rejected
Sharon Smith,36-45,African American,2.1,87.2,Rejected
Keith Johnson,46-55,Middle Eastern,5.3,84.9,Rejected
Matthew Mueller,26-35,Middle Eastern,14.9,82.8,Rejected
Alejandro Harvey,36-45,Middle Eastern,4.1,74.6,Rejected
Joseph Cox,56+,South Asian,11.5,83.4,Accepted
Timothy Watkins,26-35,South Asian,14.5,77.3,Rejected
Melanie Hardin,36-45,Hispanic,15.7,85.2,Rejected
Judy Castillo,36-45,East Asian,16.3,68.4,Rejected
Emily Tucker,26-35,East Asian,9.3,69.8,Rejected
Trevor Davis,46-55,South Asian,18.8,67.1,Rejected
Susan Williams,18-25,East Asian,7.8,91.0,Accepted
Heather Herring,26-35,Caucasian,15.5,73.8,Rejected
Matthew Hayes,18-25,Caucasian,12.2,91.5,Accepted
Rodney Cervantes,26-35,Middle Eastern,6.5,77.9,Rejected
Katie Thompson DVM,46-55,African American,17.2,73.3,Rejected
Courtney Yoder,56+,Middle Eastern,11.7,79.2,Rejected
Lauren Bryant,36-45,Caucasian,12.2,95.8,Accepted
Leslie Todd,36-45,East Asian,11.7,68.1,Rejected
Dorothy Garza,26-35,Hispanic,2.5,98.3,Accepted
Darren Lindsey,46-55,Caucasian,5.1,89.7,Accepted
Karen Cruz,26-35,Caucasian,17.9,74.5,Rejected
Julie Roberts,46-55,Caucasian,2.4,83.8,Accepted
Heather Reeves,56+,Middle Eastern,16.2,85.8,Rejected
Lance Dean,46-55,African American,14.8,73.3,Rejected
Dylan Howard,46-55,Middle Eastern,2.1,90.9,Rejected
Patricia Wilcox,56+,Middle Eastern,8.0,97.9,Accepted
Todd Price,46-55,African American,19.9,97.6,Accepted
Sydney Kidd,26-35,Caucasian,8.7,95.8,Accepted
Karen Turner,56+,Caucasian,1.7,86.5,Accepted
Christine French,36-45,Middle Eastern,7.8,76.6,Rejected
Calvin Bass,46-55,Middle Eastern,16.0,82.8,Rejected
Sarah Beltran,18-25,South Asian,9.1,94.8,Accepted
Pamela Benjamin,56+,Hispanic,6.7,87.8,Rejected
Justin Myers,36-45,Middle Eastern,12.9,79.9,Rejected
Linda Aguirre,46-55,African American,11.4,72.2,Rejected
Kelly Stevenson,18-25,Middle Eastern,19.5,86.5,Rejected
Debra Murray,56+,Hispanic,19.0,71.4,Rejected
Danny Thompson,46-55,South Asian,13.2,68.7,Rejected
Alex Robles,18-25,Hispanic,18.4,90.7,Accepted
Kimberly Cain,26-35,Hispanic,5.8,81.7,Rejected
Laura Cole,46-55,Middle Eastern,18.2,74.2,Rejected
Michael Fernandez,18-25,Middle Eastern,3.4,90.3,Accepted
Raven Mcconnell,46-55,Hispanic,8.5,74.4,Rejected
Melissa Wood,18-25,South Asian,11.5,66.6,Rejected
Jeffrey Williams,36-45,African American,10.6,96.2,Accepted
Michael Murray,56+,African American,12.8,69.6,Rejected
Mrs. Mary Miller,46-55,East Asian,6.9,86.2,Accepted
Paul Rice,18-25,South Asian,6.5,76.4,Rejected
Terry Shepherd,26-35,Caucasian,3.7,91.8,Accepted
Jason Zavala,26-35,Middle Eastern,12.1,81.4,Rejected
Mrs. Carrie Meyer,56+,Caucasian,15.8,82.8,Rejected
Melissa Knight,46-55,South Asian,19.2,86.9,Accepted
Anthony Allison,36-45,Caucasian,4.4,88.2,Accepted
Dr. Evan Wilson,46-55,Hispanic,5.2,87.8,Rejected
Bruce Johnson,26-35,Hispanic,1.9,95.8,Accepted
Timothy Young PhD,18-25,South Asian,7.8,97.2,Accepted
William Gilmore,18-25,Hispanic,18.7,77.7,Rejected
Richard Mccarthy,36-45,Middle Eastern,15.6,95.2,Accepted
Jesse Gray,26-35,Middle Eastern,12.3,78.7,Rejected
Matthew Floyd,26-35,Middle Eastern,13.3,70.5,Rejected
Marie Gonzalez,18-25,South Asian,16.8,85.9,Accepted
Lauren Freeman,18-25,Caucasian,3.9,94.8,Accepted
Eric Watkins,26-35,Caucasian,4.0,91.0,Accepted
Evan Davis,36-45,South Asian,9.7,81.3,Accepted
Nancy Miller,46-55,South Asian,9.7,98.6,Accepted
David Ramos,18-25,Hispanic,3.5,92.2,Accepted
Karen Kennedy,26-35,African American,13.3,86.5,Rejected
Victoria Wallace,36-45,Hispanic,4.1,79.7,Rejected
Dr. Megan Gonzalez,56+,African American,19.0,85.2,Rejected
Jesse Ramsey,26-35,Hispanic,13.2,92.2,Accepted
Valerie Roberts,36-45,East Asian,11.4,87.7,Accepted
Chad White DDS,18-25,Hispanic,9.9,92.2,Accepted
David Lopez,26-35,Caucasian,11.4,87.9,Accepted
Natalie Miller,56+,East Asian,12.5,79.2,Rejected
Kevin Mitchell,26-35,East Asian,5.7,87.1,Accepted
Amy Carter,26-35,Hispanic,12.6,85.6,Rejected
Alexis Buchanan,46-55,Caucasian,10.9,69.0,Rejected
Michael Schultz,46-55,Caucasian,12.8,88.9,Accepted
Bobby Carson,56+,South Asian,19.1,92.8,Accepted
Tyrone Henderson,36-45,East Asian,5.9,72.3,Rejected
Richard Romero,26-35,Hispanic,8.5,65.0,Rejected
Brian Cantu,18-25,Hispanic,19.2,72.0,Rejected
Terry Bryant,36-45,East Asian,3.1,76.9,Rejected
Brooke Weaver,36-45,Hispanic,5.8,97.1,Accepted
David Orr MD,46-55,Hispanic,7.0,91.8,Accepted
Cassandra Smith,18-25,African American,7.0,86.6,Rejected
Andrew Turner,56+,Caucasian,2.0,81.8,Rejected
Karen Anderson,26-35,South Asian,3.7,93.1,Accepted
Amy Armstrong,56+,Middle Eastern,6.6,70.9,Rejected
Danielle Yu,18-25,African American,16.6,69.1,Rejected
William Valdez,56+,East Asian,1.5,85.7,Accepted
Christie Stevens,26-35,African American,19.1,82.3,Rejected
Carla Stephenson,18-25,Middle Eastern,17.4,69.4,Rejected
Dana Strickland,36-45,South Asian,6.7,79.6,Rejected
Bradley Ibarra,18-25,African American,5.0,93.4,Accepted
Megan Parker,26-35,Hispanic,9.5,82.2,Rejected
Heather Finley,36-45,South Asian,11.1,78.1,Rejected
Tracy Allison,18-25,East Asian,19.6,86.4,Accepted
Brett White,46-55,African American,14.0,72.2,Rejected
Shannon Barnett,18-25,South Asian,18.4,68.2,Rejected
Crystal Payne,18-25,African American,14.6,78.1,Rejected
Bryan Lowery,56+,South Asian,11.7,82.8,Rejected
Jason Coleman,46-55,Caucasian,2.1,72.4,Rejected
Patricia Rodgers,56+,Caucasian,8.5,87.5,Accepted
Amber Tran,26-35,East Asian,15.1,75.2,Rejected
Chad Wood,56+,African American,5.3,68.7,Rejected
Vincent Johnson,36-45,East Asian,8.3,77.0,Rejected
Maurice White,26-35,African American,9.0,80.4,Rejected
Fernando Gomez,36-45,Middle Eastern,19.6,75.6,Rejected
Rachel Deleon,56+,South Asian,17.4,67.4,Rejected
Kevin Sharp,18-25,Caucasian,13.5,98.5,Accepted
James Rogers,46-55,Caucasian,11.2,80.4,Rejected
Pamela Wall,56+,South Asian,5.8,95.8,Accepted
Michael Thompson,46-55,Hispanic,10.4,94.2,Accepted
William Barnes,46-55,South Asian,15.4,72.6,Rejected
Maria Barry,26-35,Caucasian,2.0,69.5,Rejected
Dustin Herrera,26-35,Middle Eastern,2.6,78.9,Rejected
Cynthia West,18-25,African American,16.5,93.2,Accepted
Megan Wilson,56+,South Asian,7.7,79.9,Rejected
Joshua Gray,36-45,Middle Eastern,13.8,93.1,Accepted
George Whitney,26-35,Caucasian,11.7,68.7,Rejected
Jessica Lee,46-55,Middle Eastern,16.9,97.3,Accepted
Ryan Kelly,36-45,Caucasian,12.6,68.2,Rejected
Jeffrey Bates Jr.,26-35,Hispanic,7.0,76.3,Rejected
Gregory Cook,26-35,East Asian,7.9,97.3,Accepted
Samantha Mendoza,18-25,South Asian,1.3,92.2,Accepted
Amanda Mora,18-25,Middle Eastern,19.9,88.1,Accepted
Wesley Wood,46-55,East Asian,11.9,96.0,Accepted
Kristina Berg MD,26-35,East Asian,15.6,96.6,Accepted
Jonathan Warren,26-35,South Asian,9.0,75.1,Rejected
Tony Morrow,56+,African American,6.0,83.8,Rejected
Edward Carey,26-35,East Asian,10.7,78.2,Rejected
David Richardson,26-35,South Asian,19.8,97.3,Accepted
Edward Pratt DDS,36-45,Caucasian,3.8,95.2,Accepted
Megan Murray,46-55,African American,16.4,86.3,Rejected
David Madden,36-45,African American,7.0,66.7,Rejected
John Price,56+,Middle Eastern,10.5,97.4,Accepted
Michael Sullivan,56+,Middle Eastern,13.7,89.7,Rejected
Mackenzie Ponce,36-45,Middle Eastern,6.7,71.7,Rejected
Kylie Myers,56+,South Asian,2.8,77.3,Rejected
Jason Perez,18-25,African American,12.6,79.1,Rejected
Nancy Howe,18-25,Caucasian,14.2,66.9,Rejected
James Graves,56+,South Asian,8.6,87.8,Accepted
David Howell,36-45,East Asian,2.3,71.4,Rejected
Alec Wang,56+,African American,10.2,97.0,Accepted
Tammy Mayer,36-45,Middle Eastern,4.2,88.2,Accepted
Mary Keller,46-55,Hispanic,6.1,93.4,Accepted
Michael Robinson,36-45,Caucasian,8.8,92.1,Accepted
Jessica Adams,36-45,South Asian,2.8,65.8,Rejected
Miguel Williams,46-55,African American,4.8,77.7,Rejected
Mary Marquez,56+,African American,12.7,94.8,Accepted
Vincent Hickman,56+,South Asian,8.6,79.4,Rejected
Miss Courtney Coleman,46-55,African American,5.7,66.7,Rejected
Raymond Delacruz,56+,East Asian,1.1,69.3,Rejected
Raymond Smith,26-35,African American,18.5,68.1,Rejected
Glenn Gonzalez,56+,Middle Eastern,2.1,69.4,Rejected
Phillip Johnson,18-25,Middle Eastern,2.4,95.1,Accepted
Brendan Scott,18-25,Caucasian,7.0,81.6,Accepted
Daniel Shepherd,26-35,Hispanic,11.3,78.7,Rejected
Jasmine Garcia,18-25,African American,18.1,77.4,Rejected
Michelle Paul,56+,African American,7.0,93.0,Accepted
Dr. Tina Vasquez,36-45,Middle Eastern,9.0,94.5,Accepted
Angela Jones,26-35,Caucasian,10.0,96.4,Accepted
Lindsey Watkins,18-25,African American,2.9,72.0,Rejected
James Neal,18-25,East Asian,7.1,77.2,Rejected
Jillian Landry,36-45,Caucasian,14.9,95.1,Accepted
Jean Brown,26-35,East Asian,18.9,95.3,Accepted
Veronica Torres,36-45,South Asian,17.9,68.3,Rejected
Luis Cooper,56+,South Asian,13.9,86.3,Accepted
Chris Lopez,56+,Caucasian,18.0,90.6,Accepted
Stephanie Marsh,26-35,Caucasian,3.4,91.9,Accepted
Alexander Mccarthy,26-35,South Asian,18.6,69.9,Rejected
William Taylor,18-25,Hispanic,7.2,87.7,Rejected
Michael Perez,26-35,East Asian,18.9,86.4,Accepted
James Macdonald,56+,East Asian,11.2,67.2,Rejected
Raven Potts,56+,Hispanic,6.4,92.7,Accepted
James Jones,46-55,African American,10.8,96.6,Accepted
Brandon Rivera,46-55,East Asian,15.7,70.7,Rejected
Tara Costa,56+,Hispanic,5.1,70.5,Rejected
Annette Hamilton,18-25,African American,17.5,96.9,Accepted
Kristen Terry,26-35,Middle Eastern,13.8,73.2,Rejected
David Cooper PhD,18-25,Caucasian,18.3,95.1,Accepted
Mr. Matthew Owens,36-45,Hispanic,3.9,78.3,Rejected
John Gilmore,18-25,Middle Eastern,19.3,69.3,Rejected
Amber Daniels,18-25,East Asian,17.4,77.2,Rejected
David Williams,56+,East Asian,7.6,72.1,Rejected
John Cunningham,26-35,East Asian,9.6,76.7,Rejected
Bryce Barton,46-55,Middle Eastern,3.8,89.4,Rejected
Jeremiah Summers,46-55,East Asian,15.8,86.1,Accepted
Lauren Lucas,56+,South Asian,8.5,98.1,Accepted
Nathan Williams,46-55,African American,7.5,79.5,Rejected
Amy Long,18-25,African American,10.0,82.6,Rejected
Catherine Gonzalez,18-25,African American,4.6,93.0,Accepted
Christopher Stephens,26-35,Caucasian,2.8,98.1,Accepted
Veronica Walker,18-25,Caucasian,7.7,71.3,Rejected
Timothy Brown,46-55,African American,14.2,78.2,Rejected
Matthew Armstrong,18-25,East Asian,6.0,76.4,Rejected
Jillian Rowland,56+,Caucasian,18.1,86.6,Accepted
Jennifer Shea,56+,Middle Eastern,8.9,89.7,Rejected
Jacob Irwin,56+,African American,3.7,83.7,Rejected
Deanna Fletcher,18-25,Caucasian,2.4,94.9,Accepted
Melissa Aguilar,46-55,Caucasian,15.0,72.2,Rejected
Julie Robinson,56+,Caucasian,15.9,77.2,Rejected
Regina Powell,46-55,Hispanic,10.6,91.9,Accepted
James Archer,26-35,Middle Eastern,4.3,75.0,Rejected
Amanda Perez,26-35,Middle Eastern,4.7,97.3,Accepted
Kevin Parker,56+,East Asian,17.1,90.0,Accepted
Bobby Williams,56+,Caucasian,13.2,65.6,Rejected
Troy Hansen,46-55,East Asian,19.1,74.1,Rejected
Debra Cunningham,26-35,African American,15.9,73.3,Rejected
Aaron Moreno,36-45,African American,11.3,90.0,Accepted
Gary Johnson Jr.,18-25,Middle Eastern,5.3,77.1,Rejected
Laura Fletcher,46-55,Middle Eastern,11.9,76.8,Rejected
Valerie Wood,56+,East Asian,19.9,67.6,Rejected
Jerome Becker,56+,African American,13.0,90.0,Rejected
John Richards,36-45,Caucasian,18.0,66.8,Rejected
Emily Miller MD,56+,South Asian,5.5,82.5,Rejected
Isaiah Bailey,56+,Caucasian,17.8,73.1,Rejected
Jerry Thomas,56+,African American,7.3,73.6,Rejected
Robert Schmidt,26-35,Middle Eastern,19.3,67.4,Rejected
Kyle Ballard,36-45,Middle Eastern,17.0,82.5,Rejected
Mr. Steven Hall DDS,26-35,South Asian,8.8,78.7,Rejected
Victoria Peterson,56+,Middle Eastern,14.1,75.6,Rejected
Christine Esparza,36-45,African American,10.4,93.5,Accepted
Kevin Rose,46-55,Middle Eastern,5.2,90.6,Rejected
Tammy Chavez,56+,South Asian,18.5,73.5,Rejected
Roberto King,26-35,Middle Eastern,8.7,68.9,Rejected
Sarah Mitchell,56+,African American,9.1,82.0,Rejected
Benjamin Elliott,56+,Caucasian,18.1,89.1,Accepted
Amanda Jones PhD,46-55,South Asian,2.4,74.9,Rejected
Timothy Berg,26-35,Caucasian,5.0,90.0,Accepted
Jasmine Smith,18-25,African American,1.5,89.6,Accepted
Nathaniel Bennett,56+,African American,17.5,80.5,Rejected
Katelyn Garcia,36-45,East Asian,11.0,94.8,Accepted
Anthony Brown,18-25,Caucasian,14.6,68.4,Rejected
Stephanie Haley,18-25,Hispanic,18.4,95.7,Accepted
Lauren Burns,56+,South Asian,3.3,82.5,Rejected
Laura Anthony,36-45,Hispanic,10.7,74.7,Rejected
Thomas Smith,56+,African American,3.6,73.1,Rejected
Dr. Christine Martin,18-25,Hispanic,7.0,92.0,Accepted
Erica Romero,36-45,East Asian,19.4,94.9,Accepted
Gina Hartman,18-25,East Asian,11.2,82.3,Accepted
William Spears,36-45,Hispanic,17.8,72.0,Rejected
Katherine White,36-45,South Asian,2.7,98.0,Accepted
Deborah Vazquez,26-35,Caucasian,14.1,87.3,Accepted
Lori Jackson,46-55,Middle Eastern,11.7,86.6,Rejected
Jessica Hodge,56+,South Asian,9.4,78.9,Rejected
Daniel Williamson,36-45,Hispanic,12.5,97.1,Accepted
Daniel Williams,56+,African American,4.7,98.0,Accepted
Mr. Benjamin Thompson,18-25,African American,12.8,86.7,Rejected
Michael Casey,36-45,African American,19.6,65.0,Rejected
Devon Donaldson,18-25,Hispanic,13.1,96.8,Accepted
Eric Miller,56+,South Asian,17.8,72.6,Rejected
Paul Walker,36-45,African American,12.5,98.9,Accepted
Samantha Dixon,56+,Hispanic,15.7,91.5,Accepted
Crystal Lopez,26-35,Caucasian,1.9,74.8,Rejected
Jessica Young,56+,Middle Eastern,7.2,80.6,Rejected
Tammy Vasquez,56+,Hispanic,9.1,86.5,Rejected
Zachary Kirby,26-35,South Asian,15.6,75.1,Rejected
Cassandra Hill,26-35,Middle Eastern,10.1,86.8,Rejected
Mr. Nicholas Woodward,56+,African American,10.2,97.2,Accepted
Robert Murray,18-25,East Asian,16.1,86.8,Accepted
Justin Mitchell,46-55,East Asian,19.9,79.5,Rejected
Erik Burton,46-55,African American,18.5,97.7,Accepted
Catherine Clark,18-25,East Asian,9.2,75.2,Rejected
Jeffrey Sims,56+,African American,7.8,81.5,Rejected
William Salinas,36-45,Hispanic,18.8,95.4,Accepted
Brandi Baker,26-35,Caucasian,4.5,97.0,Accepted
Bryan Hogan,36-45,South Asian,9.5,72.6,Rejected
Emily Gallagher,26-35,East Asian,8.0,97.6,Accepted
Miranda Gonzalez,18-25,Caucasian,8.9,68.2,Rejected
Bobby Hooper,26-35,Caucasian,7.5,97.0,Accepted
John Rogers,26-35,Hispanic,14.4,88.0,Accepted
Brian Turner,36-45,South Asian,4.1,81.3,Accepted
Joshua Adams,18-25,East Asian,16.1,85.8,Accepted
Robert Sanchez,18-25,African American,10.6,95.3,Accepted
William Flores,18-25,Middle Eastern,15.1,86.4,Rejected
Lori Morrow,36-45,Caucasian,3.8,73.3,Rejected
Daniel Hernandez,36-45,Hispanic,11.0,71.4,Rejected
Sara Mcneil,18-25,Hispanic,11.6,67.6,Rejected
Erin Parker,36-45,African American,2.3,90.7,Accepted
Bill Jackson,18-25,Hispanic,9.6,92.4,Accepted
Adrian Rodriguez,56+,South Asian,16.1,97.9,Accepted
Sergio Wolfe,36-45,African American,10.1,74.1,Rejected
Connie Lowe,56+,Caucasian,16.4,94.8,Accepted
Anthony Williams,18-25,East Asian,18.3,72.6,Rejected
Alexander Jackson,18-25,African American,12.4,93.6,Accepted
Nancy Smith,36-45,African American,11.1,76.2,Rejected
Jenna Flores,26-35,Caucasian,5.2,71.9,Rejected
Jacob Bowers,36-45,Caucasian,2.2,92.8,Accepted
Amanda Mayo,46-55,Caucasian,10.1,85.1,Accepted
Garrett Aguilar,26-35,Hispanic,5.5,89.9,Accepted
Katie Fields,56+,Hispanic,14.9,84.4,Rejected
Amanda Lopez,36-45,South Asian,4.9,80.1,Accepted
Michael Horn,18-25,African American,17.1,90.2,Accepted
Christian Jackson,46-55,South Asian,2.6,98.8,Accepted
Patty Macdonald,36-45,South Asian,17.6,75.7,Rejected
Jeffrey Green,26-35,Hispanic,12.1,94.9,Accepted
Charles Cox,18-25,East Asian,13.6,88.9,Accepted
Elizabeth West,46-55,East Asian,10.2,85.5,Accepted
Leslie Jones,56+,Caucasian,6.0,75.3,Rejected
Cindy Andrews,26-35,African American,14.2,65.9,Rejected
Jordan Carr,18-25,Caucasian,14.6,69.7,Rejected
Christopher Ferrell,36-45,Caucasian,4.0,89.6,Accepted
Nicole Pollard,26-35,Caucasian,3.3,76.6,Rejected
Kimberly Thomas,36-45,African American,18.0,76.6,Rejected
Jennifer Costa,56+,African American,4.6,86.5,Rejected
Zachary Williams,36-45,East Asian,11.6,93.4,Accepted
Jodi Lawson,26-35,Caucasian,14.0,70.7,Rejected
David Strong,36-45,South Asian,11.8,73.5,Rejected
Denise Gill,18-25,East Asian,16.0,73.1,Rejected
Victoria Davis,18-25,Caucasian,12.4,94.3,Accepted
Randy Murphy,56+,Hispanic,7.9,72.1,Rejected
Matthew Love,46-55,East Asian,16.3,73.3,Rejected
Matthew Malone,56+,African American,5.3,74.2,Rejected
Lynn Obrien,36-45,Middle Eastern,12.9,67.9,Rejected
Melissa Hernandez,56+,Caucasian,3.8,71.5,Rejected
Tyler Arnold,18-25,African American,1.0,84.8,Rejected
Tony Molina,26-35,Caucasian,18.6,95.1,Accepted
Hannah Baker,46-55,East Asian,12.2,92.7,Accepted
Michael Maynard,26-35,African American,17.2,86.5,Rejected
Rebecca Wood,18-25,African American,7.4,90.5,Accepted
Sarah Walker,36-45,Hispanic,15.0,78.2,Rejected
Andrew Myers,46-55,Caucasian,12.5,96.5,Accepted
Shelly Black,56+,Caucasian,7.3,89.3,Accepted
Nicole Coffey,26-35,African American,7.8,83.1,Rejected
Amy Hernandez,26-35,South Asian,13.0,92.9,Accepted
Lauren Clay,18-25,Caucasian,17.2,93.3,Accepted
Laura Park,46-55,South Asian,16.6,73.0,Rejected
William Hooper,56+,Hispanic,19.2,66.9,Rejected
Beverly Burns,26-35,Hispanic,10.1,68.6,Rejected
Jerry Lucas,26-35,Caucasian,14.1,93.5,Accepted
Michael Chang,18-25,Hispanic,5.6,97.1,Accepted
Kimberly Anderson,46-55,Middle Eastern,15.0,77.1,Rejected
Brianna Brown,46-55,African American,11.7,96.3,Accepted
Gabriel Smith,56+,South Asian,2.2,87.1,Accepted
Charles Thompson,26-35,East Asian,14.0,82.2,Accepted
Stephen Larsen,56+,Middle Eastern,11.6,90.9,Rejected
Sylvia Hernandez,56+,African American,11.8,72.4,Rejected
Deborah Briggs,36-45,African American,19.1,77.5,Rejected
Robert Jimenez,36-45,East Asian,14.5,68.7,Rejected
Maria Chase,56+,Caucasian,14.3,73.0,Rejected
Lynn Nguyen,36-45,African American,15.2,71.0,Rejected
Ricardo Ashley,36-45,African American,16.2,86.2,Rejected
Nichole Cook,56+,South Asian,6.6,69.9,Rejected
Lauren Blackwell,36-45,South Asian,5.7,70.8,Rejected
Nicole Obrien,26-35,South Asian,11.9,90.2,Accepted
Andrea Clark,18-25,Caucasian,2.6,84.8,Accepted
Sarah Long,18-25,Hispanic,3.7,92.8,Accepted
Charles Johns,18-25,Caucasian,19.7,71.9,Rejected
Bethany Aguirre,56+,Caucasian,2.9,83.2,Accepted
Jason Lopez,46-55,Middle Eastern,16.7,68.6,Rejected
Rebecca Evans,26-35,Middle Eastern,5.9,83.8,Rejected
Kim Peterson,46-55,Hispanic,8.8,81.6,Rejected
Heather Young,56+,Caucasian,6.6,68.0,Rejected
Brittany Holt,36-45,Caucasian,6.3,81.5,Accepted
George Edwards,46-55,East Asian,13.7,96.4,Accepted
Eric Strong,56+,Caucasian,9.9,71.6,Rejected
Rebecca Hill,18-25,Middle Eastern,12.8,69.3,Rejected
Eric Phillips,26-35,East Asian,13.9,81.6,Accepted
Steven Valdez,56+,East Asian,5.0,82.7,Rejected
Janet Russell,18-25,Hispanic,8.1,89.8,Accepted
Jason Lee,18-25,East Asian,1.4,91.7,Accepted
James Moore,36-45,East Asian,15.4,69.4,Rejected
Aaron Cruz,36-45,Caucasian,18.3,71.5,Rejected
Angela Cain,46-55,South Asian,15.2,71.6,Rejected
Patrick Mcclain,36-45,Hispanic,7.9,80.5,Rejected
Christopher Hicks,56+,African American,1.2,84.7,Rejected
Regina Morton,46-55,Caucasian,16.8,82.8,Rejected
Carrie Marshall,36-45,East Asian,11.4,74.9,Rejected
Margaret Sanford,36-45,South Asian,14.6,87.7,Accepted
Deanna Price,46-55,Hispanic,8.5,95.4,Accepted
Jill Grant,46-55,Caucasian,6.5,89.1,Accepted
John Barrett,56+,Caucasian,19.2,92.7,Accepted
Allison Shields,26-35,East Asian,5.6,65.8,Rejected
Shane Gomez,56+,Caucasian,9.7,65.8,Rejected
Erin Barron,56+,Caucasian,18.6,86.0,Accepted
Claudia Smith,56+,South Asian,18.6,87.3,Accepted
Breanna Rodriguez,56+,Hispanic,12.2,69.7,Rejected
Brittany Wright,36-45,Hispanic,11.9,76.2,Rejected
Erika Lopez,18-25,South Asian,18.4,90.5,Accepted
Terri Saunders,46-55,Hispanic,14.4,77.1,Rejected
Brian Smith,18-25,Caucasian,18.9,83.8,Accepted
John Brown,18-25,Caucasian,1.9,65.1,Rejected
Travis Johnson,56+,African American,9.2,78.5,Rejected
Natalie Matthews,46-55,East Asian,11.1,81.3,Rejected
Steven Mitchell,26-35,Caucasian,17.0,73.2,Rejected
Scott Caldwell,26-35,South Asian,4.9,72.7,Rejected
Alan Espinoza,56+,South Asian,5.4,97.1,Accepted
Joseph Wolf,56+,East Asian,5.2,96.4,Accepted
Paul Cox,46-55,South Asian,1.4,65.2,Rejected
Dustin Thompson,18-25,East Asian,2.0,65.0,Rejected
Jamie Carter,36-45,South Asian,5.2,68.1,Rejected
Roberto Miles,26-35,African American,11.6,93.8,Accepted
Nicholas Davis,56+,Middle Eastern,16.3,71.1,Rejected
Devin Lang,46-55,East Asian,9.0,94.5,Accepted
Maria French,18-25,Middle Eastern,5.9,92.8,Accepted
Katelyn Wilson,18-25,Hispanic,12.1,68.7,Rejected
Michael Burnett,26-35,Caucasian,10.0,68.9,Rejected
Nathaniel Roberts,46-55,East Asian,19.8,70.8,Rejected
Sheila Potter,26-35,Caucasian,10.3,75.7,Rejected
Daniel Fields,26-35,Caucasian,17.3,93.5,Accepted
John Warren,56+,South Asian,4.2,81.0,Rejected
Shelley Long,36-45,East Asian,6.8,92.2,Accepted
Randy Morrow,36-45,Caucasian,2.0,94.2,Accepted
Jacob Mcdowell,56+,Middle Eastern,6.1,84.8,Rejected
Jonathan Erickson,36-45,Middle Eastern,17.2,73.9,Rejected
Paul Perkins,26-35,Middle Eastern,10.7,91.4,Accepted
Jenny Evans,26-35,East Asian,3.0,80.8,Accepted
Christy Livingston,26-35,Caucasian,9.5,81.7,Accepted
Christian Howard,46-55,Caucasian,7.1,83.0,Accepted
Ann Cole,36-45,Middle Eastern,14.0,95.7,Accepted
Amy Eaton,46-55,Middle Eastern,19.7,74.9,Rejected
John Mitchell,56+,African American,10.4,65.9,Rejected
Jennifer Austin,36-45,African American,2.0,76.4,Rejected
Tyler Boyd,18-25,South Asian,3.5,69.8,Rejected
Jenny Daniels,18-25,East Asian,16.3,69.0,Rejected
Brittany Perez,56+,African American,8.5,71.2,Rejected
Jeffrey Smith,26-35,Caucasian,8.1,74.4,Rejected
Alexis Smith,56+,African American,7.4,82.1,Rejected
Maxwell Gamble,18-25,Caucasian,6.6,83.3,Accepted
Kimberly Marshall,46-55,East Asian,6.9,98.7,Accepted
Samantha Obrien,26-35,African American,6.7,87.7,Rejected
Nicholas Suarez,46-55,Middle Eastern,6.2,94.0,Accepted
Joseph Sanchez,18-25,South Asian,9.4,80.7,Accepted
Jason Reed,26-35,Middle Eastern,17.2,89.0,Accepted
Neil Fuller,56+,South Asian,10.5,82.3,Rejected
Sarah Montes,46-55,Hispanic,19.8,88.7,Rejected
Michael Cooper,36-45,Caucasian,6.5,94.0,Accepted
Robert Bean Jr.,26-35,African American,2.3,81.1,Rejected
Joseph Bentley,26-35,Caucasian,13.6,73.0,Rejected
Jennifer Harris,18-25,East Asian,7.4,81.3,Accepted
Donald Rodriguez,56+,South Asian,1.6,76.5,Rejected
Luis Baird,46-55,Caucasian,16.5,89.3,Accepted
Anne Walker,26-35,African American,8.6,96.5,Accepted
Ronald Swanson,46-55,South Asian,16.0,70.7,Rejected
Steven Yates,56+,Middle Eastern,8.9,89.3,Rejected
Alice Deleon,56+,East Asian,12.0,70.6,Rejected
Amy Trujillo,56+,African American,19.7,96.4,Accepted
Krista Webster,26-35,East Asian,14.1,83.3,Accepted
Allison Hunter,56+,East Asian,5.2,85.1,Accepted
Sheila Morgan,46-55,Caucasian,6.0,82.1,Rejected
Sabrina James,36-45,Middle Eastern,17.9,89.0,Accepted
Amanda Holmes,56+,South Asian,2.4,66.8,Rejected
Nicholas Jackson,26-35,South Asian,13.7,91.3,Accepted
Jason Berry,26-35,Middle Eastern,7.7,86.9,Rejected
Evelyn Robertson,26-35,African American,4.8,91.3,Accepted
Aaron Jackson,18-25,African American,15.0,98.9,Accepted
Anthony Hernandez,26-35,Caucasian,16.1,97.5,Accepted
Patricia Ramos,26-35,Middle Eastern,7.5,77.4,Rejected
Kathy Sanders,36-45,East Asian,19.5,72.5,Rejected
Angela Kemp,46-55,South Asian,18.0,93.3,Accepted
Monica Butler,26-35,East Asian,9.1,87.3,Accepted
Richard Williamson,18-25,East Asian,15.9,73.9,Rejected
Tammy Mathis,56+,Caucasian,3.3,96.9,Accepted
Heather Silva,18-25,Middle Eastern,13.6,98.6,Accepted
James Chen,26-35,South Asian,17.2,81.7,Accepted
Joshua Patrick,18-25,East Asian,10.2,70.3,Rejected
Jordan Johnson,18-25,Hispanic,14.1,69.0,Rejected
Gabrielle Castro,56+,African American,18.1,86.2,Rejected
Lisa Lee,18-25,East Asian,5.0,82.1,Accepted
Christy Williams,18-25,South Asian,10.2,73.4,Rejected
Krista Wilson,36-45,Hispanic,10.5,85.4,Rejected
John Swanson,18-25,East Asian,19.3,80.5,Accepted
Kayla Fisher,26-35,Hispanic,11.1,85.5,Rejected
Valerie Smith,56+,African American,19.8,68.5,Rejected
Mr. David Castro,56+,East Asian,7.2,90.9,Accepted
Brittany Freeman,18-25,Caucasian,10.6,71.6,Rejected
Carl Saunders,18-25,Middle Eastern,13.2,90.1,Accepted
Meagan Diaz,26-35,Middle Eastern,13.4,81.9,Rejected
Brian Anderson,18-25,Caucasian,9.7,72.9,Rejected
Amanda Smith,36-45,South Asian,16.5,66.1,Rejected
Toni Jensen,26-35,Middle Eastern,8.2,89.5,Accepted
Steven Miller,18-25,Middle Eastern,13.2,86.9,Rejected
Angelica Rodriguez,26-35,East Asian,15.3,96.8,Accepted
Jason Blankenship,18-25,South Asian,17.1,71.0,Rejected
Amy Anderson,18-25,Caucasian,18.2,69.9,Rejected
Cheryl Hicks,36-45,South Asian,10.6,91.5,Accepted
Ashley Reed,56+,African American,13.9,92.4,Accepted
Brandi Jackson,56+,Caucasian,16.9,66.4,Rejected
Valerie Cunningham,18-25,Middle Eastern,17.5,65.8,Rejected
Michael Edwards,36-45,Hispanic,12.0,94.1,Accepted
James Underwood,46-55,Caucasian,1.2,87.7,Accepted
Daniel Stewart,26-35,East Asian,13.8,71.5,Rejected
Phillip Cruz Jr.,36-45,South Asian,1.7,72.4,Rejected
Angela Mayo,18-25,East Asian,11.5,91.7,Accepted
Kevin Jennings,56+,African American,8.8,97.7,Accepted
Monica James,36-45,Caucasian,1.5,93.8,Accepted
Daniel Johnson,18-25,East Asian,7.5,74.0,Rejected
Scott Davis,46-55,Hispanic,2.1,75.7,Rejected
Kenneth Phillips,56+,African American,4.5,92.6,Accepted
John Miller,18-25,South Asian,5.1,75.8,Rejected
Ashley Hayden,56+,African American,11.0,66.1,Rejected
Deborah Gonzalez,26-35,Middle Eastern,9.9,66.0,Rejected
Michael Carter,18-25,African American,5.7,82.8,Rejected
Andrew Johnson,36-45,Middle Eastern,8.0,66.9,Rejected
Donald Hoffman,56+,East Asian,19.8,89.9,Accepted
Brianna Peters,18-25,African American,11.1,89.7,Accepted
Thomas Yu,46-55,South Asian,18.2,95.7,Accepted
Destiny Miller,26-35,East Asian,12.8,74.5,Rejected
Joseph Martin,56+,South Asian,9.1,97.8,Accepted
Steven Collier,46-55,Middle Eastern,8.9,65.0,Rejected
Cheryl Rojas,46-55,East Asian,7.8,82.7,Rejected
Scott Carr,26-35,South Asian,7.8,74.3,Rejected
Gloria Manning,46-55,Caucasian,7.4,81.8,Rejected
Evan Brown,36-45,Hispanic,19.9,85.4,Rejected
Adam Velasquez,36-45,Hispanic,16.7,69.5,Rejected
Michael Walters,18-25,African American,1.7,87.7,Rejected
Heather Jones,18-25,Hispanic,3.9,68.6,Rejected
Brian Le,36-45,African American,1.8,75.8,Rejected
Jennifer Johnson,36-45,South Asian,15.1,69.9,Rejected
Roberto Fischer,36-45,Middle Eastern,11.9,82.7,Rejected
James Kelly,46-55,African American,3.9,79.1,Rejected
Michelle Mckay,18-25,Caucasian,12.0,97.2,Accepted
William Gross,56+,East Asian,6.2,88.2,Accepted
Daniel Elliott,56+,East Asian,4.3,74.7,Rejected
Dr. Troy Chaney,46-55,South Asian,11.5,65.0,Rejected
Jennifer Riley,26-35,Middle Eastern,4.1,69.2,Rejected
Johnny Francis,36-45,Hispanic,10.9,71.2,Rejected
Alejandro Anderson,26-35,African American,5.9,96.5,Accepted
Jill House,36-45,East Asian,17.7,82.3,Accepted
Phillip Campbell,26-35,Caucasian,15.7,88.6,Accepted
Joseph Pena,56+,Hispanic,17.8,90.1,Rejected
Jessica Bush,26-35,Caucasian,4.0,83.7,Accepted
Stephanie Hill,18-25,African American,4.3,71.5,Rejected
Amy Harvey,18-25,Middle Eastern,10.6,67.9,Rejected
Stephen Lynch,46-55,African American,12.5,70.3,Rejected
Christopher Rice,36-45,East Asian,9.7,65.2,Rejected
Tyler Richards,18-25,Caucasian,5.9,73.4,Rejected
Beth Vega,56+,African American,1.3,90.5,Rejected
Adrian Williams,18-25,Middle Eastern,11.1,78.1,Rejected
Kenneth Kline,18-25,Middle Eastern,6.7,97.5,Accepted
Richard Wilson,56+,Caucasian,7.5,93.2,Accepted
John Manning,18-25,Hispanic,2.8,90.5,Accepted
Christopher Allen,26-35,African American,17.1,78.6,Rejected
Joshua Simmons,56+,South Asian,17.1,77.8,Rejected
Kevin Lowe,36-45,East Asian,14.3,87.0,Accepted
Miss Cynthia Braun MD,26-35,Middle Eastern,1.3,87.0,Rejected
Evelyn Mullins,36-45,East Asian,5.7,92.2,Accepted
Shawn Simpson,18-25,East Asian,15.8,71.2,Rejected
Bryan Smith,26-35,African American,18.5,70.8,Rejected
Mrs. Alexandria Miller DDS,26-35,Hispanic,6.3,69.7,Rejected
Mark House,46-55,African American,14.9,68.7,Rejected
David Hernandez,36-45,Middle Eastern,9.9,94.8,Accepted
Troy Long,56+,Middle Eastern,1.4,97.8,Accepted
Melissa Murphy,56+,Middle Eastern,5.4,95.6,Accepted
Sean King,36-45,Middle Eastern,17.7,84.4,Rejected
Andrea Curtis,36-45,African American,2.6,70.7,Rejected
Alison Patton,26-35,Caucasian,18.3,94.3,Accepted
Elijah Alexander,26-35,Middle Eastern,13.8,92.8,Accepted
Holly Wright,18-25,Caucasian,4.9,79.2,Rejected
Charles Mccormick,18-25,African American,13.6,95.4,Accepted
Mrs. Susan Turner DDS,46-55,East Asian,4.1,65.5,Rejected
Daniel Perez,18-25,Caucasian,17.4,70.7,Rejected
Sonya Alexander,18-25,African American,13.1,94.2,Accepted
Daniel Daniels,18-25,East Asian,9.4,96.1,Accepted
Manuel Bowen,36-45,East Asian,17.6,72.1,Rejected
Susan Pugh,18-25,Caucasian,15.9,73.9,Rejected
Gregory Murray,26-35,East Asian,14.7,86.7,Accepted
Bonnie Foster,36-45,Hispanic,7.4,90.1,Accepted
Gregory Frank,36-45,Caucasian,17.7,74.1,Rejected
Julie Cruz,18-25,South Asian,11.0,78.9,Rejected
Sharon Middleton,26-35,East Asian,15.1,69.6,Rejected
Brandy Peters,56+,Caucasian,9.1,73.8,Rejected
Christina Miller,46-55,African American,18.5,72.6,Rejected
Kenneth Turner,56+,Caucasian,16.0,70.8,Rejected
Paul Schwartz,46-55,South Asian,15.9,72.9,Rejected
Craig Nelson,18-25,Caucasian,13.2,96.1,Accepted
Monica Zimmerman,18-25,East Asian,15.3,67.3,Rejected
Daryl Montgomery,56+,Caucasian,4.7,90.5,Accepted
Michael Boyd,36-45,African American,4.6,89.7,Accepted
Arthur Smith,56+,South Asian,15.5,94.4,Accepted
Dr. Ross Martin,26-35,Hispanic,2.8,72.5,Rejected
Melanie Alexander,36-45,Middle Eastern,16.9,98.9,Accepted
Stephen Bailey,18-25,South Asian,11.2,73.6,Rejected
Robert Bowman,56+,East Asian,13.7,98.3,Accepted
John Evans,56+,Caucasian,13.2,66.4,Rejected
Meredith Sharp,36-45,East Asian,3.1,66.5,Rejected
Brian Hall,36-45,Middle Eastern,15.3,81.5,Rejected
William Johnson,18-25,South Asian,15.1,84.7,Accepted
Bob Todd,46-55,East Asian,17.2,70.4,Rejected
Joshua Estrada,56+,South Asian,9.5,85.2,Accepted
David Johnson,36-45,South Asian,18.6,83.4,Accepted
Judith Jenkins,18-25,African American,4.0,90.0,Accepted
Katie Stewart,56+,Middle Eastern,9.7,76.7,Rejected
Joshua Patrick,36-45,East Asian,11.8,69.0,Rejected
David Beck,36-45,African American,5.9,93.4,Accepted
Mrs. Tammy Alexander PhD,26-35,Caucasian,18.1,78.7,Rejected
Jordan Hernandez,26-35,Middle Eastern,1.7,97.2,Accepted
Douglas Baker,56+,Hispanic,1.3,96.6,Accepted
Martin Schneider,18-25,Hispanic,3.0,68.3,Rejected
Bradley Martin,26-35,East Asian,2.0,92.7,Accepted
Brandy Schultz,46-55,Hispanic,5.1,77.8,Rejected
Sharon Abbott,36-45,African American,11.0,74.9,Rejected
Brian Avery,36-45,South Asian,15.8,88.2,Accepted
Kristine Meza,56+,Hispanic,1.1,85.2,Rejected
Brandi Burns,26-35,Hispanic,12.8,85.7,Rejected
Kimberly Miller,26-35,South Asian,3.7,68.7,Rejected
Marie Smith,18-25,Hispanic,16.6,81.8,Rejected
Daniel Brown,36-45,Hispanic,6.4,77.5,Rejected
Rebecca Mullins,26-35,South Asian,16.2,73.1,Rejected
Allison Brown,26-35,Middle Eastern,19.7,66.4,Rejected
Melanie Shaw,56+,Caucasian,18.4,88.1,Accepted
Sean Dean,46-55,African American,13.1,79.6,Rejected
Adam Dominguez,26-35,Caucasian,6.5,94.5,Accepted
Stacy Sandoval,36-45,Caucasian,3.2,73.1,Rejected
Betty Peterson,46-55,Caucasian,12.5,90.2,Accepted
Anthony Giles,18-25,Middle Eastern,9.1,74.6,Rejected
Jo Davis,36-45,Caucasian,17.2,92.0,Accepted
Jose Reed,56+,African American,14.2,68.9,Rejected
Meghan Vang,56+,East Asian,9.1,90.2,Accepted
Theresa Parker,18-25,Middle Eastern,15.4,75.3,Rejected
Audrey Lawrence,18-25,African American,18.3,79.0,Rejected
Charles Davila,26-35,Middle Eastern,16.7,90.9,Accepted
Mr. Jared Hernandez,36-45,East Asian,14.8,77.5,Rejected
Diane Kelly,36-45,Caucasian,16.7,97.0,Accepted
Angela Higgins,36-45,Middle Eastern,3.2,82.3,Rejected
Brian Cline,46-55,African American,4.9,72.4,Rejected
James Bishop,26-35,Middle Eastern,14.6,93.5,Accepted
Samantha Bryan,46-55,Hispanic,12.2,71.5,Rejected
Carol Hernandez,36-45,Caucasian,7.8,96.1,Accepted
Elizabeth Jackson,26-35,Middle Eastern,15.5,67.2,Rejected
Katrina Reese,26-35,East Asian,19.1,70.3,Rejected
Kenneth Sanders,18-25,African American,13.5,94.8,Accepted
Lori Fisher,56+,East Asian,2.3,76.0,Rejected
David Fisher,18-25,Hispanic,14.0,75.2,Rejected
Lori Greene,56+,Hispanic,15.3,67.8,Rejected
Summer Mitchell,36-45,South Asian,15.1,89.3,Accepted
Annette Wilson,46-55,African American,16.1,70.8,Rejected
Heidi Gray,26-35,Middle Eastern,11.4,71.1,Rejected
James Reynolds,56+,South Asian,4.5,70.8,Rejected
Joe Thomas,56+,Hispanic,10.1,65.6,Rejected
Mike Hill,36-45,Middle Eastern,13.6,66.9,Rejected
David Hudson,26-35,Middle Eastern,5.7,87.9,Rejected
John Wood,36-45,Hispanic,4.2,91.6,Accepted
Jake Yu,56+,South Asian,3.8,80.2,Rejected
Kevin Reid,18-25,Caucasian,17.5,66.8,Rejected
Jessica King,56+,South Asian,10.5,71.9,Rejected
Mark Miller,36-45,East Asian,6.2,71.7,Rejected
Chad Stewart,26-35,Hispanic,14.9,97.8,Accepted
Amy Delacruz,36-45,Caucasian,14.6,89.6,Accepted
Troy Murphy,56+,African American,13.0,66.3,Rejected
Robert Robertson MD,56+,Middle Eastern,12.0,76.2,Rejected
Amy Thompson,46-55,Hispanic,18.2,87.8,Rejected
Jessica Russo,46-55,Caucasian,13.6,70.1,Rejected
Travis Gibson,36-45,African American,6.5,80.2,Rejected
James Bennett,26-35,African American,5.3,89.7,Accepted
Rebecca Mcgee,46-55,African American,8.1,95.2,Accepted
Joel Klein MD,46-55,South Asian,13.5,70.0,Rejected
Luis White,26-35,South Asian,16.5,84.8,Accepted
Charles Oconnor DDS,46-55,East Asian,9.7,67.9,Rejected
Charles Wright,18-25,Hispanic,19.0,78.9,Rejected
Andrew Austin,46-55,East Asian,19.1,96.5,Accepted
Kenneth Davis,18-25,African American,19.5,76.5,Rejected
Kimberly Ross DDS,46-55,Caucasian,15.9,87.2,Accepted
Zachary Martinez,36-45,African American,19.9,78.0,Rejected
Joanna Harrison,26-35,East Asian,12.4,76.3,Rejected
James Santana,26-35,Middle Eastern,1.3,82.5,Rejected
Evan Zimmerman,36-45,Middle Eastern,3.1,76.4,Rejected
Alexis Schaefer,56+,South Asian,2.7,73.2,Rejected
Mr. Christopher Wright,18-25,Hispanic,1.4,89.2,Accepted
Casey Goodman,56+,Caucasian,5.7,98.8,Accepted
Daniel Steele,36-45,South Asian,11.7,86.4,Accepted
William Martin,36-45,East Asian,4.6,77.7,Rejected
Linda Hunt,56+,East Asian,8.1,96.7,Accepted
Angelica Pierce,36-45,Hispanic,18.3,85.2,Rejected
Jason Robinson,56+,African American,15.2,74.5,Rejected
Lee Jennings,18-25,Caucasian,12.5,76.8,Rejected
Cameron Estrada,26-35,Middle Eastern,2.3,69.3,Rejected
David Obrien,36-45,Caucasian,19.2,72.3,Rejected
Gina Foster,56+,Caucasian,12.4,85.3,Accepted
Rebecca Adkins,36-45,Middle Eastern,11.7,91.5,Accepted
Kathleen Figueroa,56+,Caucasian,17.6,75.0,Rejected
James Collier,46-55,East Asian,17.2,87.1,Accepted
Holly Baxter,36-45,Hispanic,12.1,95.2,Accepted
Danielle Dunlap,46-55,South Asian,11.0,89.4,Accepted
Larry Dennis,18-25,East Asian,6.5,84.8,Accepted
Dwayne Gordon,18-25,African American,10.3,69.1,Rejected
Michelle Myers,56+,Hispanic,16.3,66.7,Rejected
Tammy Hanson,36-45,East Asian,19.1,76.4,Rejected
Catherine Hicks,56+,South Asian,4.5,85.5,Accepted
Mary Meadows,56+,South Asian,3.8,84.1,Accepted
Fred Hoffman,18-25,South Asian,7.4,66.6,Rejected
Veronica Maldonado,18-25,South Asian,13.7,89.7,Accepted
Michele Martin MD,56+,Caucasian,14.1,74.6,Rejected
Diana Ponce,56+,East Asian,5.6,94.2,Accepted
Jonathan Roy,18-25,African American,2.8,67.8,Rejected
Jennifer Liu,46-55,South Asian,16.6,74.8,Rejected
Matthew Spence,56+,Caucasian,11.9,70.8,Rejected
Jennifer Collins,36-45,East Asian,7.1,97.0,Accepted
Michael Lam,26-35,Caucasian,12.1,65.8,Rejected
Gilbert Smith,26-35,East Asian,8.5,67.3,Rejected
Meagan Hernandez,56+,Hispanic,15.9,70.6,Rejected
Donald Yoder,36-45,Hispanic,5.1,97.1,Accepted
Brandon Davis,46-55,Caucasian,15.3,85.5,Accepted
Wendy Jones,26-35,African American,6.3,85.0,Rejected
Christina Smith,56+,Caucasian,14.2,86.5,Accepted
Sarah Ramirez,36-45,Hispanic,18.6,75.7,Rejected
Anthony Matthews,18-25,Caucasian,2.5,67.9,Rejected
Anna Jackson,56+,African American,16.1,75.8,Rejected
Victoria Hill,56+,East Asian,5.6,90.9,Accepted
Larry Roy,26-35,Caucasian,19.9,67.6,Rejected
Nancy Wilson,56+,Middle Eastern,17.8,95.3,Accepted
Brittney Cruz,18-25,Middle Eastern,11.6,92.3,Accepted
David Nolan,46-55,Caucasian,12.9,73.6,Rejected
Billy Wood,36-45,South Asian,4.4,76.7,Rejected
Jane Howard,36-45,South Asian,16.7,69.6,Rejected
Alex Moore,56+,East Asian,14.0,71.3,Rejected
Julie Neal,26-35,Caucasian,6.8,98.5,Accepted
Amanda Baxter,56+,Middle Eastern,1.4,90.4,Rejected
Margaret Whitney,36-45,Caucasian,4.0,65.9,Rejected
William Carter,26-35,African American,14.6,84.6,Rejected
Cathy Cameron,36-45,Caucasian,19.1,80.3,Accepted
Jessica Kennedy,46-55,Caucasian,18.4,93.7,Accepted
Ronald Villegas,46-55,South Asian,1.2,96.1,Accepted
Todd Cabrera,36-45,Caucasian,17.7,98.1,Accepted
Randy Walker,18-25,Caucasian,9.6,97.7,Accepted
Elizabeth Cole,18-25,Middle Eastern,16.1,86.0,Rejected
Amanda Shepard,18-25,African American,16.6,88.4,Accepted
Dustin Livingston,56+,African American,14.3,85.2,Rejected
Frank Williams,46-55,East Asian,1.4,75.7,Rejected
Ethan Bartlett,56+,South Asian,10.1,91.1,Accepted
Brittany Gonzales,36-45,African American,7.5,71.0,Rejected
Brendan Simpson,36-45,African American,2.5,77.6,Rejected
Sandra Rojas,56+,East Asian,1.1,91.1,Accepted
Melanie Young,56+,African American,13.7,71.7,Rejected
Michael Cross,18-25,South Asian,11.6,75.7,Rejected
Amy Schaefer,36-45,Middle Eastern,9.4,90.4,Accepted
Megan Sparks,18-25,Caucasian,5.3,76.9,Rejected
Dawn Blair,56+,South Asian,14.9,92.2,Accepted
Hannah Weber,18-25,Hispanic,5.8,68.7,Rejected
Robert Stafford,18-25,African American,6.8,83.5,Rejected
Crystal Jenkins,56+,Hispanic,11.0,76.3,Rejected
Kelly Hall,26-35,South Asian,4.3,86.6,Accepted
Bradley Mendoza,18-25,South Asian,2.5,91.3,Accepted
Felicia Key,56+,South Asian,15.5,97.0,Accepted
Jessica Sampson,18-25,Caucasian,6.9,98.8,Accepted
Brandon Powell,26-35,East Asian,3.2,98.9,Accepted
Jimmy Christian,46-55,Middle Eastern,12.4,90.2,Rejected
Matthew Wilson,56+,Middle Eastern,14.5,95.7,Accepted
Michael Barnes,56+,East Asian,4.6,87.7,Accepted
Amanda Cooper,56+,African American,16.1,67.9,Rejected
John Armstrong,18-25,African American,16.4,87.8,Rejected
Jennifer Jensen,18-25,African American,14.4,85.4,Rejected
Dr. Monica Mckee DVM,26-35,East Asian,12.2,95.0,Accepted
Karen Lutz DDS,56+,Middle Eastern,19.9,94.5,Accepted
Kristen Tucker,18-25,East Asian,6.0,90.5,Accepted
Erica Moore,18-25,East Asian,12.6,71.0,Rejected
Lance Weaver,46-55,Hispanic,1.6,69.4,Rejected
Aaron Avila,36-45,African American,1.1,84.5,Rejected
Sarah Jenkins,56+,African American,15.5,87.0,Rejected
Scott Brown,36-45,South Asian,11.9,68.3,Rejected
Dawn Allen,56+,South Asian,9.6,93.2,Accepted
Noah Franklin,18-25,South Asian,7.0,66.2,Rejected
Katie Martinez,36-45,East Asian,18.3,75.3,Rejected
Samuel Melton,18-25,Middle Eastern,9.5,84.4,Rejected
Martin Smith,18-25,African American,8.4,72.9,Rejected
Lisa Gonzalez MD,18-25,South Asian,14.1,71.6,Rejected
Alexandra Burke,36-45,East Asian,1.5,66.3,Rejected
Brandon Williams,18-25,Hispanic,6.2,85.0,Rejected
Debra Reynolds,56+,East Asian,7.9,96.9,Accepted
Richard Olson,46-55,African American,3.2,80.8,Rejected
Autumn Howard,36-45,African American,2.4,94.4,Accepted
Jason Cross,18-25,Caucasian,2.5,72.9,Rejected
Kyle Gonzalez,26-35,Hispanic,8.9,95.5,Accepted
Mr. John Morrison,26-35,South Asian,17.0,88.9,Accepted
Anne Haney,56+,Hispanic,17.0,66.7,Rejected
Henry Nolan,18-25,South Asian,19.2,68.1,Rejected
Nicole Shaffer,26-35,South Asian,14.2,75.3,Rejected
Daniel Simon,56+,African American,5.9,85.5,Rejected
Matthew Butler,56+,South Asian,2.2,86.0,Accepted
Janet Green,26-35,Middle Eastern,19.2,67.8,Rejected
Jesse Espinoza,46-55,East Asian,3.5,74.5,Rejected
Joshua Garrett,18-25,Caucasian,6.1,86.8,Accepted
Melissa Carrillo,26-35,South Asian,11.2,75.6,Rejected
Joseph Bishop,18-25,Middle Eastern,11.6,67.2,Rejected
Glenda Lopez,56+,Caucasian,16.5,96.0,Accepted
William Morales,18-25,Caucasian,11.9,82.7,Accepted
Jessica Hoover,36-45,South Asian,12.7,93.9,Accepted
Holly Davis DVM,18-25,African American,19.5,97.6,Accepted
Paul Willis,36-45,African American,9.0,76.5,Rejected
Sarah Goodman,26-35,Middle Eastern,3.5,70.0,Rejected
Taylor Vazquez,56+,African American,7.4,75.7,Rejected
Patricia Sanders MD,18-25,Hispanic,15.8,73.0,Rejected
Jacqueline Luna,26-35,South Asian,5.6,72.4,Rejected
Justin Hubbard,36-45,Middle Eastern,2.5,94.8,Accepted
Patricia Brown,36-45,Middle Eastern,11.3,73.0,Rejected
Jaclyn Jimenez,56+,East Asian,1.2,77.1,Rejected
Scott Herrera,56+,African American,14.1,68.8,Rejected
Christina Wall,26-35,Hispanic,7.2,89.7,Accepted
Christine Lewis,36-45,Caucasian,6.4,82.0,Accepted
Leah Hudson,36-45,South Asian,12.7,89.9,Accepted
Megan Moore,18-25,African American,13.3,79.1,Rejected
David Richardson,46-55,Hispanic,10.1,95.7,Accepted
Amber Stevenson,36-45,African American,11.1,72.3,Rejected
Amanda Zimmerman,56+,South Asian,3.6,78.4,Rejected
Brianna Sanchez,46-55,South Asian,8.3,79.0,Rejected
Steven Perez,26-35,East Asian,5.8,75.8,Rejected
Morgan Keith,18-25,Middle Eastern,14.6,78.0,Rejected
Adam Miller,18-25,Hispanic,1.1,74.6,Rejected
Dawn Roberts,26-35,African American,16.2,93.5,Accepted
Jeffrey Taylor,36-45,Caucasian,6.6,86.7,Accepted
Paul Smith,46-55,East Asian,1.1,93.7,Accepted
Tamara Harmon,56+,South Asian,11.5,95.8,Accepted
Elizabeth Lee,36-45,Middle Eastern,11.0,72.9,Rejected
Xavier Powers,46-55,Hispanic,1.6,65.3,Rejected
Mark Atkinson,46-55,South Asian,1.7,71.3,Rejected
Monica Acevedo,26-35,Middle Eastern,17.6,85.5,Rejected
Justin Tran,36-45,South Asian,7.3,71.4,Rejected
Brian Williams,18-25,Middle Eastern,1.1,90.6,Accepted
Nicholas Bolton,26-35,Middle Eastern,6.3,89.0,Accepted
Pedro Moody,46-55,East Asian,2.7,89.1,Accepted
Drew Hinton,46-55,African American,2.2,95.7,Accepted
Kathleen Mcmillan,56+,Middle Eastern,6.0,68.2,Rejected
Stacey Griffin,36-45,Caucasian,14.9,69.5,Rejected
Charles Reed,56+,East Asian,2.1,68.4,Rejected
Justin Mcmahon,36-45,African American,1.4,88.6,Accepted
Christopher Brooks,56+,Middle Eastern,13.6,89.2,Rejected
Jill Washington,56+,South Asian,2.6,85.1,Accepted
Pamela Zuniga,56+,Caucasian,16.0,78.2,Rejected
Zachary Stevens,46-55,South Asian,8.1,79.3,Rejected
Morgan Montes,26-35,Middle Eastern,3.7,81.5,Rejected
Valerie Nelson,56+,East Asian,19.4,76.7,Rejected
Amy Carey,36-45,Caucasian,15.5,87.1,Accepted
Jason Wright,18-25,African American,7.5,86.4,Rejected
Jamie Nelson,46-55,East Asian,15.4,92.3,Accepted
Carla Martin,56+,South Asian,17.4,83.0,Accepted
Michelle Harris,26-35,Middle Eastern,6.6,81.8,Rejected
Ryan Nunez,26-35,Caucasian,17.6,69.2,Rejected
Terri Adams,18-25,Middle Eastern,6.3,98.0,Accepted
Jeremy Underwood,36-45,Hispanic,13.0,71.7,Rejected
Calvin Pratt,56+,Caucasian,5.9,98.3,Accepted
Christopher Smith,46-55,Hispanic,1.9,94.9,Accepted
Richard Snow,26-35,South Asian,18.5,94.3,Accepted
Travis Gray,46-55,African American,19.1,93.8,Accepted
Tammy Howell,18-25,African American,10.2,79.2,Rejected
Sarah Carey,56+,Middle Eastern,18.7,83.1,Rejected
Jill Terry,46-55,Middle Eastern,11.2,77.2,Rejected
Gary Clark,26-35,Caucasian,13.5,76.5,Rejected
Luis Donovan,56+,South Asian,16.3,72.3,Rejected
Jeremy Ramos,18-25,South Asian,19.7,97.8,Accepted
Mrs. Lisa West,26-35,African American,13.0,72.9,Rejected
Emily Chandler,18-25,African American,3.8,78.7,Rejected
Deborah Miller,26-35,East Asian,16.6,92.4,Accepted
Brianna Pitts,18-25,East Asian,14.5,89.9,Accepted
Beth Young,18-25,East Asian,9.1,86.8,Accepted
Phillip Zhang,18-25,South Asian,6.9,92.5,Accepted
Sarah Woodard,26-35,East Asian,11.5,82.2,Accepted
Christopher Hood,26-35,Middle Eastern,14.4,78.6,Rejected
Diane James,46-55,Middle Eastern,2.8,81.8,Rejected
Krista Peterson,36-45,South Asian,5.0,89.3,Accepted
Sherry Conrad,56+,African American,8.7,88.9,Rejected
Katherine Harris,26-35,Hispanic,8.6,94.8,Accepted
Patrick Cox,56+,Middle Eastern,14.3,74.6,Rejected
Karen Marquez,26-35,African American,10.0,69.0,Rejected
Carl Crawford,26-35,Middle Eastern,14.3,67.7,Rejected
Shane Chapman,36-45,Hispanic,7.4,72.5,Rejected
Theresa Moss,26-35,Hispanic,15.0,66.7,Rejected
Abigail Hamilton,56+,Middle Eastern,14.1,76.6,Rejected
Mark Bowers,46-55,African American,17.3,82.2,Rejected
Amanda Hernandez,56+,Hispanic,15.6,66.6,Rejected
Elizabeth Sullivan,18-25,South Asian,8.0,94.8,Accepted
Taylor Walton,26-35,Caucasian,15.4,78.0,Rejected
Amy Jones,56+,African American,10.6,85.8,Rejected
Dustin Woodard,46-55,East Asian,17.1,89.8,Accepted
Dr. William Burke,46-55,African American,2.9,70.2,Rejected
Lori Mcclure,18-25,Caucasian,3.7,68.5,Rejected
Ashley Hill,46-55,South Asian,11.7,74.6,Rejected
Robert Garcia,36-45,Hispanic,4.7,93.7,Accepted
Trevor Moss,56+,Middle Eastern,12.3,87.2,Rejected
Daniel Spencer,18-25,Hispanic,4.8,80.7,Rejected
William Bennett,36-45,East Asian,8.6,81.2,Accepted
Kayla Chase,46-55,Caucasian,3.8,76.1,Rejected
Brandi Norris,36-45,East Asian,1.4,67.9,Rejected
Bradley Cannon,56+,African American,2.4,71.3,Rejected
Justin White,36-45,African American,18.5,69.0,Rejected
Adam Gordon,18-25,Hispanic,9.2,95.1,Accepted
Jeremy Bishop,26-35,Caucasian,7.3,76.3,Rejected
Elizabeth Bowman,18-25,Caucasian,7.9,98.8,Accepted
Katie Schmidt,18-25,African American,8.9,76.8,Rejected
Renee Jones,46-55,African American,6.9,84.6,Rejected
Aaron Douglas,56+,African American,6.4,73.0,Rejected
James Nelson,26-35,Middle Eastern,5.8,65.9,Rejected
Adam Farrell,56+,African American,9.2,82.8,Rejected
Adam Pope,46-55,Hispanic,1.7,81.8,Rejected
Matthew Ross,18-25,South Asian,19.0,77.9,Rejected
Shannon Hernandez,18-25,South Asian,12.2,66.9,Rejected
Stacey Hartman,56+,African American,12.6,84.2,Rejected
Victor Braun,18-25,Hispanic,6.3,77.8,Rejected
Robert Good,36-45,Caucasian,6.9,83.0,Accepted
Michael Turner,18-25,Caucasian,5.6,65.6,Rejected
Lisa Foster,18-25,Caucasian,11.4,77.4,Rejected
Kayla Dickerson,56+,Hispanic,12.7,79.9,Rejected
Amy Nielsen,46-55,African American,16.6,92.2,Accepted
Stacy Nguyen,36-45,East Asian,9.1,75.8,Rejected
Laura Barker,56+,African American,17.9,75.8,Rejected
Sandra Taylor,36-45,Middle Eastern,14.8,77.8,Rejected
Tracy Evans,18-25,East Asian,3.9,96.1,Accepted
Frank Acosta,46-55,Hispanic,7.4,77.7,Rejected
Sara Rodriguez,56+,Caucasian,10.2,67.4,Rejected
Joseph Baker,46-55,Caucasian,3.8,86.2,Accepted
Eric Kelly,56+,African American,4.8,90.0,Rejected
Brittany Lin,56+,Middle Eastern,4.0,83.0,Rejected
George Norris,56+,Caucasian,19.6,67.5,Rejected
Catherine Gonzalez,36-45,South Asian,15.2,81.3,Accepted
Angela Stewart,26-35,Caucasian,17.7,66.0,Rejected
Elizabeth Bryant MD,36-45,Hispanic,6.9,70.1,Rejected
Samantha Maynard,26-35,South Asian,2.5,68.6,Rejected
Dwayne Bell,18-25,Middle Eastern,6.0,68.4,Rejected
Jose Larsen,18-25,East Asian,1.9,85.6,Accepted
Julia Mckenzie,26-35,African American,16.8,82.0,Rejected
Donald Johnson,18-25,Caucasian,12.8,96.4,Accepted
Denise Miles,36-45,East Asian,15.1,65.9,Rejected
Gabrielle Hayes,18-25,South Asian,17.6,78.7,Rejected
Elizabeth Allen,26-35,African American,12.2,97.4,Accepted
Charles Powell,26-35,East Asian,5.2,75.2,Rejected
Sara James,56+,East Asian,15.7,81.1,Rejected
Joy Flores,56+,East Asian,1.7,67.8,Rejected
Kevin Sanchez,46-55,Caucasian,2.9,69.9,Rejected
Kevin Nichols,36-45,Caucasian,8.1,65.3,Rejected
Sherri Hill,46-55,Hispanic,9.9,80.6,Rejected
John Foster,36-45,Hispanic,16.0,79.4,Rejected
Tonya Davis,56+,Middle Eastern,14.7,80.3,Rejected
Charles Rios,56+,African American,7.1,93.1,Accepted
Regina Foster,36-45,East Asian,12.4,85.1,Accepted
Christine French,26-35,Caucasian,5.7,76.2,Rejected
Wesley Fowler,46-55,Caucasian,14.2,92.8,Accepted
David Johnson,46-55,East Asian,15.0,90.4,Accepted
Jared Williams,36-45,East Asian,16.5,90.7,Accepted
Melissa Webster,36-45,East Asian,14.9,65.1,Rejected
Christian Wilson,46-55,Hispanic,8.9,90.0,Rejected
Bruce Coleman,26-35,South Asian,4.7,92.7,Accepted
Michael Jordan,36-45,South Asian,15.5,92.7,Accepted
Stephen Greene,56+,African American,2.1,79.5,Rejected
Stephen Tran,18-25,Caucasian,12.4,88.6,Accepted
Brittany Martinez,26-35,East Asian,14.4,77.4,Rejected
Abigail May,26-35,Hispanic,10.7,71.9,Rejected
David Guerra,18-25,African American,5.9,92.3,Accepted
Kimberly Pham,56+,Middle Eastern,5.1,89.6,Rejected
Hannah Perez,56+,East Asian,9.4,92.8,Accepted
Joseph Sloan,36-45,East Asian,8.0,95.8,Accepted
Bryce Mccormick,46-55,East Asian,2.4,78.2,Rejected
Marcus Mcguire,26-35,South Asian,7.2,79.6,Rejected
Emily Harris,26-35,South Asian,15.3,75.3,Rejected
Sherry Wang PhD,46-55,East Asian,3.1,67.5,Rejected
John Lee,36-45,Hispanic,8.0,67.1,Rejected
Monica Freeman,46-55,East Asian,13.3,86.8,Accepted
Marcus James,26-35,East Asian,2.7,89.8,Accepted
Joshua Hamilton,18-25,Caucasian,15.3,69.8,Rejected
Christopher Smith,56+,Caucasian,4.7,96.9,Accepted
Edward Rogers,36-45,East Asian,2.2,67.1,Rejected
Suzanne Mccoy,36-45,East Asian,10.3,77.2,Rejected
Cynthia Davis,18-25,Middle Eastern,18.5,89.7,Accepted
Christopher Dawson,18-25,Hispanic,7.3,71.7,Rejected
Dr. Jenny Nelson MD,36-45,African American,7.7,90.0,Accepted
Mark Williams,56+,Middle Eastern,10.7,65.2,Rejected
Heather Bailey,56+,Middle Eastern,14.0,93.8,Accepted
Tiffany Manning,56+,South Asian,5.1,86.5,Accepted
Jennifer Lee,26-35,South Asian,10.8,98.4,Accepted
Edward Roberson,56+,East Asian,2.2,67.2,Rejected
Gregory Castillo,18-25,East Asian,9.2,88.0,Accepted
James Thompson,36-45,Middle Eastern,14.1,94.4,Accepted
Dakota Aguilar,26-35,Caucasian,8.6,98.1,Accepted
Dr. Christy Gardner,56+,Middle Eastern,13.7,97.0,Accepted
Victoria Blevins,56+,Hispanic,5.6,85.9,Rejected
Kathleen Phelps,26-35,South Asian,12.5,91.3,Accepted
Jessica Ramos,26-35,South Asian,13.2,92.8,Accepted
Kimberly Perez DVM,56+,Middle Eastern,18.2,89.2,Rejected
Crystal Harvey,46-55,South Asian,12.7,66.5,Rejected
Barbara Chavez,36-45,Middle Eastern,5.2,79.6,Rejected
Andrew Tran,18-25,African American,2.8,87.9,Rejected
Tina Gallegos,18-25,African American,3.6,92.8,Accepted
Brianna Mata,36-45,Caucasian,2.8,74.3,Rejected
Sarah Sullivan,46-55,Middle Eastern,3.0,68.1,Rejected
David Ortiz,36-45,South Asian,16.6,95.5,Accepted
Erica Michael,56+,South Asian,8.7,84.0,Accepted
Kevin Hooper,26-35,South Asian,11.8,77.9,Rejected
Benjamin Frost,46-55,Hispanic,6.6,94.3,Accepted
Victoria Wheeler,18-25,South Asian,7.8,77.1,Rejected
Robert Johnson,46-55,South Asian,17.1,90.4,Accepted
Michele Webb,26-35,East Asian,4.4,70.9,Rejected
Tara Mitchell,18-25,African American,9.7,84.7,Rejected
Lauren Williams,36-45,Hispanic,6.4,84.1,Rejected
Timothy King,36-45,Caucasian,16.6,71.4,Rejected
Julie Taylor,56+,Hispanic,15.1,82.0,Rejected
Cory Romero,26-35,South Asian,5.9,81.4,Accepted
Allison Mccarthy,46-55,East Asian,5.5,91.5,Accepted
Kimberly Nolan,18-25,East Asian,10.5,94.6,Accepted
Janet Spencer,26-35,Middle Eastern,2.7,98.8,Accepted
Lisa Taylor,56+,East Asian,15.7,96.2,Accepted
Lori Vargas,36-45,East Asian,9.7,87.4,Accepted
Edward Sharp,26-35,East Asian,10.5,69.9,Rejected
Michelle Salazar,56+,Caucasian,16.1,88.6,Accepted
Robert Kim,26-35,South Asian,2.4,77.3,Rejected
Jennifer Moran,26-35,African American,19.5,94.3,Accepted
Brandi Castillo,26-35,Middle Eastern,12.4,68.5,Rejected
Adam Mills,56+,Caucasian,11.3,96.9,Accepted
Shawn Malone,46-55,Hispanic,17.4,98.8,Accepted
Hannah Ramos,46-55,Hispanic,14.4,84.6,Rejected
Jacqueline Guerra,36-45,South Asian,9.8,72.3,Rejected
Lauren Miller,26-35,Middle Eastern,6.3,88.0,Accepted
Carrie Lewis,26-35,South Asian,15.0,97.2,Accepted
Christopher Curtis,26-35,Caucasian,19.3,81.5,Accepted
Tammy Wilkinson,36-45,South Asian,17.7,83.1,Accepted
Frank Jones,56+,Caucasian,18.5,97.5,Accepted
Curtis Jones,46-55,Caucasian,11.1,76.7,Rejected
Jerry Wu,56+,African American,13.0,73.1,Rejected
Willie Johnson,26-35,Hispanic,12.5,94.5,Accepted
William Craig,18-25,Middle Eastern,1.3,67.9,Rejected
Jennifer Estrada,26-35,South Asian,15.3,73.5,Rejected
Jacob Wheeler,18-25,South Asian,14.6,84.6,Accepted
Joel Romero,18-25,East Asian,1.5,67.2,Rejected
Stephanie Russell,46-55,Hispanic,19.1,76.3,Rejected
Robert Guerrero,18-25,Caucasian,17.9,67.1,Rejected
Brandon Higgins,46-55,Caucasian,18.6,91.1,Accepted
Anna Dennis,46-55,Hispanic,16.3,98.3,Accepted
Joseph Diaz,18-25,Hispanic,1.4,65.7,Rejected
Patrick Miller,36-45,Caucasian,4.9,67.1,Rejected
Kelsey Dixon,46-55,Hispanic,5.3,84.5,Rejected
Douglas Anderson,18-25,Hispanic,11.0,69.8,Rejected
Karl Carpenter,18-25,Hispanic,8.9,98.2,Accepted
David Snyder,36-45,African American,10.6,77.6,Rejected
Dr. Chad Morales,46-55,Hispanic,16.3,73.9,Rejected
Heather David,46-55,Hispanic,14.0,91.3,Accepted
Jeremy Ali,18-25,East Asian,19.9,83.7,Accepted
David Sherman,18-25,South Asian,10.4,72.1,Rejected
Anthony Mack,18-25,East Asian,1.3,88.0,Accepted
Christopher Roberts,56+,Middle Eastern,13.0,69.0,Rejected
Richard Hardy,56+,African American,18.5,76.9,Rejected
Anna Vaughn,56+,South Asian,4.7,77.2,Rejected
Andrew Andrews,26-35,East Asian,9.0,65.5,Rejected
Betty Phillips,56+,East Asian,15.1,79.6,Rejected
Ann Ramirez,26-35,Caucasian,1.2,92.1,Accepted
Natalie Edwards,18-25,Hispanic,9.4,80.1,Rejected
John Rogers,56+,South Asian,10.9,85.1,Accepted
Amber Murray,36-45,South Asian,4.1,79.8,Rejected
Matthew Fitzpatrick,56+,Middle Eastern,12.4,73.6,Rejected
Sarah Walton,56+,Hispanic,8.7,80.3,Rejected
Charles Martinez,56+,Caucasian,16.7,95.2,Accepted
Stephen Dixon,56+,South Asian,4.3,83.7,Accepted
Joel Jones,18-25,Caucasian,7.0,91.0,Accepted
Kenneth Gay,46-55,Caucasian,17.4,67.9,Rejected
Donna Guzman,18-25,African American,8.9,90.6,Accepted
Nicole Sampson,36-45,Caucasian,16.1,66.2,Rejected
Karen Owen,56+,African American,12.2,71.9,Rejected
Amy Spears,18-25,Caucasian,4.3,82.4,Accepted
Jessica Johnson,26-35,Middle Eastern,7.2,71.0,Rejected
Ronnie Graham,56+,Caucasian,14.0,67.1,Rejected
Kyle Young,18-25,South Asian,4.3,72.0,Rejected
Frank Carr,46-55,Middle Eastern,9.1,80.9,Rejected
Anna Taylor,56+,Middle Eastern,12.2,86.6,Rejected
Brooke Donaldson,18-25,Middle Eastern,14.0,93.5,Accepted
William Thompson,46-55,African American,1.2,92.6,Accepted
Melissa Browning,56+,Caucasian,2.1,84.3,Accepted
Stephen Coleman,18-25,East Asian,2.1,94.3,Accepted
Breanna Rodriguez,18-25,Caucasian,8.6,81.6,Accepted
Randy Dominguez,46-55,African American,15.3,70.2,Rejected
Kimberly Moore,26-35,South Asian,10.6,86.8,Accepted
Amber Leonard DDS,26-35,African American,3.9,89.5,Accepted
Janet Tucker,26-35,Hispanic,11.0,72.1,Rejected
Christine Valencia,56+,Middle Eastern,9.5,84.7,Rejected
Jessica Greene,36-45,Middle Eastern,15.0,66.5,Rejected
Donald Wilson,46-55,South Asian,2.3,80.1,Rejected
Jacqueline Oneal,36-45,Hispanic,4.9,88.2,Accepted
Jared Long,18-25,Caucasian,5.1,72.1,Rejected
Marvin Thompson,36-45,African American,12.2,84.8,Rejected
Seth Valdez,36-45,East Asian,17.5,88.4,Accepted
Vickie Joyce,36-45,South Asian,1.0,68.8,Rejected
Robert Miller,36-45,East Asian,18.5,85.7,Accepted
David Chapman,26-35,Hispanic,6.3,92.9,Accepted
Anthony Hernandez,56+,South Asian,19.8,86.7,Accepted
Jeremy Hess,46-55,Hispanic,1.7,67.0,Rejected
Ruben Soto,26-35,Middle Eastern,7.3,93.8,Accepted
Michael Smith,56+,East Asian,19.0,79.6,Rejected
Michael Vance,18-25,Hispanic,15.9,73.8,Rejected
Christy Ford,36-45,African American,16.6,76.6,Rejected
Monica Neal,26-35,Caucasian,3.1,92.3,Accepted
Anna Gonzalez,36-45,Caucasian,9.4,80.6,Accepted
Alexander Newman,46-55,East Asian,7.7,89.4,Accepted
Richard Fields,18-25,Hispanic,6.9,81.0,Rejected
Christopher Garcia,36-45,Caucasian,13.6,92.9,Accepted
Kim Johnson,56+,Hispanic,18.5,95.8,Accepted
Douglas Ward,36-45,East Asian,8.0,80.6,Accepted
Amber Davis,56+,Middle Eastern,10.5,79.2,Rejected
Sandra Smith,46-55,East Asian,15.4,86.3,Accepted
Raymond Diaz,36-45,South Asian,5.0,91.9,Accepted
Kim Knight,36-45,Caucasian,5.4,88.5,Accepted
Emily Maxwell,26-35,Hispanic,19.7,85.9,Rejected
Christopher Park,46-55,Hispanic,18.8,74.3,Rejected
Christine Salinas,36-45,Middle Eastern,4.1,65.9,Rejected
Kimberly Price,56+,Caucasian,4.4,92.7,Accepted
Caitlin Foster,18-25,Middle Eastern,20.0,83.6,Rejected
Matthew Werner,56+,Middle Eastern,13.0,96.2,Accepted
David Salazar,36-45,Hispanic,6.8,79.6,Rejected
Julie Moody,18-25,Caucasian,2.8,92.3,Accepted
Pamela Mitchell,46-55,African American,11.5,76.7,Rejected
Donald Price,26-35,African American,5.2,75.0,Rejected
Crystal Norris,56+,Hispanic,7.7,91.2,Accepted
John Lawson,56+,Middle Eastern,18.2,73.3,Rejected
Carlos Good,56+,Caucasian,9.7,87.9,Accepted
Cassie Mercer,36-45,Caucasian,8.6,76.3,Rejected
Mark Schneider,46-55,East Asian,5.6,88.9,Accepted
Matthew Roy,46-55,African American,18.4,72.2,Rejected
Melanie Perez,26-35,Caucasian,2.7,87.2,Accepted
Mr. Scott Shaw,46-55,Middle Eastern,4.5,70.0,Rejected
Michelle Thomas,56+,Caucasian,5.6,96.5,Accepted
Donna Butler,18-25,Caucasian,6.0,71.9,Rejected
Frank Wood,26-35,South Asian,9.7,66.5,Rejected
Mike Cooper,18-25,Hispanic,9.3,94.4,Accepted
Manuel Young,26-35,Hispanic,15.7,95.0,Accepted
Gerald Thompson,56+,Caucasian,15.0,68.2,Rejected
Keith Escobar,26-35,African American,5.7,97.7,Accepted
Nathan Miller,18-25,South Asian,4.2,68.5,Rejected
Kathryn Cox,26-35,Caucasian,12.4,80.7,Accepted
Rachel Kelley,36-45,Hispanic,11.5,78.1,Rejected
Jessica Murray,46-55,Caucasian,5.2,84.1,Accepted
Kimberly Miller,56+,Caucasian,15.3,75.3,Rejected
Curtis Brooks,36-45,Caucasian,12.5,79.1,Rejected
Tracey Olson,56+,Hispanic,5.9,71.0,Rejected
Cindy Hall,36-45,African American,11.3,83.1,Rejected
Kent Thomas,26-35,South Asian,14.2,66.8,Rejected
Joshua Castro,26-35,Caucasian,1.9,86.1,Accepted
Justin Watkins,18-25,Middle Eastern,4.0,94.7,Accepted
Stephanie Fletcher,18-25,South Asian,5.6,98.4,Accepted
Amy Griffith,18-25,African American,4.6,65.8,Rejected
Robert Bell,18-25,South Asian,5.4,95.7,Accepted
Jennifer Cooke,36-45,African American,7.9,85.3,Rejected
Kristi Elliott,26-35,Caucasian,5.3,75.3,Rejected
Aaron Combs,56+,Middle Eastern,10.7,96.9,Accepted
Daniel Hess,18-25,Middle Eastern,11.8,84.6,Rejected
Dennis Johnson,36-45,Caucasian,18.1,73.5,Rejected
Austin Odom,46-55,East Asian,5.8,70.5,Rejected
Joshua Williams,46-55,Hispanic,1.8,77.0,Rejected
Rebecca Murphy,36-45,Hispanic,14.6,95.4,Accepted
Carlos Garner PhD,26-35,Middle Eastern,9.0,93.6,Accepted
Jerry Evans,18-25,African American,5.3,76.3,Rejected
Denise Hunter,36-45,Hispanic,9.6,75.1,Rejected
Mary Jordan,26-35,African American,3.6,98.3,Accepted
Joshua Hill,46-55,African American,18.7,97.5,Accepted
Kara Nguyen,56+,Caucasian,10.2,75.4,Rejected
Jacob Gonzalez,56+,African American,1.4,80.9,Rejected
Monica Newman,46-55,South Asian,13.7,68.3,Rejected
Kelly Higgins,56+,South Asian,4.6,90.2,Accepted
Melanie Sanchez,46-55,Hispanic,2.5,88.9,Rejected
Amy Lane,26-35,Hispanic,9.1,95.9,Accepted
Michael Peters,18-25,East Asian,14.9,83.7,Accepted
Paul Jordan,36-45,Caucasian,19.5,68.3,Rejected
Laura Foster,26-35,Hispanic,15.1,85.5,Rejected
Anthony Peterson,56+,African American,9.9,95.2,Accepted
Lisa Gibson,26-35,South Asian,8.4,66.4,Rejected
Alejandra Burke,56+,South Asian,3.7,98.6,Accepted
Eric Fox,56+,Hispanic,1.5,96.8,Accepted
William Walker,46-55,East Asian,12.8,81.2,Rejected
Daniel Wright,56+,African American,17.0,66.9,Rejected
Christopher Reed,46-55,Middle Eastern,4.8,76.4,Rejected
John Smith,36-45,African American,8.3,83.9,Rejected
Christopher Riley,18-25,African American,6.1,77.2,Rejected
Grace Ross,56+,South Asian,2.6,89.3,Accepted
Jamie Figueroa,36-45,East Asian,17.5,94.5,Accepted
Peter Camacho,46-55,Middle Eastern,3.4,78.1,Rejected
Calvin Smith,18-25,Hispanic,13.5,84.2,Rejected
Amanda Martinez,26-35,Middle Eastern,1.7,68.1,Rejected
Elizabeth Green,36-45,Caucasian,7.6,86.6,Accepted
Nathan Bennett,46-55,Caucasian,7.3,72.3,Rejected
Shelly Carter,36-45,South Asian,5.1,80.7,Accepted
Matthew Nelson,18-25,Middle Eastern,7.1,97.8,Accepted
Tammy Maldonado,26-35,Middle Eastern,5.2,81.0,Rejected
Amanda Scott,26-35,Hispanic,15.4,95.6,Accepted
Michael Taylor,18-25,Caucasian,6.4,84.1,Accepted
Jeffrey Stokes,18-25,Hispanic,15.2,75.7,Rejected
Andrew Howard,18-25,East Asian,17.7,67.6,Rejected
Patrick Keller,26-35,Caucasian,2.2,85.6,Accepted
Pamela Gonzalez,36-45,South Asian,5.3,88.8,Accepted
Deborah Simmons,26-35,Caucasian,19.5,87.6,Accepted
Christine Myers,36-45,South Asian,6.9,74.7,Rejected
Ray Dennis,36-45,Caucasian,3.1,80.1,Accepted
Allen Wilson,46-55,Hispanic,18.2,72.8,Rejected
Jennifer Klein,36-45,Hispanic,10.9,65.4,Rejected
Susan Jones,56+,African American,12.5,74.9,Rejected
Tanya Hamilton,56+,Hispanic,12.3,74.6,Rejected
Karen Poole,36-45,Caucasian,13.6,84.7,Accepted
Joseph Mitchell,56+,South Asian,11.7,73.8,Rejected
Mark Mcclain,56+,East Asian,17.5,88.2,Accepted
Kristen Thomas,46-55,East Asian,3.1,77.2,Rejected
Marvin Reynolds,36-45,South Asian,11.2,85.6,Accepted
Jody Patton,36-45,Middle Eastern,9.4,82.0,Rejected
Courtney Garcia,36-45,South Asian,11.5,85.0,Accepted
Anita Campbell,56+,African American,3.4,89.7,Rejected
Bonnie Dawson,36-45,East Asian,11.1,69.0,Rejected
Emily Higgins,18-25,East Asian,15.2,92.4,Accepted
Holly Smith,36-45,African American,13.5,67.2,Rejected
James Murray,46-55,Middle Eastern,12.0,89.5,Rejected
Mark Wells,56+,Hispanic,8.0,68.6,Rejected
Roberto Bush,26-35,African American,14.3,71.5,Rejected
Dr. Jonathan Jacobs,36-45,Hispanic,3.6,94.5,Accepted
Jessica Tucker,26-35,Hispanic,1.5,89.9,Accepted
Hailey Frazier,18-25,Hispanic,15.9,84.8,Rejected
Ashlee Anthony,18-25,Middle Eastern,11.4,92.7,Accepted
Benjamin Moore,46-55,Caucasian,14.3,74.3,Rejected
Alvin Carter,46-55,Middle Eastern,1.5,81.3,Rejected
Cameron Brown,46-55,Caucasian,6.5,94.0,Accepted
Jeffery Reed,18-25,South Asian,8.5,78.0,Rejected
Christian Odonnell,26-35,East Asian,5.0,94.5,Accepted
Jessica Lyons,56+,Caucasian,5.6,78.0,Rejected
Thomas Adams,46-55,African American,10.3,76.3,Rejected
Jennifer Hughes,36-45,South Asian,6.8,89.0,Accepted
Elizabeth Gilmore,36-45,Middle Eastern,1.9,85.9,Rejected
Amy Robertson,56+,Caucasian,19.4,73.2,Rejected
Regina Mills,26-35,South Asian,6.3,90.9,Accepted
Nicholas Villarreal,46-55,Hispanic,4.2,87.2,Rejected
Robert Sampson,46-55,Caucasian,17.2,93.0,Accepted
Elizabeth Gates,46-55,Hispanic,13.7,95.5,Accepted
Thomas Ford,46-55,Middle Eastern,6.1,73.1,Rejected
Alex Perez,56+,Middle Eastern,14.5,77.5,Rejected
Michael Smith,56+,Caucasian,1.9,75.6,Rejected
Abigail Campos,36-45,Hispanic,16.7,72.0,Rejected
Kimberly Davis,18-25,African American,4.5,91.9,Accepted
Cole Estrada,26-35,East Asian,6.2,94.4,Accepted
Susan Owen,18-25,African American,1.6,95.7,Accepted
Philip Kelley,36-45,East Asian,8.1,81.8,Accepted
Jeffrey Petersen,18-25,South Asian,17.1,98.5,Accepted
Megan Hart,46-55,Hispanic,18.5,78.3,Rejected
Lori David,56+,African American,12.8,92.1,Accepted
Lindsay Calhoun,46-55,African American,5.0,85.5,Rejected
Douglas Petersen,56+,South Asian,3.7,97.6,Accepted
Marcia Phillips,46-55,African American,7.9,75.4,Rejected
Mary Newman,18-25,Hispanic,5.7,92.7,Accepted
Robert Gomez,46-55,African American,9.7,74.1,Rejected
Antonio Murphy,36-45,Hispanic,2.0,92.7,Accepted
Brandon Ruiz,18-25,Middle Eastern,13.6,96.3,Accepted
Erica Lin,56+,Hispanic,4.5,76.7,Rejected
Christopher Small,36-45,African American,15.6,92.9,Accepted
Shelly Shannon,36-45,East Asian,18.4,77.5,Rejected
Melinda Duncan,36-45,South Asian,14.7,92.0,Accepted
Sandra Diaz,18-25,South Asian,3.4,73.3,Rejected
Julie Hughes,36-45,Middle Eastern,18.8,87.6,Rejected
Stephen Stewart,46-55,Middle Eastern,5.5,85.4,Rejected
Dakota Ramirez,26-35,South Asian,10.9,65.9,Rejected
Tristan Hernandez,36-45,Middle Eastern,5.1,82.6,Rejected
Diana Richardson,56+,East Asian,6.0,82.4,Rejected
Darius Duke,26-35,Hispanic,4.1,76.2,Rejected
Ashley Wade,18-25,Hispanic,11.1,98.6,Accepted
Andrea Wilcox,46-55,African American,10.8,98.6,Accepted
Isaac Moyer,18-25,South Asian,4.1,87.8,Accepted
Ernest Nolan,46-55,Middle Eastern,8.7,68.8,Rejected
Amanda Sutton,56+,Middle Eastern,14.9,98.4,Accepted
Kimberly Mann,56+,Caucasian,2.7,73.3,Rejected
Kevin Brown,56+,Caucasian,3.6,69.6,Rejected
Cassandra Schneider,36-45,East Asian,16.0,78.9,Rejected
Justin Nelson,18-25,Middle Eastern,15.4,83.4,Rejected
Dalton Rodriguez,36-45,East Asian,19.2,85.1,Accepted
David Rodriguez,36-45,Hispanic,18.7,79.6,Rejected
Joshua Gomez,56+,South Asian,19.7,96.1,Accepted
Angela Bailey,46-55,Hispanic,3.9,90.3,Rejected
Brendan Butler,18-25,Caucasian,9.1,96.4,Accepted
Felicia Martin,18-25,South Asian,14.5,92.6,Accepted
Alexander Huffman,18-25,Middle Eastern,13.4,85.0,Rejected
Ashley Mcdonald,36-45,South Asian,7.2,91.5,Accepted
Victor Brown,26-35,Caucasian,12.4,92.6,Accepted
Zachary Medina,36-45,Middle Eastern,18.3,69.3,Rejected
Dawn Murray,26-35,African American,13.9,92.6,Accepted
Yvonne Brown,18-25,Hispanic,6.1,79.5,Rejected
Marie Hughes,18-25,Caucasian,17.1,72.7,Rejected
Tina Scott,56+,Hispanic,15.5,92.9,Accepted
Regina Ibarra,56+,African American,8.3,89.8,Rejected
Jeffrey Wilkerson,18-25,South Asian,17.2,76.7,Rejected
Michelle Mcintosh,18-25,East Asian,15.3,95.6,Accepted
Ryan Gregory,26-35,East Asian,3.9,86.0,Accepted
Steven Lopez,36-45,Middle Eastern,19.2,95.7,Accepted
Phillip Clark,46-55,Caucasian,1.8,89.4,Accepted
Kimberly Williams,46-55,East Asian,2.1,86.4,Accepted
Manuel Diaz,36-45,Caucasian,6.8,70.1,Rejected
Desiree Mitchell,36-45,South Asian,10.4,92.2,Accepted
Michael Carr,26-35,Middle Eastern,4.4,98.0,Accepted
Eileen Miller,36-45,African American,9.9,85.9,Rejected
Jose Johnson,18-25,African American,10.1,76.5,Rejected
Christopher Williams,56+,Middle Eastern,13.8,86.5,Rejected
Hector Bell,46-55,Caucasian,19.5,79.0,Rejected
Michael Day,26-35,African American,9.7,97.4,Accepted
Richard Mitchell,36-45,Caucasian,1.7,88.4,Accepted
Kristine Henry,36-45,Hispanic,11.5,84.4,Rejected
Nicole Greene,56+,African American,19.8,85.4,Rejected
Alicia Arnold,56+,African American,3.2,93.3,Accepted
Dakota Mercado,36-45,Hispanic,14.0,74.7,Rejected
Amy Sullivan,18-25,Hispanic,19.4,78.0,Rejected
Haley Aguirre,56+,East Asian,17.8,81.8,Rejected
Kristin Gordon,18-25,East Asian,15.8,76.0,Rejected
Sean Day,18-25,Middle Eastern,11.4,77.5,Rejected
Emily Diaz,26-35,African American,14.3,69.0,Rejected
Christopher Webb,36-45,Hispanic,12.8,79.7,Rejected
Christine York,26-35,Middle Eastern,6.9,74.1,Rejected
Courtney Bryant,26-35,Middle Eastern,17.5,90.5,Accepted
Chris Trevino,36-45,East Asian,11.9,76.5,Rejected
Barbara Garcia,26-35,South Asian,14.9,95.7,Accepted
Mathew Allen,56+,Caucasian,7.9,91.5,Accepted
Lisa Thomas,18-25,South Asian,1.0,65.8,Rejected
Dr. Rebecca Rose MD,26-35,East Asian,5.5,78.6,Rejected
Amanda Gomez,26-35,Hispanic,17.0,76.0,Rejected
Jennifer Robinson,18-25,East Asian,7.8,80.2,Accepted
Brandon Thompson,36-45,Middle Eastern,14.3,67.7,Rejected
John Hamilton,56+,South Asian,10.8,89.1,Accepted
Gabriel Griffin,46-55,Caucasian,15.0,76.5,Rejected
Mrs. Tonya Wilkinson,46-55,Caucasian,10.7,83.4,Accepted
Marcus Moore,36-45,East Asian,2.0,79.9,Rejected
Rachel Hartman,26-35,Caucasian,2.2,81.6,Accepted
Deborah Evans,46-55,East Asian,4.7,81.0,Rejected
Julie Gonzalez,46-55,Middle Eastern,18.4,74.6,Rejected
Crystal Garcia,26-35,South Asian,1.1,71.7,Rejected
Matthew Johnson,46-55,South Asian,10.7,90.2,Accepted
Daniel Roberts,26-35,Hispanic,18.7,78.1,Rejected
Louis Mercer,26-35,Middle Eastern,19.8,91.0,Accepted
Nicholas Dixon,36-45,African American,16.4,86.7,Rejected
Ashley Orozco,26-35,Hispanic,17.2,83.4,Rejected
Austin Mitchell,26-35,African American,17.8,81.9,Rejected
William Miles,18-25,East Asian,9.2,85.2,Accepted
Steve Johnson,18-25,Caucasian,13.6,67.7,Rejected
Victor Washington,36-45,South Asian,17.2,74.0,Rejected
Mark Fisher,46-55,African American,12.7,66.5,Rejected
Jeff Miller,18-25,African American,6.7,74.0,Rejected
Joann Nielsen,18-25,South Asian,16.8,74.2,Rejected
Robert Jensen,18-25,Middle Eastern,15.2,66.5,Rejected
Benjamin Johnson,26-35,African American,14.5,71.7,Rejected
Michelle Pham,36-45,Hispanic,9.7,76.0,Rejected
Kristine West,18-25,African American,3.0,95.8,Accepted
Alexandra Williams,18-25,Hispanic,6.9,84.8,Rejected
Dr. Dana Baldwin,18-25,Caucasian,10.7,92.1,Accepted
Lisa Owens,46-55,Caucasian,15.6,83.6,Accepted
Jennifer Nelson,18-25,Hispanic,11.3,97.6,Accepted
Alan White,46-55,Caucasian,14.5,90.8,Accepted
Mr. Joshua Griffin,36-45,Caucasian,5.6,76.2,Rejected
Elizabeth Adams,18-25,East Asian,14.8,81.8,Accepted
Jeremy King,26-35,East Asian,6.1,92.8,Accepted
Natasha Garcia,18-25,East Asian,14.0,90.5,Accepted
Christina Mata,26-35,Caucasian,5.7,66.4,Rejected
Kevin Dunn,26-35,African American,15.1,73.1,Rejected
Jacob Campbell,36-45,Caucasian,14.8,95.9,Accepted
Alicia Copeland,46-55,Hispanic,11.0,73.9,Rejected
Hannah Mckay,26-35,Hispanic,7.7,65.6,Rejected
Jonathan Smith,56+,South Asian,14.8,78.9,Rejected
Brenda Martin,26-35,Caucasian,2.0,96.1,Accepted
Tiffany Ramos,56+,African American,14.3,70.2,Rejected
Crystal King,36-45,African American,4.8,83.4,Rejected
Travis Tate,36-45,Middle Eastern,6.8,83.1,Rejected
Charles Copeland,46-55,Caucasian,8.5,97.3,Accepted
Michelle Lucas,26-35,South Asian,2.4,90.1,Accepted
Jane Martin,36-45,Hispanic,11.4,84.9,Rejected
Steven Gray,18-25,African American,16.8,68.2,Rejected
Leah Vincent,46-55,African American,9.5,96.3,Accepted
Sherry Thompson,56+,Middle Eastern,2.6,98.7,Accepted
Laurie Garcia,18-25,African American,18.6,77.3,Rejected
Clarence Gaines,46-55,South Asian,17.5,95.8,Accepted
Melinda Erickson,26-35,Caucasian,5.3,95.3,Accepted
Suzanne Coleman,36-45,Hispanic,16.0,69.8,Rejected
John Gregory,26-35,Caucasian,1.8,75.1,Rejected
Mark Mitchell,56+,Caucasian,11.7,70.3,Rejected
Christopher Herring,46-55,East Asian,11.5,65.3,Rejected
Michael Pratt,26-35,Caucasian,10.9,74.2,Rejected
Carrie Gross,36-45,South Asian,18.4,66.7,Rejected
Leslie Miller,46-55,Hispanic,15.9,98.4,Accepted
Jeremy Blanchard,56+,Hispanic,14.7,68.6,Rejected
Rachel Cobb,36-45,East Asian,19.8,96.9,Accepted
Joy Stokes,18-25,South Asian,11.9,68.0,Rejected
Crystal Martinez,46-55,African American,15.4,87.7,Rejected
Jessica Harmon,26-35,South Asian,12.8,81.0,Accepted
Michelle Anderson,26-35,African American,6.0,71.3,Rejected
Jocelyn Haynes,18-25,Middle Eastern,14.2,77.8,Rejected
Samuel Burns,56+,Middle Eastern,19.8,82.3,Rejected
Calvin Crawford,26-35,East Asian,7.7,81.7,Accepted
Eric Potter,56+,South Asian,18.5,97.6,Accepted
Brandon Turner,36-45,Middle Eastern,9.3,94.3,Accepted
Troy Cross,46-55,South Asian,5.0,80.6,Rejected
Susan Williams,18-25,South Asian,2.7,90.6,Accepted
Terri Hill,36-45,Hispanic,15.6,91.8,Accepted
Jake Nichols,46-55,African American,14.9,79.4,Rejected
Jocelyn Brown,36-45,Hispanic,2.4,85.8,Rejected
Heather Carson,18-25,Hispanic,13.7,67.3,Rejected
Sandra Davis,36-45,South Asian,6.4,70.1,Rejected
Dakota Campos,26-35,Caucasian,10.4,74.2,Rejected
Tamara Johnson,26-35,African American,1.1,66.0,Rejected
Lindsey Snow,18-25,South Asian,6.1,98.4,Accepted
Jared Smith,36-45,Caucasian,19.9,85.4,Accepted
Thomas Smith,18-25,Caucasian,17.0,94.3,Accepted
Robert Schroeder,26-35,South Asian,2.1,79.2,Rejected
Jermaine Herman,36-45,South Asian,6.8,85.8,Accepted
Jessica Russo,36-45,Hispanic,8.0,89.6,Accepted
Edwin Simon,18-25,South Asian,2.4,77.8,Rejected
Cheryl Bates,56+,Hispanic,10.8,79.8,Rejected
Christopher White,56+,Middle Eastern,7.1,83.5,Rejected
Jennifer Fuentes,36-45,East Asian,19.0,84.8,Accepted
James Shelton,56+,Middle Eastern,8.8,76.9,Rejected
Wendy Newton,36-45,Caucasian,12.1,91.9,Accepted
Sandra Brennan,26-35,South Asian,15.4,72.3,Rejected
Jose Pennington,46-55,East Asian,18.7,73.1,Rejected
Thomas Meyer,18-25,Hispanic,8.6,85.6,Rejected
Brandon Humphrey,36-45,Hispanic,10.8,89.0,Accepted
Holly Nguyen,46-55,Caucasian,17.4,68.4,Rejected
James Edwards,18-25,East Asian,5.3,83.0,Accepted
Danny Francis,56+,South Asian,1.6,71.8,Rejected
Tracy Knox,18-25,Hispanic,10.8,98.8,Accepted
Abigail Lopez,46-55,Middle Eastern,8.2,92.0,Accepted
Maria Simmons,26-35,Middle Eastern,3.8,96.4,Accepted
James Mcgee,26-35,Hispanic,17.9,65.0,Rejected
Marc Johnston,26-35,Hispanic,9.1,79.0,Rejected
Jordan Jenkins,56+,East Asian,13.6,89.0,Accepted
Taylor Douglas,36-45,South Asian,19.7,70.6,Rejected
Mary Molina,56+,East Asian,6.1,72.6,Rejected
Marilyn Rodriguez,36-45,Middle Eastern,5.1,91.6,Accepted
Michael Horn,26-35,East Asian,5.0,83.5,Accepted
Tyler Miller,26-35,Caucasian,2.7,86.5,Accepted
Erin Smith,26-35,Caucasian,7.0,76.2,Rejected
Connie Roy,18-25,East Asian,15.9,91.1,Accepted
Phillip Smith,56+,Middle Eastern,4.0,76.8,Rejected
Cynthia Flores,18-25,African American,13.4,76.1,Rejected
James Brown,46-55,East Asian,11.5,78.6,Rejected
Robert Nichols,26-35,Hispanic,7.7,81.8,Rejected
Carla Medina,26-35,Caucasian,15.6,97.9,Accepted
Alyssa Hernandez,46-55,South Asian,7.4,93.6,Accepted
Jeff Beck,36-45,East Asian,1.1,71.6,Rejected
Kelsey Matthews,46-55,Hispanic,15.2,90.7,Rejected
Matthew Smith,26-35,Hispanic,10.0,81.4,Rejected
Dale Burton,36-45,South Asian,1.8,67.1,Rejected
Lauren Hicks,56+,East Asian,7.6,68.3,Rejected
Nancy King,36-45,Hispanic,3.3,67.7,Rejected
Taylor Barton,36-45,South Asian,5.9,66.6,Rejected
Kristin Berg,56+,Caucasian,18.4,96.6,Accepted
Evelyn Solis,36-45,Caucasian,15.5,93.8,Accepted
Jeanette Howell,18-25,Middle Eastern,11.3,81.2,Rejected
Michelle Morgan,56+,East Asian,2.2,67.9,Rejected
Tina Gentry,46-55,Middle Eastern,7.5,96.6,Accepted
John Price,18-25,Middle Eastern,7.2,70.7,Rejected
Antonio Mason,26-35,East Asian,9.6,88.2,Accepted
Albert Martinez,36-45,East Asian,12.5,75.3,Rejected
Meagan Martinez,56+,Hispanic,14.3,72.1,Rejected
Kayla Henry,36-45,South Asian,9.3,85.5,Accepted
Eric Adkins,26-35,Caucasian,16.0,66.3,Rejected
Kristen White,26-35,Middle Eastern,10.9,85.8,Rejected
Edward Kline,18-25,Hispanic,9.3,67.9,Rejected
Sharon Carney PhD,36-45,East Asian,16.6,88.6,Accepted
Lindsay Pineda,46-55,African American,10.6,81.9,Rejected
Jim Andrews,36-45,Hispanic,10.6,85.3,Rejected
Amanda Hall,18-25,South Asian,7.7,76.2,Rejected
Jill Wilkins,18-25,Middle Eastern,10.2,95.0,Accepted
Courtney Duarte,56+,Caucasian,7.3,85.0,Accepted
Karen Peters,26-35,Middle Eastern,18.7,81.2,Rejected
Michael Prince,46-55,South Asian,7.1,83.1,Accepted
Melissa Welch,46-55,Middle Eastern,7.5,81.8,Rejected
Katherine Parks,26-35,Middle Eastern,13.8,96.1,Accepted
Kimberly Navarro,26-35,South Asian,5.1,71.6,Rejected
Wendy Jones,46-55,Caucasian,7.8,79.4,Rejected
Sharon Blair,36-45,Caucasian,17.9,94.3,Accepted
Shelly Marks,26-35,Caucasian,7.9,81.6,Accepted
Melissa Hansen,18-25,Middle Eastern,5.9,97.2,Accepted
Antonio Walker,56+,Caucasian,12.6,66.6,Rejected
Charles Hardy,46-55,Hispanic,15.6,69.9,Rejected
Carla Norton,36-45,Middle Eastern,3.2,66.8,Rejected
Brandon Cox,18-25,Caucasian,11.7,89.1,Accepted
Tyler Thomas,26-35,Middle Eastern,14.3,85.2,Rejected
Nathan Mendez,36-45,South Asian,9.8,94.4,Accepted
John Hurst,56+,Middle Eastern,14.9,76.4,Rejected
Stephanie Smith,56+,African American,16.0,94.1,Accepted
Julia Richards,36-45,Middle Eastern,17.6,96.1,Accepted
Susan Stewart,26-35,Middle Eastern,13.5,84.0,Rejected
Michael Rios,56+,East Asian,3.0,80.2,Rejected
Robert Taylor,26-35,South Asian,10.4,92.4,Accepted
Tricia Farmer,46-55,East Asian,14.5,96.3,Accepted
Joseph Garcia,36-45,Hispanic,11.2,68.5,Rejected
Paul Moore,46-55,Middle Eastern,4.1,65.5,Rejected
Corey Cole,36-45,Hispanic,3.0,74.6,Rejected
Michael Castaneda,46-55,Middle Eastern,7.1,72.3,Rejected
Daniel Schneider,56+,Hispanic,1.4,73.4,Rejected
Valerie Wood,18-25,Hispanic,18.9,84.4,Rejected
Stephanie Reynolds,56+,Caucasian,14.9,89.7,Accepted
Gabriel Lynch,36-45,East Asian,15.8,88.4,Accepted
Randall Barry,56+,Middle Eastern,14.8,73.0,Rejected
Tammie Gonzalez,36-45,Middle Eastern,12.5,67.0,Rejected
April Kelley,26-35,Middle Eastern,5.2,84.7,Rejected
Jessica Moody,46-55,Hispanic,4.5,80.3,Rejected
Adrienne Murphy,26-35,Caucasian,17.2,70.3,Rejected
Robert Soto,56+,Caucasian,7.7,84.2,Accepted
Joseph Welch,56+,South Asian,3.9,74.1,Rejected
Nicole Cook,36-45,Caucasian,13.9,89.3,Accepted
Christopher Rowe,56+,South Asian,8.9,67.2,Rejected
Melissa Buchanan,46-55,Caucasian,10.9,78.4,Rejected
Michele Flowers,18-25,Middle Eastern,17.3,67.4,Rejected
Sara Kelly,18-25,East Asian,8.1,84.4,Accepted
Ralph Lewis,36-45,Caucasian,18.8,79.1,Rejected
Michael Bonilla,56+,Middle Eastern,2.7,79.8,Rejected
Anthony Olson,26-35,South Asian,14.7,90.6,Accepted
Melissa Lowery,18-25,Hispanic,7.4,73.3,Rejected
Kyle Sosa,46-55,South Asian,16.2,93.3,Accepted
Nicole Green,18-25,African American,16.7,86.6,Rejected
James Huerta,46-55,Caucasian,5.6,73.5,Rejected
Mr. Kyle Hayes,56+,African American,9.1,92.1,Accepted
Jacob Meyer,36-45,Caucasian,16.7,68.5,Rejected
Hannah Vincent,56+,Caucasian,14.4,67.8,Rejected
Brianna Johnson,18-25,African American,18.8,92.1,Accepted
Jim Mitchell,26-35,East Asian,5.9,96.2,Accepted
Joseph Wilson,46-55,Hispanic,7.9,85.6,Rejected
Allison Bowman,26-35,East Asian,11.2,69.6,Rejected
Rebecca Johnson,18-25,South Asian,16.0,85.6,Accepted
Mark Matthews,46-55,South Asian,19.2,77.7,Rejected
Joy Brown,56+,South Asian,4.9,83.5,Accepted
Madeline Lee,18-25,Hispanic,6.1,86.3,Rejected
Adam Pierce,46-55,Caucasian,3.4,97.7,Accepted
Sarah Murray,18-25,Hispanic,14.2,68.4,Rejected
Jacob Adams,18-25,Middle Eastern,18.9,71.6,Rejected
John Maldonado,26-35,African American,4.8,82.6,Rejected
Joseph Logan,26-35,South Asian,14.2,78.6,Rejected
Dwayne Williams,18-25,Caucasian,19.4,96.1,Accepted
John Dougherty,56+,Caucasian,10.2,77.3,Rejected
Sheri Jackson,26-35,Hispanic,13.4,80.2,Rejected
Andrew Stevens,56+,African American,12.6,77.6,Rejected
Barry Potter,18-25,Hispanic,17.4,79.0,Rejected
Lisa Castro,36-45,South Asian,17.8,73.6,Rejected
Eric Williams,46-55,Hispanic,8.7,86.4,Rejected
Ana Gallagher,36-45,Hispanic,19.8,90.0,Accepted
Scott Palmer,36-45,East Asian,1.2,71.3,Rejected
Amy French,36-45,Caucasian,1.3,84.8,Accepted
Christopher Price,46-55,Hispanic,13.6,74.5,Rejected
Russell Moss,26-35,South Asian,14.8,96.1,Accepted
Malik Jimenez,18-25,Caucasian,11.8,82.0,Accepted
Debra Riley,18-25,East Asian,17.6,88.1,Accepted
Phillip Owens,18-25,Caucasian,9.5,69.3,Rejected
Matthew Paul,46-55,Hispanic,10.0,79.0,Rejected
Anthony Thomas,26-35,Caucasian,13.1,69.7,Rejected
Alyssa Velasquez,56+,Hispanic,18.1,92.8,Accepted
Terry Davis,56+,South Asian,2.6,84.3,Accepted
Kevin Garcia,46-55,East Asian,2.4,74.4,Rejected
Christopher Cabrera,56+,Hispanic,6.8,66.1,Rejected
Richard Hicks,26-35,Hispanic,11.2,69.5,Rejected
Scott Wood,26-35,African American,11.0,93.8,Accepted
Dana Meyer,56+,South Asian,18.6,69.5,Rejected
Crystal Reyes,26-35,Hispanic,11.8,98.1,Accepted
Caleb Johnson,46-55,Caucasian,12.8,97.6,Accepted
Carol Parker,46-55,South Asian,11.9,69.5,Rejected
Justin Stevenson,36-45,East Asian,18.2,68.9,Rejected
Lucas Andrews,46-55,South Asian,17.3,84.5,Accepted
Paul Adkins,36-45,East Asian,8.4,80.3,Accepted
Danny Berger,56+,African American,17.6,79.9,Rejected
Shaun Carroll,56+,Caucasian,11.7,89.9,Accepted
Samantha Miller,46-55,Hispanic,8.9,90.5,Rejected
Ian Hatfield,56+,South Asian,8.8,73.6,Rejected
Dr. Kimberly Pope DDS,36-45,Hispanic,18.3,66.1,Rejected
Theodore Walter,46-55,Hispanic,9.0,77.5,Rejected
Nancy Johnson,36-45,East Asian,16.8,66.4,Rejected
Amanda Page,56+,South Asian,4.1,97.7,Accepted
Kathryn Jackson,36-45,Middle Eastern,19.5,79.0,Rejected
Mason Frey,46-55,Caucasian,8.0,81.3,Rejected
Edward Johnson,26-35,Caucasian,9.6,67.2,Rejected
Jennifer Morton MD,26-35,African American,14.6,96.5,Accepted
Linda Rollins,46-55,East Asian,13.8,82.4,Rejected
Dennis Jefferson,18-25,Middle Eastern,13.0,87.1,Rejected
David Wilkerson,56+,Hispanic,14.3,97.2,Accepted
Jill Bautista,56+,Hispanic,7.5,71.9,Rejected
Derek Walter,56+,Caucasian,5.0,83.1,Accepted
Ana Nixon,56+,Caucasian,4.5,80.4,Rejected
Lauren Porter,26-35,Hispanic,11.3,85.5,Rejected
Amy Padilla,26-35,Caucasian,18.5,93.9,Accepted
Julie Robertson,18-25,South Asian,4.3,71.5,Rejected
Jack Barrett,56+,Caucasian,9.7,97.8,Accepted
Heather Phillips,56+,East Asian,3.1,69.4,Rejected
Stephanie Johnston,18-25,Hispanic,16.4,83.3,Rejected
Craig Baker,46-55,African American,6.6,80.3,Rejected
Tyler Willis,26-35,East Asian,12.5,70.9,Rejected
Jenna Kidd,56+,South Asian,8.4,72.0,Rejected
Eric Davis,36-45,Middle Eastern,3.1,75.0,Rejected
Regina Allen,46-55,East Asian,9.9,96.3,Accepted
Amanda Martin,18-25,Caucasian,14.3,69.6,Rejected
Heather Gonzales,46-55,East Asian,13.8,84.3,Accepted
Patricia Stephens,26-35,African American,10.0,88.2,Accepted
Molly Harper,56+,South Asian,2.2,94.7,Accepted
Desiree Day,26-35,East Asian,17.3,88.2,Accepted
Donald Trujillo,18-25,East Asian,19.5,91.9,Accepted
Kyle Suarez,18-25,Caucasian,17.1,76.8,Rejected
Jose Ramirez,26-35,East Asian,11.7,84.7,Accepted
Cheryl Evans,26-35,South Asian,5.5,70.4,Rejected
Joseph King,56+,Caucasian,13.9,77.3,Rejected
Clinton Baker,18-25,African American,11.8,75.7,Rejected
Kathy Wright,56+,South Asian,11.7,94.3,Accepted
Elizabeth Werner,18-25,Hispanic,6.5,73.2,Rejected
Jennifer Mccall,18-25,East Asian,3.3,85.1,Accepted
Deborah Torres,18-25,Middle Eastern,13.3,88.1,Accepted
Jonathan Wright,56+,East Asian,19.8,93.2,Accepted
Brian Turner,56+,South Asian,13.9,92.9,Accepted
Amanda Brown,36-45,South Asian,8.1,90.5,Accepted
Stephanie Carr,18-25,African American,2.6,90.6,Accepted
Wesley Taylor,56+,Middle Eastern,17.5,87.4,Rejected
Briana Adkins,36-45,East Asian,7.0,76.5,Rejected
Mrs. Tammy Cox,26-35,Caucasian,5.1,69.1,Rejected
Sarah Davidson,36-45,South Asian,14.8,86.2,Accepted
Dustin Carson,18-25,African American,6.4,66.8,Rejected
Richard Brown,46-55,South Asian,4.8,70.7,Rejected
Troy Reed,36-45,Hispanic,15.2,97.3,Accepted
Amy Roberts,26-35,African American,4.6,70.5,Rejected
Kenneth Morrison,36-45,Hispanic,14.4,95.1,Accepted
Nicholas Mckinney,36-45,Hispanic,3.2,98.7,Accepted
Monica Rice,36-45,East Asian,4.5,93.2,Accepted
Benjamin Kramer,46-55,East Asian,12.7,94.6,Accepted
Patrick Owens,36-45,Middle Eastern,17.7,76.4,Rejected
Darrell Key,36-45,Middle Eastern,7.1,78.1,Rejected
Brandon Gordon,46-55,Hispanic,16.5,86.3,Rejected
Taylor Stevenson,18-25,African American,19.5,76.1,Rejected
Amanda Cunningham,26-35,Hispanic,11.4,68.5,Rejected
Gabriella Castro,36-45,Caucasian,11.1,75.9,Rejected
Paul Black,46-55,Middle Eastern,16.8,65.2,Rejected
Justin Rodriguez DDS,56+,East Asian,16.4,85.9,Accepted
Teresa Cook,46-55,Caucasian,17.6,95.7,Accepted
Patricia Ewing,36-45,Middle Eastern,8.2,91.8,Accepted
Susan Frederick,26-35,Hispanic,12.8,73.2,Rejected
Oscar Contreras,26-35,Caucasian,17.6,73.6,Rejected
Brooke Stewart,56+,Hispanic,18.4,66.9,Rejected
Anthony Peters,26-35,East Asian,6.2,93.1,Accepted
Christian Freeman,46-55,Caucasian,13.0,65.2,Rejected
Mark Edwards,36-45,Caucasian,11.9,70.2,Rejected
Casey Shah,56+,Hispanic,5.2,75.7,Rejected
Jared Moss,18-25,East Asian,8.7,96.2,Accepted
Cody Williams,36-45,South Asian,7.8,92.2,Accepted
Kyle Foster,26-35,Caucasian,2.4,90.6,Accepted
Harold Sparks,46-55,East Asian,11.8,83.5,Accepted
Anne Burnett,26-35,South Asian,9.1,81.9,Accepted
Monica Lopez,56+,Middle Eastern,1.5,75.0,Rejected
Kevin Wright,36-45,Caucasian,1.5,70.0,Rejected
Valerie Rodriguez,26-35,African American,3.8,78.0,Rejected
Gregg Vasquez,26-35,East Asian,12.1,69.7,Rejected
Paula Harvey,18-25,African American,5.1,75.0,Rejected
Gail Travis,18-25,African American,13.8,72.6,Rejected
John Smith,26-35,Hispanic,13.2,83.8,Rejected
Robert Kramer,46-55,South Asian,18.8,84.8,Accepted
Michelle Salazar,46-55,African American,1.8,94.5,Accepted
Sandra Sanders,26-35,African American,12.3,94.7,Accepted
Frank Garcia,56+,Caucasian,14.8,82.3,Rejected
Lori Jones,46-55,Caucasian,1.7,92.4,Accepted
Timothy Davis,18-25,Caucasian,9.5,79.1,Rejected
Rebecca Miller,36-45,Caucasian,3.7,98.2,Accepted
Christopher Turner,26-35,Caucasian,2.8,90.2,Accepted
William Olson,26-35,East Asian,7.3,98.7,Accepted
Kelly Green,46-55,African American,18.8,83.2,Rejected
Jean Andrews,18-25,East Asian,4.6,65.7,Rejected
Katie Parks,56+,African American,15.6,79.7,Rejected
Marvin Kennedy,46-55,Middle Eastern,5.8,97.1,Accepted
Kristen Fleming,18-25,Middle Eastern,19.7,68.0,Rejected
Tyler Kennedy,56+,African American,13.6,94.0,Accepted
Abigail Bernard MD,36-45,South Asian,11.4,77.7,Rejected
Matthew Gibson,26-35,African American,15.4,72.2,Rejected
Troy Chan,36-45,East Asian,17.1,90.1,Accepted
Emily Lynch,18-25,Hispanic,14.0,81.2,Rejected
Jennifer Franco,46-55,African American,5.4,75.6,Rejected
Ashley Mccoy,36-45,African American,5.0,72.2,Rejected
Christopher Oconnor,36-45,Caucasian,19.6,91.0,Accepted
Amy Stewart,56+,Middle Eastern,3.6,95.7,Accepted
Melissa Hall,46-55,Caucasian,13.5,90.0,Accepted
Wendy Aguilar,56+,Middle Eastern,3.9,86.0,Rejected
Michael Goodman,36-45,Middle Eastern,16.2,78.7,Rejected
Mallory Lopez,46-55,Hispanic,12.6,76.5,Rejected
Eric Gross,36-45,Hispanic,10.6,97.6,Accepted
Angelica Vasquez,46-55,Caucasian,14.5,76.0,Rejected
Donna Jones,56+,East Asian,13.8,73.6,Rejected
Michael Campbell,26-35,East Asian,14.2,76.9,Rejected
Debra Rice,46-55,Middle Eastern,17.5,99.0,Accepted
Michael Zimmerman,46-55,Caucasian,14.0,67.8,Rejected
Tim Davis,56+,Caucasian,10.7,86.1,Accepted
Scott Mason,26-35,East Asian,2.2,98.6,Accepted
David Santana,36-45,Hispanic,8.1,69.8,Rejected
John Chan,36-45,South Asian,4.0,95.4,Accepted
Jason Moore,56+,Hispanic,10.9,66.7,Rejected
Jose Ortiz,26-35,Hispanic,15.0,83.7,Rejected
Kristina Hogan,18-25,East Asian,18.0,92.9,Accepted
Derrick Cooper,56+,African American,6.5,77.9,Rejected
Natasha Ramos,18-25,East Asian,19.6,94.3,Accepted
Elijah Holland,18-25,Hispanic,3.4,73.0,Rejected
Kelly Grant,36-45,Middle Eastern,15.1,83.6,Rejected
Richard Nichols,46-55,South Asian,6.9,75.5,Rejected
Rebecca Knox,26-35,South Asian,16.3,85.2,Accepted
Alyssa Murphy,36-45,African American,1.7,93.3,Accepted
Denise Roberson,56+,Middle Eastern,5.4,72.8,Rejected
Chelsea Davidson,56+,Middle Eastern,3.5,65.9,Rejected
Douglas Bullock,56+,Hispanic,13.8,98.5,Accepted
Richard Mcfarland,18-25,Caucasian,9.8,92.5,Accepted
Robert Chandler,46-55,Caucasian,4.6,83.9,Accepted
Tonya Burke,18-25,South Asian,2.6,88.5,Accepted
Paul Cowan,18-25,Caucasian,3.5,75.3,Rejected
Connie Brown,18-25,African American,17.7,86.4,Rejected
Monica Smith,26-35,Caucasian,12.5,65.7,Rejected
Faith Davis,18-25,African American,10.5,86.9,Rejected
Jean Holland,18-25,African American,2.0,80.5,Rejected
Hannah Pacheco,18-25,South Asian,6.1,73.8,Rejected
Mrs. Emma Webb MD,26-35,East Asian,3.3,85.5,Accepted
Mrs. Abigail Payne,26-35,African American,8.4,97.6,Accepted
Dr. Jenny Garcia,46-55,Hispanic,9.6,76.8,Rejected
Tammy Snyder,26-35,Hispanic,9.2,67.1,Rejected
Colin Howard,46-55,East Asian,20.0,79.7,Rejected
Kimberly Keller,26-35,Middle Eastern,7.4,97.1,Accepted
Jeremy Wilson,56+,Hispanic,2.8,93.3,Accepted
Shelly Williams,46-55,East Asian,19.4,71.7,Rejected
Sarah Chase,56+,African American,2.7,98.5,Accepted
Cole Christensen,26-35,Hispanic,15.1,65.8,Rejected
Brian Flores,26-35,Hispanic,18.6,67.9,Rejected
Chloe Lopez,36-45,Caucasian,11.1,67.6,Rejected
Sean Rios,46-55,African American,14.9,74.2,Rejected
Chad Lopez,56+,South Asian,6.2,81.5,Rejected
Timothy Watts,46-55,African American,3.8,74.7,Rejected
Theresa Johnson,18-25,Caucasian,16.6,65.3,Rejected
Angel Villa,46-55,East Asian,10.2,65.3,Rejected
Samantha Montes,26-35,Caucasian,7.7,78.1,Rejected
Brandon Mitchell,18-25,Middle Eastern,17.7,65.0,Rejected
Miss Amy Edwards,18-25,Caucasian,10.8,76.9,Rejected
Sean Moore,46-55,Hispanic,15.4,85.3,Rejected
Miss Carmen Watson,36-45,Middle Eastern,9.8,86.5,Rejected
Stephen Hamilton,26-35,Hispanic,11.8,83.9,Rejected
Craig Friedman,26-35,East Asian,16.3,93.8,Accepted
Paula Cooper,18-25,Middle Eastern,17.6,82.3,Rejected
Travis Eaton,18-25,African American,4.6,67.0,Rejected
Samuel Butler,18-25,South Asian,9.7,87.8,Accepted
Benjamin Short,36-45,Middle Eastern,6.1,95.6,Accepted
Cristian Richmond,36-45,Caucasian,18.4,72.1,Rejected
Mike Davis,18-25,East Asian,18.8,77.9,Rejected
Carlos Villegas,46-55,Hispanic,17.0,88.5,Rejected
Shawn Davis,36-45,Caucasian,7.2,71.1,Rejected
Olivia Harris,26-35,African American,19.7,81.4,Rejected
Rachel Ward,46-55,East Asian,13.5,86.5,Accepted
Michael Ramos,18-25,South Asian,14.1,69.4,Rejected
Briana White,46-55,South Asian,10.8,83.7,Accepted
Amanda Johnson,26-35,Hispanic,6.4,79.5,Rejected
Whitney Vaughan,36-45,African American,18.3,69.5,Rejected
James Rodriguez,26-35,Middle Eastern,5.4,89.5,Accepted
Julie Bryan,18-25,Hispanic,5.3,68.0,Rejected
Michael Davis,26-35,African American,12.4,96.1,Accepted
Jocelyn Wood,46-55,South Asian,13.2,84.7,Accepted
Alexa Nguyen,26-35,Caucasian,9.9,87.0,Accepted
James Gates,18-25,Hispanic,2.6,74.9,Rejected
Maria Garcia,56+,South Asian,16.7,91.0,Accepted
Brittany Booth,56+,Hispanic,17.1,84.4,Rejected
Jeremy Thomas,26-35,South Asian,6.0,81.0,Accepted
Heather Murphy,56+,African American,12.7,76.6,Rejected
Samantha Jimenez,26-35,African American,13.9,74.6,Rejected
Mike Camacho,36-45,East Asian,9.7,93.1,Accepted
Cynthia Hicks,26-35,Caucasian,19.3,82.0,Accepted
Sandra Mckinney,26-35,East Asian,10.6,82.9,Accepted
Nicole Farley,56+,East Asian,18.8,91.8,Accepted
Stephanie King,26-35,African American,4.3,83.8,Rejected
Kayla Rodriguez,56+,Middle Eastern,14.9,84.3,Rejected
Cynthia Henderson,56+,Middle Eastern,12.0,85.9,Rejected
Theodore Nguyen,46-55,Caucasian,7.2,66.5,Rejected
Larry Mcdonald,36-45,Caucasian,14.3,78.5,Rejected
Mr. Justin Simmons,56+,Middle Eastern,10.9,90.8,Rejected
Stephanie Guerrero,46-55,Caucasian,11.2,94.1,Accepted
David Harris,18-25,East Asian,11.6,86.0,Accepted
Troy Sullivan,46-55,Caucasian,10.8,79.7,Rejected
Kari Lane,56+,African American,16.4,91.4,Accepted
Tiffany Barnett,46-55,South Asian,8.1,69.3,Rejected
Carolyn Blevins,56+,African American,13.4,91.2,Accepted
Michael Miller,18-25,East Asian,17.3,68.0,Rejected
Jasmine Hampton,36-45,African American,2.2,96.7,Accepted
Megan Smith,56+,African American,7.7,84.8,Rejected
Jessica Hickman,18-25,African American,7.4,98.2,Accepted
Tiffany Ellison,18-25,South Asian,1.8,65.7,Rejected
Samantha Hamilton,36-45,South Asian,6.7,83.0,Accepted
Brittany Edwards,36-45,Middle Eastern,3.5,87.3,Rejected
Rebecca Mendoza,36-45,African American,3.0,96.5,Accepted
Jessica Nelson,18-25,South Asian,10.6,74.1,Rejected
Janice Jensen,26-35,African American,16.9,85.1,Rejected
Stephanie Todd,36-45,Middle Eastern,5.6,98.7,Accepted
Tricia Trevino,36-45,Hispanic,8.9,68.9,Rejected
Anthony Ruiz,46-55,Caucasian,12.0,77.2,Rejected
James Zuniga,26-35,South Asian,18.7,76.1,Rejected
Stephanie Hamilton,18-25,Middle Eastern,1.6,94.3,Accepted
Cynthia Pierce,46-55,South Asian,13.9,82.4,Rejected
Logan Hughes,26-35,Hispanic,17.7,85.5,Rejected
Nathan Mclean,56+,Middle Eastern,6.2,92.9,Accepted
Mark Burns,18-25,African American,7.6,92.8,Accepted
Ralph Moore,56+,East Asian,12.5,66.7,Rejected
Ms. Emily Pope,46-55,East Asian,16.3,96.5,Accepted
Teresa Taylor,36-45,South Asian,5.5,80.5,Accepted
Kristen Smith,26-35,African American,3.5,98.8,Accepted
Crystal Garcia,36-45,Middle Eastern,12.1,79.4,Rejected
Matthew Potts,46-55,African American,11.7,82.2,Rejected
Hannah Crawford,46-55,East Asian,5.2,92.3,Accepted
Holly Parrish,18-25,Caucasian,11.2,80.8,Accepted
Daniel Parrish,56+,Middle Eastern,8.2,86.1,Rejected
Michael Lyons,36-45,South Asian,3.9,81.9,Accepted
Matthew Summers,56+,East Asian,10.9,71.0,Rejected
Jeanette Johnson,26-35,Hispanic,3.4,85.8,Rejected
Jamie Gordon,26-35,Hispanic,8.0,77.0,Rejected
Jeffrey Dorsey,56+,East Asian,11.7,96.8,Accepted
Alexander Collier,26-35,Hispanic,6.3,84.2,Rejected
Kelli Wells,26-35,East Asian,11.8,79.0,Rejected
Daniel Salazar,36-45,Hispanic,10.0,91.8,Accepted
Latoya Hurley,26-35,Caucasian,14.3,80.4,Accepted
Amanda Hodge,26-35,South Asian,14.1,81.9,Accepted
Patrick Baker,46-55,Caucasian,13.0,69.1,Rejected
Walter Martin,36-45,Caucasian,3.4,83.4,Accepted
Margaret Choi,26-35,East Asian,3.1,87.8,Accepted
Michelle Stanton,46-55,African American,1.1,68.8,Rejected
Larry Moreno,36-45,Middle Eastern,13.1,69.1,Rejected
Victor Martin,26-35,African American,10.3,90.6,Accepted
Valerie Thomas,18-25,Middle Eastern,18.0,74.3,Rejected
Benjamin Thomas,36-45,Hispanic,10.6,83.0,Rejected
Rebecca Lane,26-35,Hispanic,9.0,81.8,Rejected
Laura Crawford,46-55,East Asian,3.1,97.1,Accepted
Robert Bender,46-55,East Asian,10.4,85.1,Accepted
Caitlin Tyler,56+,African American,6.0,70.3,Rejected
Janet Trujillo,36-45,Middle Eastern,1.6,66.4,Rejected
Jessica Carr,36-45,Caucasian,7.5,81.2,Accepted
Miranda Johnson,56+,Hispanic,4.6,82.5,Rejected
Kimberly Gomez,56+,Caucasian,10.7,66.2,Rejected
Taylor Reeves,18-25,African American,19.3,69.6,Rejected
Regina Smith,36-45,Hispanic,2.3,78.4,Rejected
Paul Atkins,18-25,Middle Eastern,11.9,67.5,Rejected
Juan Schultz,46-55,African American,4.6,75.4,Rejected
Jordan Green,36-45,Hispanic,12.0,71.4,Rejected
Stephanie Saunders,26-35,Hispanic,6.2,73.6,Rejected
James Yang,36-45,Middle Eastern,3.6,88.6,Accepted
Anthony Ramsey,36-45,Hispanic,3.6,83.5,Rejected
Jessica Miller,18-25,South Asian,13.5,82.1,Accepted
Brian Stewart,36-45,African American,1.6,67.8,Rejected
Monica Johns,18-25,Middle Eastern,17.2,94.3,Accepted
Angela Lowe,36-45,Middle Eastern,1.9,97.5,Accepted
Heather Allen,36-45,Hispanic,2.2,66.2,Rejected
Blake Nunez,36-45,African American,16.2,90.3,Accepted
Keith Lang,56+,Middle Eastern,10.8,68.1,Rejected
Tina Chavez,46-55,Middle Eastern,13.8,84.9,Rejected
Christopher Daniels,56+,Hispanic,11.3,70.1,Rejected
Holly Wood,56+,Caucasian,11.3,74.5,Rejected
Krista Kirby,36-45,African American,7.3,92.8,Accepted
Michelle Torres,56+,Middle Eastern,17.8,81.5,Rejected
Vincent Robertson,26-35,East Asian,16.4,83.4,Accepted
Jonathan Alvarez,46-55,Caucasian,16.0,97.6,Accepted
Isaac Burch,18-25,African American,17.5,65.2,Rejected
Mrs. Lindsey Robertson,36-45,East Asian,7.5,69.5,Rejected
Ms. Emily Thompson,46-55,Caucasian,5.7,96.9,Accepted
Bryan Flores,56+,South Asian,15.2,77.1,Rejected
Tiffany Phillips,18-25,African American,15.1,88.2,Accepted
Sara Webb,46-55,Middle Eastern,17.5,70.9,Rejected
Gregory Spears,18-25,African American,5.0,67.1,Rejected
Stacey Swanson,26-35,South Asian,14.0,85.8,Accepted
Cory Decker,46-55,Hispanic,16.4,67.1,Rejected
Robert Simmons,26-35,Middle Eastern,16.7,69.3,Rejected
Danielle Schneider,36-45,South Asian,11.1,72.7,Rejected
Rachel Turner,18-25,East Asian,6.7,97.8,Accepted
Emily Parrish,46-55,Hispanic,13.9,73.5,Rejected
Brittany Oliver,46-55,South Asian,9.1,92.8,Accepted
Renee Medina,46-55,South Asian,16.5,96.2,Accepted
William Martinez,46-55,African American,13.4,79.0,Rejected
Anthony Hughes,46-55,Caucasian,7.5,90.4,Accepted
Brett Hale,56+,South Asian,18.3,93.6,Accepted
Paul Casey,36-45,African American,19.0,88.6,Accepted
Brandon Doyle,18-25,East Asian,2.7,84.8,Accepted
Justin Williams,46-55,African American,13.5,84.0,Rejected
Susan Wilson,36-45,South Asian,10.3,67.6,Rejected
Kimberly Hall,46-55,African American,14.1,88.4,Rejected
Alyssa Lee,56+,Hispanic,10.4,83.2,Rejected
Kevin Brown,18-25,African American,8.5,81.4,Rejected
Gregory Hunt,56+,Middle Eastern,8.2,88.9,Rejected
Candace Smith,36-45,Caucasian,13.1,89.2,Accepted
Kimberly Patterson,18-25,Middle Eastern,10.2,93.3,Accepted
Amanda Sanders,46-55,African American,12.0,74.9,Rejected
Joseph Johnson,36-45,South Asian,19.6,76.6,Rejected
Julie Frost,18-25,African American,9.3,75.6,Rejected
Mark Salas,26-35,East Asian,8.3,79.5,Rejected
David Houston,56+,South Asian,8.7,79.8,Rejected
Marcus Cannon,36-45,South Asian,13.0,82.0,Accepted
Tiffany Perry,46-55,African American,13.8,91.6,Accepted
Donna Johnson,46-55,African American,12.1,69.6,Rejected
Rodney Castro,46-55,Hispanic,6.7,98.5,Accepted
Mr. Darrell Williams,26-35,East Asian,2.4,79.9,Rejected
Rebecca Lamb,56+,East Asian,14.3,68.1,Rejected
Lance Mitchell,26-35,African American,18.1,74.1,Rejected
Wendy Rice,36-45,Middle Eastern,4.6,73.2,Rejected
Brian Chan DDS,26-35,South Asian,19.6,78.3,Rejected
Michelle Martinez,36-45,Hispanic,5.9,82.2,Rejected
Adrienne Robinson,18-25,African American,18.1,89.2,Accepted
Mrs. Lisa Williams,26-35,South Asian,19.1,96.9,Accepted
Michelle Coleman,26-35,Caucasian,2.5,69.9,Rejected
Ashley Russell,46-55,East Asian,17.4,89.7,Accepted
Valerie Donaldson,36-45,Caucasian,4.2,93.3,Accepted
Tracy Lambert MD,56+,Hispanic,19.4,70.8,Rejected
Monica Solis,36-45,Hispanic,19.6,71.7,Rejected
David Smith,26-35,South Asian,5.2,94.0,Accepted
Colleen Fletcher,56+,Middle Eastern,19.5,86.4,Rejected
Eric Clark,26-35,African American,5.7,65.6,Rejected
Kristi Cox,46-55,South Asian,2.3,83.1,Accepted
Kevin Craig,26-35,African American,11.9,66.0,Rejected
Shannon Cortez,18-25,Hispanic,18.1,86.3,Rejected
Wendy Hayes,56+,Middle Eastern,16.2,68.9,Rejected
Carla Mitchell,18-25,Caucasian,6.6,97.3,Accepted
Denise Williams,36-45,African American,19.3,65.5,Rejected
Paul Holloway,26-35,South Asian,16.4,88.3,Accepted
Jamie Fisher,56+,Middle Eastern,10.4,89.1,Rejected
Lisa Francis,56+,East Asian,8.4,81.6,Rejected
Keith Ward,56+,Caucasian,12.9,77.4,Rejected
David Mullins,46-55,Caucasian,4.7,86.6,Accepted
Andrew Phillips,56+,Caucasian,17.5,97.3,Accepted
Angelica Ellis,36-45,African American,7.2,66.0,Rejected
Amanda Kramer,56+,Hispanic,12.2,65.9,Rejected
Steven Walker,36-45,East Asian,16.8,78.1,Rejected
Jeremy Patton,36-45,Middle Eastern,4.6,78.6,Rejected
Charles Whitaker,36-45,Middle Eastern,18.7,92.3,Accepted
Yvonne Mendez,26-35,Middle Eastern,11.6,78.6,Rejected
Christopher Little,18-25,South Asian,7.4,96.7,Accepted
Aaron Harrison,18-25,Middle Eastern,3.2,87.0,Rejected
Debra Whitney,36-45,South Asian,15.1,94.2,Accepted
Laura Stokes,36-45,African American,7.0,77.7,Rejected
Meagan Edwards,56+,African American,2.9,98.5,Accepted
James Rodriguez Jr.,56+,Middle Eastern,1.9,67.3,Rejected
Lauren Stone,18-25,South Asian,19.0,92.6,Accepted
Mary Small,26-35,East Asian,4.6,80.5,Accepted
Karen Bishop,18-25,Caucasian,12.6,97.8,Accepted
Sarah Obrien,36-45,Middle Eastern,14.0,95.9,Accepted
Lisa Frederick,56+,African American,4.7,82.7,Rejected
Daniel Holmes,18-25,Middle Eastern,13.4,90.2,Accepted
Roy Turner,36-45,Caucasian,10.9,86.4,Accepted
Rachel Norris,56+,Middle Eastern,18.9,96.9,Accepted
Ethan Williams,36-45,African American,11.1,72.6,Rejected
Emily Silva,56+,East Asian,18.1,87.0,Accepted
Arthur Meyer,36-45,Middle Eastern,4.5,65.5,Rejected
Megan Williams,26-35,African American,12.5,70.4,Rejected
Laura Hunt,56+,Caucasian,15.7,71.0,Rejected
Arthur Adams,56+,East Asian,10.4,74.9,Rejected
Kevin Moore,18-25,South Asian,4.3,94.3,Accepted
Deborah Bailey,18-25,East Asian,11.3,92.7,Accepted
